0042bcc0	string	\"\\r\\r\\r\\r\\r\\r\\r\"	FUN_0042bc50,
004a6d3c	string	\"xalloc *\"	
004a6d75	string	\"xalloc\"	
004a704e	string	\"string *\"	
004a7087	string	\"string\"	
004a9a7e	string	\"typeinfo *\"	
004a9a99	string	\"Bad_typeid\"	
004a9ab5	string	\"Bad_cast\"	
004a9af1	string	\"typeinfo\"	
004b2baf	string	\"string::lengtherror\"	
004b2c30	string	\"TStringRef *\"	
004b2c6d	string	\"TStringRef\"	
004b2cb1	string	\"TReference\"	
004b2daa	string	\"string::outofrange\"	
004b5000	string	\"Borland C++ - Copyright 1996 Borland Intl.\"	00400330,0040042c,
004b5384	string	\"Machiavelli\"	004b5074,
004b539c	string	\"%d/%d\\n%d/%d\\n%d/%d\\n%d/%d\\n%d/%d\\n%d/%d\\n%d/%d\\n%d/%d\\n\"	FUN_00404048,
004b53cd	string	\"%s: %s\"	FUN_00404048,
004b53d4	string	\"Wars: \"	FUN_00404048,
004b53e0	string	\"%d\\n%d\\n%d\\n\\n%d\\n%d\\n%d\\n%d\\n\"	FUN_00404048,
004b53f7	string	\"%d/%d\"	FUN_00404048,
004b6020	string	\"DEFENSE_MIN\"	004b5fd0,
004b602c	string	\"WAR_MIN\"	004b5fd4,
004b6034	string	\"GOVERNMENT_MIN\"	004b5fd8,
004b6043	string	\"ECONOMIC_MIN\"	004b5fdc,
004b6050	string	\"TECH_MIN\"	004b5fe0,
004b6059	string	\"LABOR_MIN\"	004b5fe4,
004b6063	string	\"NULL_JOB\"	004b5fe8,
004b606c	string	\"HEAD_JOB\"	004b5fec,
004b6075	string	\"CREATE_BLDG\"	004b5ff0,
004b6081	string	\"BUILD_BLDG\"	004b5ff4,
004b608c	string	\"FILL_TASKFORCE\"	004b5ff8,
004b609b	string	\"CREATE_UNIT\"	004b5ffc,
004b60a7	string	\"BUILD_UNIT\"	004b6000,
004b60b2	string	\"LEARN_TECH\"	004b6004,
004b60bd	string	\"GET_MATERIAL\"	004b6008,
004b60ca	string	\"MAINTAIN_MORALE\"	004b600c,
004b60da	string	\"GROW_POPULATION\"	004b6010,
004b60ea	string	\"HEAL_PLAGUE\"	004b6014,
004b60f6	string	\"STOCKPILE\"	004b6018,
004b6100	string	\"MAINTAIN_UNIT\"	004b601c,
004b610e	string	\"Job Type: %s\"	FUN_004057fc,
004b611b	string	\"    Minister: %s\"	FUN_004057fc,
004b612c	string	\"    Priority: %d\"	FUN_004057fc,
004b613d	string	\"Job Type: %s  Minister: %s  Priority: %d\"	FUN_00405d54,
004b6166	string	\"Building Type: %s\"	FUN_00405d54,FUN_00405d54,
004b6178	string	\"Territory: %s\"	FUN_00405d54,FUN_00405d54,FUN_00405d54,
004b6186	string	\"Territory: Best\"	FUN_00405d54,
004b6196	string	\"Reason: %s\"	FUN_00405d54,
004b61a1	string	\"Location: %s - %d\"	FUN_00405d54,
004b61b3	string	\"Taskforce Type: %s\"	FUN_00405d54,
004b61c6	string	\"Unit Type: %s\"	FUN_00405d54,FUN_00405d54,
004b61d4	string	\"Destination: %s\"	FUN_00405d54,
004b61e4	string	\"Technology: %s\"	FUN_00405d54,
004b61f3	string	\"Material: %s\"	FUN_00405d54,FUN_00405d54,
004b6200	string	\"Demand: %d\"	FUN_00405d54,
004b620b	string	\"Unit: %s\"	FUN_00405d54,
004b6214	string	\"Jobs for player #%d, the %s\"	FUN_00405d54,
004b63b4	string	\"Unreachable\"	004b62d4,
004b63c0	string	\"Far Land\"	004b62d8,
004b63c9	string	\"Near Sea\"	004b62dc,
004b63d2	string	\"Near Sea and Far Land\"	004b62e0,
004b63e8	string	\"Near Land\"	004b62e4,
004b63f2	string	\"Near Land and Far Land\"	004b62e8,
004b6409	string	\"Near Land and Near Sea\"	004b62ec,
004b6420	string	\"Near Land and Near Sea and Far Sea\"	004b62f0,
004b6c94	string	\"Couldn't remove army from task force in RemoveArmyFromTaskForce\"	RemoveArmyFromTaskForce,
004b6cd4	string	\"NO_TF_GOAL\"	004b6bd4,
004b6cdf	string	\"RESERVE\"	004b6bd8,
004b6ce7	string	\"LAND_EXPAND\"	004b6bdc,
004b6cf3	string	\"LAND_ATTACK\"	004b6be0,
004b6cff	string	\"LAND_HUNT\"	004b6be4,
004b6d09	string	\"LAND_DEFEND\"	004b6be8,
004b6d15	string	\"LAND_SPY\"	004b6bec,
004b6d1e	string	\"LAND_MINE\"	004b6bf0,
004b6d28	string	\"LAND_SHRINE\"	004b6bf4,
004b6d34	string	\"TRANSPORT_UNITS\"	004b6bf8,
004b6d44	string	\"SEA_EXPAND\"	004b6bfc,
004b6d4f	string	\"SEA_ATTACK\"	004b6c00,
004b6d5a	string	\"SEA_HUNT\"	004b6c04,
004b6d63	string	\"SEA_DEFEND\"	004b6c08,
004b6d6e	string	\"SEA_SPY\"	004b6c0c,
004b6d76	string	\"SEA_MINE\"	004b6c10,
004b6d7f	string	\"SEA_SHRINE\"	004b6c14,
004b6d8a	string	\"SEA_BESIEGE\"	004b6c18,
004b6d96	string	\"AIR_ATTACK\"	004b6c1c,
004b6da1	string	\"AMPHIB_ATTACK\"	004b6c20,
004b6daf	string	\"SPECIAL\"	004b6c24,
004b6db7	string	\"UC_NOCLASS\"	004b6c28,
004b6dc2	string	\"UC_TROOPER\"	004b6c2c,
004b6dcd	string	\"UC_ARTILLERY\"	004b6c30,
004b6dda	string	\"UC_BOMBER\"	004b6c34,
004b6de4	string	\"UC_TRANSPORT\"	004b6c38,
004b6df1	string	\"UC_BATTLESHIP\"	004b6c3c,
004b6dff	string	\"UC_GENERAL\"	004b6c40,
004b6e0a	string	\"UC_SPY\"	004b6c44,
004b6e11	string	\"UC_COLONIZER\"	004b6c48,
004b6e1e	string	\"UC_MISSILE\"	004b6c4c,
004b6e29	string	\"UC_FORT\"	004b6c50,
004b6e31	string	\"UC_MEDIC\"	004b6c54,
004b6e3a	string	\"UC_AAV\"	004b6c58,
004b6e41	string	\"UC_ACOM\"	004b6c5c,
004b6e49	string	\"UC_DEST\"	004b6c60,
004b6e51	string	\"UC_SUB\"	004b6c64,
004b6e58	string	\"UC_SEA_COLONIZER\"	004b6c68,
004b6e69	string	\"UC_AEGIS\"	004b6c6c,
004b6e72	string	\"UC_FSHIP\"	004b6c70,
004b6e7b	string	\"UC_SIEGE\"	004b6c74,
004b6e84	string	\"UC_MINE\"	004b6c78,
004b6e8c	string	\"NEED_SPACE\"	004b6c7c,
004b6e97	string	\"NEED_FOOD\"	004b6c80,
004b6ea1	string	\"NEED_WOOD\"	004b6c84,
004b6eab	string	\"NEED_IRON\"	004b6c88,
004b6eb5	string	\"NEED_ENERGY\"	004b6c8c,
004b6ec1	string	\"NEED_ENDURIUM\"	004b6c90,
004b6ed4	string	\"No Destination\"	FUN_0040c8c8,
004b6ee3	string	\"No Enemy\"	FUN_0040c8c8,
004b6eec	string	\"Parent: %s     %s\"	FUN_0040c8c8,
004b6efe	string	\"Strength: %d/%d\"	FUN_0040c8c8,
004b6f0e	string	\"    (%s) \"	FUN_0040c8c8,
004b6f18	string	\"     %s  %s  %s\"	FUN_0040c8c8,
004b6f28	string	\"     Dead Unit  \"	FUN_0040c8c8,
004b6f39	string	\"Task Forces for player #%d, the %s\"	FUN_0040c8c8,
004b6f92	string	\"ERROR: Premature EOF in input!\\n\"	FUN_00410c18,
004b6fcc	string	\"%s.HDX\"	HdxArchive_Open,
004b6fd3	string	\"%s.HDD\"	HdxArchive_Open,
004b6fec	string	\"tmp.sct\"	FUN_00412654,FUN_00412654,FUN_00412654,FUN_00412654,
004b7001	string	\"BEGIN\"	FUN_0041287c,FUN_0041287c,
004b701c	string	\"Specify Ter\"	FUN_00413428,
004b7078	string	\"%s%s %s\"	FUN_0041532c,
004b7664	string	\"%s, %s %d\"	FUN_00415924,
004b766e	string	\", and \"	FUN_00415924,FUN_00415924,FUN_00415924,
004b767c	string	\"%d %s\"	FUN_00415924,
004b76ce	string	\"%d %s\"	FUN_00417434,FUN_00417434,
004b76d4	string	\"gpArmy NULL in CheckArmy()\"	CheckArmy,
004b7703	string	\"pColorList NULL in SetItemStats()\"	SetItemStats,
004b7725	string	\"%d %s\"	SetItemStats,
004b772b	string	\"No pointer to SMenu in CheckBuildingList()\"	CheckBuildingList,
004b7850	string	\"DEFENSE_MIN\"	004b7830,
004b785c	string	\"WAR_MIN\"	004b7834,
004b7864	string	\"GOVERNMENT_MIN\"	004b7838,
004b7873	string	\"ECONOMIC_MIN\"	004b783c,
004b7880	string	\"TECH_MIN\"	004b7840,
004b7889	string	\"LABOR_MIN\"	004b7844,
004b789d	string	\"%s\\n%d / %d \\n%s\"	FUN_0041b71c,
004b78ac	string	\"%s\\n%d / %d \\n%d\"	FUN_0041b71c,FUN_0041b71c,FUN_0041b71c,FUN_0041b71c,
004b78bb	string	\"%s\\n%d / %d\"	FUN_0041b71c,
004b78c6	string	\"gpBuilding NULL in in_build.c - DrawGuyPool\"	FUN_0041ba74,
004b78f6	string	\"%d/%d %s\"	FUN_0041c418,
004b78ff	string	\"%2d %s\"	FUN_0041c418,
004b7906	string	\"NULL gpBuilding in CheckBuilding()\"	CheckBuilding,
004b794c	string	\"CYHMRTUOSchat\"	
004b7964	string	\"script\"	
004b796b	string	\"sound\"	
004b7a87	string	\"gpColonyAssistant NULL in DrawCAGuyPool()\"	DrawCAGuyPool,
004b7ab5	string	\"%d/%d %s\"	FUN_0041ffd4,
004b7abe	string	\"%s \\n %d / %d   %d\"	FUN_004202cc,FUN_004202cc,FUN_00420734,FUN_00420734,
004b7ad0	string	\"gpColonyAssistant NULL in CheckColonyAssistant()\"	CheckColonyAssistant,
004b7b18	string	\"CYHMRTUOSchat\"	
004b7b30	string	\"script\"	
004b7b37	string	\"sound\"	
004b7b86	string	\"NULL battle in CombatReport()\"	CombatReport,
004b7ba4	string	\"Event Log Ter\"	FUN_00421fc4,
004b7bb5	string	\"gpEventLog NULL in CheckEventLog()\"	CheckEventLog,
004b7bd8	string	\"%s  %d\"	FUN_00423104,
004b7bdf	string	\"Not enough memory to log event.\"	FUN_004234d4,
004b7c04	string	\"NULL gpExitSave in CheckExitSave()\"	CheckExitSave,
004b7c58	string	\"CYHMRTUOSchat\"	
004b7c70	string	\"script\"	
004b7c77	string	\"sound\"	
004b7cbc	string	\"CYHMRTUOSchat\"	
004b7cd4	string	\"script\"	
004b7cdb	string	\"sound\"	
004b7d15	string	\"NNOPENA\"	FUN_00425ac4,FUN_00425ac4,
004b7d74	string	\"SelectInit\"	SelectInit,
004b7d98	string	\"gpMessage NULL in UserMessageObject::CheckMessage()\"	UserMessageObject__CheckMessage,
004b7de5	string	\"pColorList NULL in CheckMoveStuff()\"	CheckMoveStuff,
004b9eec	string	\"CCSTARA\"	004b7e20,
004b9ef4	string	\"CCSTARB\"	004b7e24,
004b9efc	string	\"CCSTARC\"	004b7e28,
004b9f04	string	\"CCWARNA\"	004b7e2c,
004b9f0c	string	\"CCWARNB\"	004b7e30,
004b9f14	string	\"CCWARNC\"	004b7e34,
004b9f1c	string	\"CCWARND\"	004b7e38,
004b9f24	string	\"CCWARNE\"	004b7e3c,
004b9f2c	string	\"CCGRANA\"	004b7e40,
004b9f34	string	\"CCGRANB\"	004b7e44,
004b9f3c	string	\"CCGRANC\"	004b7e48,
004b9f44	string	\"CCGRAND\"	004b7e4c,
004b9f4c	string	\"CCGRANE\"	004b7e50,
004b9f54	string	\"CCBRANA\"	004b7e54,
004b9f5c	string	\"CCBRANB\"	004b7e58,
004b9f64	string	\"CCBRANC\"	004b7e5c,
004b9f6c	string	\"CCBRAND\"	004b7e60,
004b9f74	string	\"CCBRANE\"	004b7e64,
004b9f7c	string	\"CCGCONA\"	004b7e68,
004b9f84	string	\"CCGCONB\"	004b7e6c,
004b9f8c	string	\"CCGCONC\"	004b7e70,
004b9f94	string	\"CCGCOND\"	004b7e74,
004b9f9c	string	\"CCGCONE\"	004b7e78,
004b9fa4	string	\"CCBCONA\"	004b7e7c,
004b9fac	string	\"CCBCONB\"	004b7e80,
004b9fb4	string	\"CCBCONC\"	004b7e84,
004b9fbc	string	\"CCBCOND\"	004b7e88,
004b9fc4	string	\"CCBCONE\"	004b7e8c,
004b9fcc	string	\"CCEVNTA\"	004b7e90,
004b9fd4	string	\"CCEVNTB\"	004b7e94,
004b9fdc	string	\"CCEVNTC\"	004b7e98,
004b9fe4	string	\"CCEVNTD\"	004b7e9c,
004b9fec	string	\"CCEVNTE\"	004b7ea0,
004b9ff4	string	\"CCXENOA\"	004b7ea4,
004b9ffc	string	\"CCXENOB\"	004b7ea8,
004ba004	string	\"CCXENOC\"	004b7eac,
004ba00c	string	\"CCXENOD\"	004b7eb0,
004ba014	string	\"CCEXITA\"	004b7eb4,
004ba01c	string	\"CCEXITB\"	004b7eb8,
004ba024	string	\"CCEXITC\"	004b7ebc,
004ba02c	string	\"CCEXITD\"	004b7ec0,
004ba034	string	\"CCEXITE\"	004b7ec4,
004ba03c	string	\"CCEXITF\"	004b7ec8,
004ba044	string	\"CCEXITG\"	004b7ecc,
004ba04c	string	\"CCEXITH\"	004b7ed0,
004ba054	string	\"CCEXITI\"	004b7ed4,
004ba05c	string	\"CCEXITJ\"	004b7ed8,
004ba064	string	\"CCEXITK\"	004b7edc,
004ba06c	string	\"CCEXITL\"	004b7ee0,
004ba074	string	\"CCCURRA\"	004b7ee4,
004ba07c	string	\"CCCURRC\"	004b7ee8,
004ba084	string	\"CCCURRB\"	004b7eec,
004ba08c	string	\"CCCURRD\"	004b7ef0,
004ba094	string	\"CCCURRE\"	004b7ef4,
004ba09c	string	\"CCCURRF\"	004b7ef8,
004ba0a4	string	\"CCCURRG\"	004b7efc,
004ba0ac	string	\"CCCURRH\"	004b7f00,
004ba0b4	string	\"CCCURRI\"	004b7f04,
004ba0bc	string	\"CCTECHA\"	004b7f08,
004ba0c4	string	\"CCTECHB\"	004b7f0c,
004ba0cc	string	\"CCTECHC\"	004b7f10,
004ba0d4	string	\"CCTECHD\"	004b7f14,
004ba0dc	string	\"CCTECHE\"	004b7f18,
004ba0e4	string	\"CCTECHF\"	004b7f1c,
004ba0ec	string	\"CCTECHG\"	004b7f20,
004ba0f4	string	\"CCTECHH\"	004b7f24,
004ba0fc	string	\"CCTECHI\"	004b7f28,
004ba104	string	\"CCALLYA\"	004b7f2c,
004ba10c	string	\"CCALLYB\"	004b7f30,
004ba114	string	\"CCALLYC\"	004b7f34,
004ba11c	string	\"CCALLYD\"	004b7f38,
004ba124	string	\"CCALLYE\"	004b7f3c,
004ba12c	string	\"CCALLYF\"	004b7f40,
004ba134	string	\"CCALLYG\"	004b7f44,
004ba13c	string	\"CCALLYH\"	004b7f48,
004ba144	string	\"CCALLYI\"	004b7f4c,
004ba14c	string	\"CCALLYJ\"	004b7f50,
004ba154	string	\"CCALLYK\"	004b7f54,
004ba15c	string	\"CCALLYL\"	004b7f58,
004ba164	string	\"CCALLYM\"	004b7f5c,
004ba16c	string	\"CCALLYN\"	004b7f60,
004ba174	string	\"CCPOLTA\"	004b7f64,
004ba17c	string	\"CCPOLTB\"	004b7f68,
004ba184	string	\"CCPOLTC\"	004b7f6c,
004ba18c	string	\"CCPOLTD\"	004b7f70,
004ba194	string	\"CCPOLTE\"	004b7f74,
004ba19c	string	\"CCHRSHA\"	004b7f78,
004ba1a4	string	\"CCHRSHB\"	004b7f7c,
004ba1ac	string	\"CCHRSHC\"	004b7f80,
004ba1b4	string	\"CCHRSHD\"	004b7f84,
004ba1bc	string	\"CCHRSHE\"	004b7f88,
004ba1c4	string	\"CCACPTA\"	004b7f8c,
004ba1cc	string	\"CCACPTB\"	004b7f90,
004ba1d4	string	\"CCACPTC\"	004b7f94,
004ba1dc	string	\"CCACPTD\"	004b7f98,
004ba1e4	string	\"CCACPTE\"	004b7f9c,
004ba1ec	string	\"CCBREKA\"	004b7fa0,
004ba1f4	string	\"CCBREKB\"	004b7fa4,
004ba1fc	string	\"CCBREKC\"	004b7fa8,
004ba204	string	\"CCBREKD\"	004b7fac,
004ba20c	string	\"CCBREKE\"	004b7fb0,
004ba214	string	\"CCQUITA\"	004b7fb4,
004ba21c	string	\"CCQUITB\"	004b7fb8,
004ba224	string	\"CCQUITC\"	004b7fbc,
004ba22c	string	\"CCQUITD\"	004b7fc0,
004ba234	string	\"CCQUITE\"	004b7fc4,
004ba23c	string	\"CCDAMAA\"	004b7fc8,
004ba244	string	\"CCDAMAB\"	004b7fcc,
004ba24c	string	\"CCDAMAC\"	004b7fd0,
004ba254	string	\"CCDCDEA\"	004b7fd4,
004ba25c	string	\"CCDCDEB\"	004b7fd8,
004ba264	string	\"CCDCDEC\"	004b7fdc,
004ba26c	string	\"CCWAITA\"	004b7fe0,
004ba274	string	\"CCRSLTA\"	004b7fe4,
004ba27c	string	\"CCRSLTB\"	004b7fe8,
004ba284	string	\"CCELIMD\"	004b7ff0,
004ba28c	string	\"CCELIMC\"	004b7ff4,
004ba294	string	\"CCELIMA\"	004b7ff8,
004ba29c	string	\"CCELIMB\"	004b7ffc,
004ba2a4	string	\"CCELIMF\"	004b8000,
004ba2ac	string	\"CCELIME\"	004b8004,
004ba2b4	string	\"CCDFTWA\"	004b8008,
004ba2bc	string	\"CCDFTCA\"	004b800c,
004ba2c4	string	\"CCDFTSA\"	004b8010,
004ba2cc	string	\"CCVICA\"	004b8014,
004ba2d3	string	\"CCVICB\"	004b8018,
004ba2da	string	\"CCCPGNA\"	004b801c,
004ba2e2	string	\"CCCPGNB\"	004b8020,
004ba2ea	string	\"CCCPGNC\"	004b8024,
004ba2f2	string	\"CCCPGND\"	004b8028,
004ba2fa	string	\"CCCPGNE\"	004b802c,
004ba302	string	\"CCCPGNF\"	004b8030,
004ba30a	string	\"CCINSTA\"	004b8034,
004ba312	string	\"CCINSTB\"	004b8038,
004ba31a	string	\"CCINSTC\"	004b803c,
004ba322	string	\"CCINSTD\"	004b8040,
004ba32a	string	\"CCINSTE\"	004b8044,
004ba332	string	\"CCINSTF\"	004b8048,
004ba33a	string	\"CCINSTG\"	004b804c,
004ba342	string	\"CCINSTH\"	004b8050,
004ba34a	string	\"CCINSTI\"	004b8054,
004ba352	string	\"CCINSTJ\"	004b8058,
004ba35a	string	\"CCINSTK\"	004b805c,
004ba362	string	\"CCINSTL\"	004b8060,
004ba36a	string	\"CCINSTM\"	004b8064,
004ba372	string	\"CCINSTN\"	004b8068,
004ba37a	string	\"CCINSTO\"	004b806c,
004ba382	string	\"CCINSTP\"	004b8070,
004ba38a	string	\"CCINSTQ\"	004b8074,
004ba392	string	\"CCINSTR\"	004b8078,
004ba39a	string	\"CCINSTS\"	004b807c,
004ba3a2	string	\"CCINSTT\"	004b8080,
004ba3aa	string	\"CCINSTU\"	004b8084,
004ba3b2	string	\"CCINSTV\"	004b8088,
004ba3ba	string	\"CCINSTW\"	004b808c,
004ba3c2	string	\"CCINSTX\"	004b8090,
004ba3ca	string	\"CCINSTY\"	004b8094,
004ba3d2	string	\"CCINSTZ\"	004b8098,
004ba3da	string	\"CCTHRTA\"	004b809c,
004ba3e2	string	\"CCTHRTB\"	004b80a0,
004ba3ea	string	\"CCTHRTC\"	004b80a4,
004ba3f2	string	\"CCTHRTD\"	004b80a8,
004ba3fa	string	\"CCTHRTE\"	004b80ac,
004ba402	string	\"CCTHRTF\"	004b80b0,
004ba40a	string	\"CCTHRTH\"	004b80b4,
004ba412	string	\"CCTHRTI\"	004b80b8,
004ba41a	string	\"CCTHRTJ\"	004b80bc,
004ba422	string	\"CCTHRTK\"	004b80c0,
004ba42a	string	\"CCTHRTL\"	004b80c4,
004ba432	string	\"CCTHRTM\"	004b80c8,
004ba43a	string	\"CCTHRTN\"	004b80cc,
004ba442	string	\"CCTHRTQ\"	004b80d0,
004ba44a	string	\"CCTHRTR\"	004b80d4,
004ba452	string	\"CCTHRTS\"	004b80d8,
004ba45a	string	\"CCTHRTT\"	004b80dc,
004ba462	string	\"CCTHRTU\"	004b80e0,
004ba46a	string	\"CCTHRTV\"	004b80e4,
004ba472	string	\"CCTHRTW\"	004b80e8,
004ba47a	string	\"CCTHRTX\"	004b80ec,
004ba482	string	\"CCTHRTY\"	004b80f0,
004ba48a	string	\"CCTHRTZ \"	004b80f4,
004ba493	string	\"CCTHRTAA\"	004b80f8,
004ba49c	string	\"CCBRAGA\"	004b80fc,
004ba4a4	string	\"CCBRAGB\"	004b8100,
004ba4ac	string	\"CCBRAGC\"	004b8104,
004ba4b4	string	\"CCBRAGD\"	004b8108,
004ba4bc	string	\"CCBRAGE\"	004b810c,
004ba4c4	string	\"CCBRAGF\"	004b8110,
004ba4cc	string	\"CCBRAGG\"	004b8114,
004ba4d4	string	\"CCBRAGH\"	004b8118,
004ba4dc	string	\"CCBRAGI\"	004b811c,
004ba4e4	string	\"CCBRAGJ\"	004b8120,
004ba4ec	string	\"CCBRAGK\"	004b8124,
004ba4f4	string	\"CCBRAGL\"	004b8128,
004ba4fc	string	\"CCBRAGM\"	004b812c,
004ba504	string	\"CCBRAGN\"	004b8130,
004ba50c	string	\"CCBRAGO\"	004b8134,
004ba514	string	\"CCBRAGP\"	004b8138,
004ba51c	string	\"CCBRAGQ\"	004b813c,
004ba524	string	\"CCBRAGR\"	004b8140,
004ba52c	string	\"CCBRAGS\"	004b8144,
004ba534	string	\"CCBRAGT\"	004b8148,
004ba53c	string	\"CCBRAGU\"	004b814c,
004ba544	string	\"CCBRAGV\"	004b8150,
004ba54c	string	\"CCBRAGW\"	004b8154,
004ba554	string	\"CCBRAGX\"	004b8158,
004ba55c	string	\"CCBRAGY\"	004b815c,
004ba564	string	\"CCBRAGZ\"	004b8160,
004ba56c	string	\"CCBRAGAA\"	004b8164,
004ba575	string	\"CCCMPTA\"	004b8168,
004ba57d	string	\"CCCMPTB\"	004b816c,
004ba585	string	\"CCCMPTC\"	004b8170,
004ba58d	string	\"CCCMPTD\"	004b8174,
004ba595	string	\"CCCMPTE\"	004b8178,
004ba59d	string	\"CCCMPTF\"	004b817c,
004ba5a5	string	\"CCCMPTJ\"	004b8180,
004ba5ad	string	\"CCCMPTK\"	004b8184,
004ba5b5	string	\"CCCMPTL\"	004b8188,
004ba5bd	string	\"CCCMPTM\"	004b818c,
004ba5c5	string	\"CCCMPTN\"	004b8190,
004ba5cd	string	\"CCCMPTO\"	004b8194,
004ba5d5	string	\"CCCMPTP\"	004b8198,
004ba5dd	string	\"CCCMPTQ\"	004b819c,
004ba5e5	string	\"CCCMPTR\"	004b81a0,
004ba5ed	string	\"CCCMPTS\"	004b81a4,
004ba5f5	string	\"CCCMPTT\"	004b81a8,
004ba5fd	string	\"CCCMPTU\"	004b81ac,
004ba605	string	\"CCCMPTV\"	004b81b0,
004ba60d	string	\"CCCMPTW\"	004b81b4,
004ba615	string	\"CCCMPTX\"	004b81b8,
004ba61d	string	\"CCCMPTY\"	004b81bc,
004ba625	string	\"CCCMPTZ\"	004b81c0,
004ba62d	string	\"CCPRSEA\"	004b81c4,
004ba635	string	\"CCPRSEB\"	004b81c8,
004ba63d	string	\"CCPRSEC\"	004b81cc,
004ba645	string	\"CCPRSED\"	004b81d0,
004ba64d	string	\"CCPRSEE\"	004b81d4,
004ba655	string	\"CCPRSEF\"	004b81d8,
004ba65d	string	\"CCPRSEG\"	004b81dc,
004ba665	string	\"CCPRSEH\"	004b81e0,
004ba66d	string	\"CCPRSEI\"	004b81e4,
004ba675	string	\"CCPRSEJ\"	004b81e8,
004ba67d	string	\"CCPRSEK\"	004b81ec,
004ba685	string	\"CCPRSEL\"	004b81f0,
004ba68d	string	\"CCPRSEM\"	004b81f4,
004ba695	string	\"CCPRSEN\"	004b81f8,
004ba69d	string	\"CCPRSEO\"	004b81fc,
004ba6a5	string	\"CCPRSEP\"	004b8200,
004ba6ad	string	\"CCPRSEQ\"	004b8204,
004ba6b5	string	\"CCPRSER\"	004b8208,
004ba6bd	string	\"CCPRSES\"	004b820c,
004ba6c5	string	\"CCPRSET\"	004b8210,
004ba6cd	string	\"CCCUSTA\"	004b8214,
004ba6d5	string	\"CCCUSTB\"	004b8218,
004ba6dd	string	\"CCCUSTC\"	004b821c,
004ba6e5	string	\"CCCUSTD\"	004b8220,
004ba6ed	string	\"CCCUSTE\"	004b8224,
004ba6f5	string	\"CCCUSTF\"	004b8228,
004ba6fd	string	\"YYSTARA\"	004b822c,
004ba705	string	\"YYSTARB\"	004b8230,
004ba70d	string	\"YYSTARC\"	004b8234,
004ba715	string	\"YYWARNA\"	004b8238,
004ba71d	string	\"YYWARNB\"	004b823c,
004ba725	string	\"YYWARNC\"	004b8240,
004ba72d	string	\"YYWARND\"	004b8244,
004ba735	string	\"YYWARNE\"	004b8248,
004ba73d	string	\"YYGRANA\"	004b824c,
004ba745	string	\"YYGRANB\"	004b8250,
004ba74d	string	\"YYGRANC\"	004b8254,
004ba755	string	\"YYGRAND\"	004b8258,
004ba75d	string	\"YYGRANE\"	004b825c,
004ba765	string	\"YYBRANA\"	004b8260,
004ba76d	string	\"YYBRANB\"	004b8264,
004ba775	string	\"YYBRANC\"	004b8268,
004ba77d	string	\"YYBRAND\"	004b826c,
004ba785	string	\"YYBRANE\"	004b8270,
004ba78d	string	\"YYGCONA\"	004b8274,
004ba795	string	\"YYGCONB\"	004b8278,
004ba79d	string	\"YYGCONC\"	004b827c,
004ba7a5	string	\"YYGCOND\"	004b8280,
004ba7ad	string	\"YYGCONE\"	004b8284,
004ba7b5	string	\"YYBCONA\"	004b8288,
004ba7bd	string	\"YYBCONB\"	004b828c,
004ba7c5	string	\"YYBCONC\"	004b8290,
004ba7cd	string	\"YYBCOND\"	004b8294,
004ba7d5	string	\"YYBCONE\"	004b8298,
004ba7dd	string	\"YYEVNTA\"	004b829c,
004ba7e5	string	\"YYEVNTB\"	004b82a0,
004ba7ed	string	\"YYEVNTC\"	004b82a4,
004ba7f5	string	\"YYEVNTD\"	004b82a8,
004ba7fd	string	\"YYEVNTE\"	004b82ac,
004ba805	string	\"YYXENOA\"	004b82b0,
004ba80d	string	\"YYXENOB\"	004b82b4,
004ba815	string	\"YYXENOC\"	004b82b8,
004ba81d	string	\"YYXENOD\"	004b82bc,
004ba825	string	\"YYEXITA\"	004b82c0,
004ba82d	string	\"YYEXITB\"	004b82c4,
004ba835	string	\"YYEXITC\"	004b82c8,
004ba83d	string	\"YYEXITD\"	004b82cc,
004ba845	string	\"YYEXITE\"	004b82d0,
004ba84d	string	\"YYEXITF\"	004b82d4,
004ba855	string	\"YYEXITG\"	004b82d8,
004ba85d	string	\"YYEXITH\"	004b82dc,
004ba865	string	\"YYEXITI\"	004b82e0,
004ba86d	string	\"YYEXITJ\"	004b82e4,
004ba875	string	\"YYEXITK\"	004b82e8,
004ba87d	string	\"YYEXITL\"	004b82ec,
004ba885	string	\"YYCURRA\"	004b82f0,
004ba88d	string	\"YYCURRC\"	004b82f4,
004ba895	string	\"YYCURRB\"	004b82f8,
004ba89d	string	\"YYCURRD\"	004b82fc,
004ba8a5	string	\"YYCURRE\"	004b8300,
004ba8ad	string	\"YYCURRF\"	004b8304,
004ba8b5	string	\"YYCURRG\"	004b8308,
004ba8bd	string	\"YYCURRH\"	004b830c,
004ba8c5	string	\"YYCURRI\"	004b8310,
004ba8cd	string	\"YYTECHA\"	004b8314,
004ba8d5	string	\"YYTECHB\"	004b8318,
004ba8dd	string	\"YYTECHC\"	004b831c,
004ba8e5	string	\"YYTECHD\"	004b8320,
004ba8ed	string	\"YYTECHE\"	004b8324,
004ba8f5	string	\"YYTECHF\"	004b8328,
004ba8fd	string	\"YYTECHG\"	004b832c,
004ba905	string	\"YYTECHH\"	004b8330,
004ba90d	string	\"YYTECHI\"	004b8334,
004ba915	string	\"YYALLYA\"	004b8338,
004ba91d	string	\"YYALLYB\"	004b833c,
004ba925	string	\"YYALLYC\"	004b8340,
004ba92d	string	\"YYALLYD\"	004b8344,
004ba935	string	\"YYALLYE\"	004b8348,
004ba93d	string	\"YYALLYF\"	004b834c,
004ba945	string	\"YYALLYG\"	004b8350,
004ba94d	string	\"YYALLYH\"	004b8354,
004ba955	string	\"YYALLYI\"	004b8358,
004ba95d	string	\"YYALLYJ\"	004b835c,
004ba965	string	\"YYALLYK\"	004b8360,
004ba96d	string	\"YYALLYL\"	004b8364,
004ba975	string	\"YYALLYM\"	004b8368,
004ba97d	string	\"YYALLYN\"	004b836c,
004ba985	string	\"YYALLYO\"	004b8370,
004ba98d	string	\"YYPOLTA\"	004b8374,
004ba995	string	\"YYPOLTB\"	004b8378,
004ba99d	string	\"YYPOLTC\"	004b837c,
004ba9a5	string	\"YYPOLTD\"	004b8380,
004ba9ad	string	\"YYPOLTE\"	004b8384,
004ba9b5	string	\"YYHRSHA\"	004b8388,
004ba9bd	string	\"YYHRSHB\"	004b838c,
004ba9c5	string	\"YYHRSHC\"	004b8390,
004ba9cd	string	\"YYHRSHD\"	004b8394,
004ba9d5	string	\"YYHRSHE\"	004b8398,
004ba9dd	string	\"YYACPTA\"	004b839c,
004ba9e5	string	\"YYACPTB\"	004b83a0,
004ba9ed	string	\"YYACPTC\"	004b83a4,
004ba9f5	string	\"YYACPTD\"	004b83a8,
004ba9fd	string	\"YYACPTE\"	004b83ac,
004baa05	string	\"YYBREKA\"	004b83b0,
004baa0d	string	\"YYBREKB\"	004b83b4,
004baa15	string	\"YYBREKC\"	004b83b8,
004baa1d	string	\"YYBREKD\"	004b83bc,
004baa25	string	\"YYBREKE\"	004b83c0,
004baa2d	string	\"YYQUITA\"	004b83c4,
004baa35	string	\"YYQUITB\"	004b83c8,
004baa3d	string	\"YYQUITC\"	004b83cc,
004baa45	string	\"YYQUITD\"	004b83d0,
004baa4d	string	\"YYQUITE\"	004b83d4,
004baa55	string	\"YYDAMAA\"	004b83d8,
004baa5d	string	\"YYDAMAB\"	004b83dc,
004baa65	string	\"YYDAMAC\"	004b83e0,
004baa6d	string	\"YYDCDEA\"	004b83e4,
004baa75	string	\"YYDCDEB\"	004b83e8,
004baa7d	string	\"YYDCDEC\"	004b83ec,
004baa85	string	\"YYWAITA\"	004b83f0,
004baa8d	string	\"YYRSLTA\"	004b83f4,
004baa95	string	\"YYRSLTB\"	004b83f8,
004baa9d	string	\"YYELIMD\"	004b8400,
004baaa5	string	\"YYELIMC\"	004b8404,
004baaad	string	\"YYELIMA\"	004b8408,
004baab5	string	\"YYELIMB\"	004b840c,
004baabd	string	\"YYELIMF\"	004b8410,
004baac5	string	\"YYELIME\"	004b8414,
004baacd	string	\"YYDFTWA\"	004b8418,
004baad5	string	\"YYDFTCA\"	004b841c,
004baadd	string	\"YYDFTSA\"	004b8420,
004baae5	string	\"YYVICA\"	004b8424,
004baaec	string	\"YYVICB\"	004b8428,
004baaf3	string	\"YYCPGNA\"	004b842c,
004baafb	string	\"YYCPGNB\"	004b8430,
004bab03	string	\"YYCPGNC\"	004b8434,
004bab0b	string	\"YYCPGND\"	004b8438,
004bab13	string	\"YYCPGNE\"	004b843c,
004bab1b	string	\"YYCPGNF\"	004b8440,
004bab23	string	\"YYINSTA\"	004b8444,
004bab2b	string	\"YYINSTB\"	004b8448,
004bab33	string	\"YYINSTC\"	004b844c,
004bab3b	string	\"YYINSTD\"	004b8450,
004bab43	string	\"YYINSTE\"	004b8454,
004bab4b	string	\"YYINSTF\"	004b8458,
004bab53	string	\"YYINSTG\"	004b845c,
004bab5b	string	\"YYINSTH\"	004b8460,
004bab63	string	\"YYINSTI\"	004b8464,
004bab6b	string	\"YYINSTJ\"	004b8468,
004bab73	string	\"YYINSTK\"	004b846c,
004bab7b	string	\"YYINSTL\"	004b8470,
004bab83	string	\"YYINSTM\"	004b8474,
004bab8b	string	\"YYINSTN\"	004b8478,
004bab93	string	\"YYINSTO\"	004b847c,
004bab9b	string	\"YYINSTP\"	004b8480,
004baba3	string	\"YYINSTQ\"	004b8484,
004babab	string	\"YYINSTR\"	004b8488,
004babb3	string	\"YYINSTS\"	004b848c,
004babbb	string	\"YYINSTT\"	004b8490,
004babc3	string	\"YYINSTU\"	004b8494,
004babcb	string	\"YYINSTV\"	004b8498,
004babd3	string	\"YYINSTW\"	004b849c,
004babdb	string	\"YYINSTX\"	004b84a0,
004babe3	string	\"YYINSTY\"	004b84a4,
004babeb	string	\"YYINSTZ\"	004b84a8,
004babf3	string	\"YYTHRTA\"	004b84ac,
004babfb	string	\"YYTHRTB\"	004b84b0,
004bac03	string	\"YYTHRTC\"	004b84b4,
004bac0b	string	\"YYTHRTD\"	004b84b8,
004bac13	string	\"YYTHRTE\"	004b84bc,
004bac1b	string	\"YYTHRTF\"	004b84c0,
004bac23	string	\"YYTHRTG\"	004b84c4,
004bac2b	string	\"YYTHRTH\"	004b84c8,
004bac33	string	\"YYTHRTI\"	004b84cc,
004bac3b	string	\"YYTHRTJ\"	004b84d0,
004bac43	string	\"YYTHRTK\"	004b84d4,
004bac4b	string	\"YYTHRTL\"	004b84d8,
004bac53	string	\"YYTHRTM\"	004b84dc,
004bac5b	string	\"YYTHRTN\"	004b84e0,
004bac63	string	\"YYTHRTO\"	004b84e4,
004bac6b	string	\"YYTHRTP\"	004b84e8,
004bac73	string	\"YYTHRTQ\"	004b84ec,
004bac7b	string	\"YYTHRTR\"	004b84f0,
004bac83	string	\"YYTHRTS\"	004b84f4,
004bac8b	string	\"YYTHRTT\"	004b84f8,
004bac93	string	\"YYTHRTU\"	004b84fc,
004bac9b	string	\"YYTHRTV\"	004b8500,
004baca3	string	\"YYTHRTW\"	004b8504,
004bacab	string	\"YYTHRTX\"	004b8508,
004bacb3	string	\"YYTHRTY\"	004b850c,
004bacbb	string	\"YYTHRTZ \"	004b8510,
004bacc4	string	\"YYTHRTAA\"	004b8514,
004baccd	string	\"YYTHRTBB\"	004b8518,
004bacd6	string	\"YYBRAGA\"	004b851c,
004bacde	string	\"YYBRAGB\"	004b8520,
004bace6	string	\"YYBRAGC\"	004b8524,
004bacee	string	\"YYBRAGD\"	004b8528,
004bacf6	string	\"YYBRAGE\"	004b852c,
004bacfe	string	\"YYBRAGF\"	004b8530,
004bad06	string	\"YYBRAGG\"	004b8534,
004bad0e	string	\"YYBRAGH\"	004b8538,
004bad16	string	\"YYBRAGI\"	004b853c,
004bad1e	string	\"YYBRAGJ\"	004b8540,
004bad26	string	\"YYBRAGK\"	004b8544,
004bad2e	string	\"YYBRAGL\"	004b8548,
004bad36	string	\"YYBRAGM\"	004b854c,
004bad3e	string	\"YYBRAGN\"	004b8550,
004bad46	string	\"YYBRAGO\"	004b8554,
004bad4e	string	\"YYBRAGP\"	004b8558,
004bad56	string	\"YYBRAGQ\"	004b855c,
004bad5e	string	\"YYBRAGR\"	004b8560,
004bad66	string	\"YYBRAGS\"	004b8564,
004bad6e	string	\"YYBRAGT\"	004b8568,
004bad76	string	\"YYBRAGU\"	004b856c,
004bad7e	string	\"YYBRAGV\"	004b8570,
004bad86	string	\"YYBRAGW\"	004b8574,
004bad8e	string	\"YYBRAGX\"	004b8578,
004bad96	string	\"YYBRAGY\"	004b857c,
004bad9e	string	\"YYBRAGZ\"	004b8580,
004bada6	string	\"YYCMPTA\"	004b8584,
004badae	string	\"YYCMPTB\"	004b8588,
004badb6	string	\"YYCMPTC\"	004b858c,
004badbe	string	\"YYCMPTD\"	004b8590,
004badc6	string	\"YYCMPTE\"	004b8594,
004badce	string	\"YYCMPTF\"	004b8598,
004badd6	string	\"YYCMPTJ\"	004b859c,
004badde	string	\"YYCMPTK\"	004b85a0,
004bade6	string	\"YYCMPTL\"	004b85a4,
004badee	string	\"YYCMPTM\"	004b85a8,
004badf6	string	\"YYCMPTN\"	004b85ac,
004badfe	string	\"YYCMPTO\"	004b85b0,
004bae06	string	\"YYCMPTP\"	004b85b4,
004bae0e	string	\"YYCMPTQ\"	004b85b8,
004bae16	string	\"YYCMPTR\"	004b85bc,
004bae1e	string	\"YYCMPTS\"	004b85c0,
004bae26	string	\"YYCMPTT\"	004b85c4,
004bae2e	string	\"YYCMPTU\"	004b85c8,
004bae36	string	\"YYCMPTV\"	004b85cc,
004bae3e	string	\"YYCMPTW\"	004b85d0,
004bae46	string	\"YYCMPTX\"	004b85d4,
004bae4e	string	\"YYCMPTY\"	004b85d8,
004bae56	string	\"YYCMPTZ\"	004b85dc,
004bae5e	string	\"YYPRSEA\"	004b85e0,
004bae66	string	\"YYPRSEB\"	004b85e4,
004bae6e	string	\"YYPRSEC\"	004b85e8,
004bae76	string	\"YYPRSED\"	004b85ec,
004bae7e	string	\"YYPRSEE\"	004b85f0,
004bae86	string	\"YYPRSEF\"	004b85f4,
004bae8e	string	\"YYPRSEG\"	004b85f8,
004bae96	string	\"YYPRSEH\"	004b85fc,
004bae9e	string	\"YYPRSEI\"	004b8600,
004baea6	string	\"YYPRSEJ\"	004b8604,
004baeae	string	\"YYPRSEK\"	004b8608,
004baeb6	string	\"YYPRSEL\"	004b860c,
004baebe	string	\"YYPRSEM\"	004b8610,
004baec6	string	\"YYPRSEN\"	004b8614,
004baece	string	\"YYPRSEO\"	004b8618,
004baed6	string	\"YYPRSEP\"	004b861c,
004baede	string	\"YYPRSEQ\"	004b8620,
004baee6	string	\"YYPRSER\"	004b8624,
004baeee	string	\"YYPRSES\"	004b8628,
004baef6	string	\"YYPRSET\"	004b862c,
004baefe	string	\"YYCUSTA\"	004b8630,
004baf06	string	\"YYCUSTB\"	004b8634,
004baf0e	string	\"YYCUSTC\"	004b8638,
004baf16	string	\"YYCUSTD\"	004b863c,
004baf1e	string	\"YYCUSTE\"	004b8640,
004baf26	string	\"YYCUSTF\"	004b8644,
004baf2e	string	\"HHSTARA\"	004b8648,
004baf36	string	\"HHSTARB\"	004b864c,
004baf3e	string	\"HHSTARC\"	004b8650,
004baf46	string	\"HHWARNA\"	004b8654,
004baf4e	string	\"HHWARNB\"	004b8658,
004baf56	string	\"HHWARNC\"	004b865c,
004baf5e	string	\"HHWARND\"	004b8660,
004baf66	string	\"HHWARNE\"	004b8664,
004baf6e	string	\"HHGRANA\"	004b8668,
004baf76	string	\"HHGRANB\"	004b866c,
004baf7e	string	\"HHGRANC\"	004b8670,
004baf86	string	\"HHGRAND\"	004b8674,
004baf8e	string	\"HHGRANE\"	004b8678,
004baf96	string	\"HHBRANA\"	004b867c,
004baf9e	string	\"HHBRANB\"	004b8680,
004bafa6	string	\"HHBRANC\"	004b8684,
004bafae	string	\"HHBRAND\"	004b8688,
004bafb6	string	\"HHBRANE\"	004b868c,
004bafbe	string	\"HHGCONA\"	004b8690,
004bafc6	string	\"HHGCONB\"	004b8694,
004bafce	string	\"HHGCONC\"	004b8698,
004bafd6	string	\"HHGCOND\"	004b869c,
004bafde	string	\"HHGCONE\"	004b86a0,
004bafe6	string	\"HHBCONA\"	004b86a4,
004bafee	string	\"HHBCONB\"	004b86a8,
004baff6	string	\"HHBCONC\"	004b86ac,
004baffe	string	\"HHBCOND\"	004b86b0,
004bb006	string	\"HHBCONE\"	004b86b4,
004bb00e	string	\"HHEVENTA\"	004b86b8,
004bb017	string	\"HHEVENTB\"	004b86bc,
004bb020	string	\"HHEVENTC\"	004b86c0,
004bb029	string	\"HHEVENTD\"	004b86c4,
004bb032	string	\"HHEVENTE\"	004b86c8,
004bb03b	string	\"HHXENOA\"	004b86cc,
004bb043	string	\"HHXENOB\"	004b86d0,
004bb04b	string	\"HHXENOC\"	004b86d4,
004bb053	string	\"HHXENOD\"	004b86d8,
004bb05b	string	\"HHEXITA\"	004b86dc,
004bb063	string	\"HHEXITB\"	004b86e0,
004bb06b	string	\"HHEXITC\"	004b86e4,
004bb073	string	\"HHEXITD\"	004b86e8,
004bb07b	string	\"HHEXITE\"	004b86ec,
004bb083	string	\"HHEXITF\"	004b86f0,
004bb08b	string	\"HHEXITG\"	004b86f4,
004bb093	string	\"HHEXITH\"	004b86f8,
004bb09b	string	\"HHEXITI\"	004b86fc,
004bb0a3	string	\"HHEXITJ\"	004b8700,
004bb0ab	string	\"HHEXITK\"	004b8704,
004bb0b3	string	\"HHEXITL\"	004b8708,
004bb0bb	string	\"HHCURRA\"	004b870c,
004bb0c3	string	\"HHCURRC\"	004b8710,
004bb0cb	string	\"HHCURRB\"	004b8714,
004bb0d3	string	\"HHCURRD\"	004b8718,
004bb0db	string	\"HHCURRE\"	004b871c,
004bb0e3	string	\"HHCURRF\"	004b8720,
004bb0eb	string	\"HHCURRG\"	004b8724,
004bb0f3	string	\"HHCURRH\"	004b8728,
004bb0fb	string	\"HHCURRI\"	004b872c,
004bb103	string	\"HHTECHA\"	004b8730,
004bb10b	string	\"HHTECHB\"	004b8734,
004bb113	string	\"HHTECHC\"	004b8738,
004bb11b	string	\"HHTECHD\"	004b873c,
004bb123	string	\"HHTECHE\"	004b8740,
004bb12b	string	\"HHTECHF\"	004b8744,
004bb133	string	\"HHTECHG\"	004b8748,
004bb13b	string	\"HHTECHH\"	004b874c,
004bb143	string	\"HHTECHI\"	004b8750,
004bb14b	string	\"HHALLYA\"	004b8754,
004bb153	string	\"HHALLYB\"	004b8758,
004bb15b	string	\"HHALLYC\"	004b875c,
004bb163	string	\"HHALLYD\"	004b8760,
004bb16b	string	\"HHALLYE\"	004b8764,
004bb173	string	\"HHALLYF\"	004b8768,
004bb17b	string	\"HHALLYG\"	004b876c,
004bb183	string	\"HHALLYH\"	004b8770,
004bb18b	string	\"HHALLYI\"	004b8774,
004bb193	string	\"HHALLYJ\"	004b8778,
004bb19b	string	\"HHALLYK\"	004b877c,
004bb1a3	string	\"HHALLYL\"	004b8780,
004bb1ab	string	\"HHALLYM\"	004b8784,
004bb1b3	string	\"HHALLYN\"	004b8788,
004bb1bb	string	\"HHALLYO\"	004b878c,
004bb1c3	string	\"HHPOLTA\"	004b8790,
004bb1cb	string	\"HHPOLTB\"	004b8794,
004bb1d3	string	\"HHPOLTC\"	004b8798,
004bb1db	string	\"HHPOLTD\"	004b879c,
004bb1e3	string	\"HHPOLTE\"	004b87a0,
004bb1eb	string	\"HHHRSHA\"	004b87a4,
004bb1f3	string	\"HHHRSHB\"	004b87a8,
004bb1fb	string	\"HHHRSHC\"	004b87ac,
004bb203	string	\"HHHRSHD\"	004b87b0,
004bb20b	string	\"HHHRSHE\"	004b87b4,
004bb213	string	\"HHACPTA\"	004b87b8,
004bb21b	string	\"HHACPTB\"	004b87bc,
004bb223	string	\"HHACPTC\"	004b87c0,
004bb22b	string	\"HHACPTD\"	004b87c4,
004bb233	string	\"HHACPTE\"	004b87c8,
004bb23b	string	\"HHBREKA\"	004b87cc,
004bb243	string	\"HHBREKB\"	004b87d0,
004bb24b	string	\"HHBREKC\"	004b87d4,
004bb253	string	\"HHBREKD\"	004b87d8,
004bb25b	string	\"HHBREKE\"	004b87dc,
004bb263	string	\"HHQUITA\"	004b87e0,
004bb26b	string	\"HHQUITB\"	004b87e4,
004bb273	string	\"HHQUITC\"	004b87e8,
004bb27b	string	\"HHQUITD\"	004b87ec,
004bb283	string	\"HHQUITE\"	004b87f0,
004bb28b	string	\"HHDAMAA\"	004b87f4,
004bb293	string	\"HHDAMAB\"	004b87f8,
004bb29b	string	\"HHDAMAC\"	004b87fc,
004bb2a3	string	\"HHDCDEA\"	004b8800,
004bb2ab	string	\"HHDCDEB\"	004b8804,
004bb2b3	string	\"HHDCDEC\"	004b8808,
004bb2bb	string	\"HHWAITA\"	004b880c,
004bb2c3	string	\"HHRSLTA\"	004b8810,
004bb2cb	string	\"HHRSLTB\"	004b8814,
004bb2d3	string	\"HHELIMD\"	004b881c,
004bb2db	string	\"HHELIMC\"	004b8820,
004bb2e3	string	\"HHELIMA\"	004b8824,
004bb2eb	string	\"HHELIMB\"	004b8828,
004bb2f3	string	\"HHELIMF\"	004b882c,
004bb2fb	string	\"HHELIME\"	004b8830,
004bb303	string	\"HHDFTWA\"	004b8834,
004bb30b	string	\"HHDFTCA\"	004b8838,
004bb313	string	\"HHDFTSA\"	004b883c,
004bb31b	string	\"HHVICA\"	004b8840,
004bb322	string	\"HHVICB\"	004b8844,
004bb329	string	\"HHCPGNA\"	004b8848,
004bb331	string	\"HHCPGNB\"	004b884c,
004bb339	string	\"HHCPGNC\"	004b8850,
004bb341	string	\"HHCPGND\"	004b8854,
004bb349	string	\"HHCPGNE\"	004b8858,
004bb351	string	\"HHCPGNF\"	004b885c,
004bb359	string	\"HHINSTA\"	004b8860,
004bb361	string	\"HHINSTB\"	004b8864,
004bb369	string	\"HHINSTC\"	004b8868,
004bb371	string	\"HHINSTD\"	004b886c,
004bb379	string	\"HHINSTE\"	004b8870,
004bb381	string	\"HHINSTF\"	004b8874,
004bb389	string	\"HHINSTG\"	004b8878,
004bb391	string	\"HHINSTH\"	004b887c,
004bb399	string	\"HHINSTI\"	004b8880,
004bb3a1	string	\"HHINSTJ\"	004b8884,
004bb3a9	string	\"HHINSTK\"	004b8888,
004bb3b1	string	\"HHINSTL\"	004b888c,
004bb3b9	string	\"HHINSTM\"	004b8890,
004bb3c1	string	\"HHINSTN\"	004b8894,
004bb3c9	string	\"HHINSTO\"	004b8898,
004bb3d1	string	\"HHINSTP\"	004b889c,
004bb3d9	string	\"HHINSTQ\"	004b88a0,
004bb3e1	string	\"HHINSTR\"	004b88a4,
004bb3e9	string	\"HHINSTS\"	004b88a8,
004bb3f1	string	\"HHINSTT\"	004b88ac,
004bb3f9	string	\"HHINSTU\"	004b88b0,
004bb401	string	\"HHINSTV\"	004b88b4,
004bb409	string	\"HHINSTW\"	004b88b8,
004bb411	string	\"HHINSTX\"	004b88bc,
004bb419	string	\"HHINSTY\"	004b88c0,
004bb421	string	\"HHINSTZ\"	004b88c4,
004bb429	string	\"HHTHRTA\"	004b88c8,
004bb431	string	\"HHTHRTB\"	004b88cc,
004bb439	string	\"HHTHRTC\"	004b88d0,
004bb441	string	\"HHTHRTD\"	004b88d4,
004bb449	string	\"HHTHRTE\"	004b88d8,
004bb451	string	\"HHTHRTF\"	004b88dc,
004bb459	string	\"HHTHRTG\"	004b88e0,
004bb461	string	\"HHTHRTH\"	004b88e4,
004bb469	string	\"HHTHRTI\"	004b88e8,
004bb471	string	\"HHTHRTJ\"	004b88ec,
004bb479	string	\"HHTHRTK\"	004b88f0,
004bb481	string	\"HHTHRTL\"	004b88f4,
004bb489	string	\"HHTHRTM\"	004b88f8,
004bb491	string	\"HHTHRTN\"	004b88fc,
004bb499	string	\"HHTHRTO\"	004b8900,
004bb4a1	string	\"HHTHRTP\"	004b8904,
004bb4a9	string	\"HHTHRTQ\"	004b8908,
004bb4b1	string	\"HHTHRTR\"	004b890c,
004bb4b9	string	\"HHTHRTS\"	004b8910,
004bb4c1	string	\"HHTHRTT\"	004b8914,
004bb4c9	string	\"HHTHRTU\"	004b8918,
004bb4d1	string	\"HHTHRTV\"	004b891c,
004bb4d9	string	\"HHTHRTW\"	004b8920,
004bb4e1	string	\"HHTHRTX\"	004b8924,
004bb4e9	string	\"HHTHRTY\"	004b8928,
004bb4f1	string	\"HHTHRTZ \"	004b892c,
004bb4fa	string	\"HHBRAGA\"	004b8930,
004bb502	string	\"HHBRAGB\"	004b8934,
004bb50a	string	\"HHBRAGC\"	004b8938,
004bb512	string	\"HHBRAGD\"	004b893c,
004bb51a	string	\"HHBRAGE\"	004b8940,
004bb522	string	\"HHBRAGF\"	004b8944,
004bb52a	string	\"HHBRAGG\"	004b8948,
004bb532	string	\"HHBRAGH\"	004b894c,
004bb53a	string	\"HHBRAGI\"	004b8950,
004bb542	string	\"HHBRAGJ\"	004b8954,
004bb54a	string	\"HHBRAGK\"	004b8958,
004bb552	string	\"HHBRAGL\"	004b895c,
004bb55a	string	\"HHBRAGM\"	004b8960,
004bb562	string	\"HHBRAGN\"	004b8964,
004bb56a	string	\"HHBRAGO\"	004b8968,
004bb572	string	\"HHBRAGP\"	004b896c,
004bb57a	string	\"HHBRAGQ\"	004b8970,
004bb582	string	\"HHBRAGR\"	004b8974,
004bb58a	string	\"HHBRAGS\"	004b8978,
004bb592	string	\"HHBRAGT\"	004b897c,
004bb59a	string	\"HHBRAGU\"	004b8980,
004bb5a2	string	\"HHBRAGV\"	004b8984,
004bb5aa	string	\"HHBRAGW\"	004b8988,
004bb5b2	string	\"HHBRAGX\"	004b898c,
004bb5ba	string	\"HHBRAGY\"	004b8990,
004bb5c2	string	\"HHBRAGZ\"	004b8994,
004bb5ca	string	\"HHCMPTA\"	004b8998,
004bb5d2	string	\"HHCMPTB\"	004b899c,
004bb5da	string	\"HHCMPTC\"	004b89a0,
004bb5e2	string	\"HHCMPTD\"	004b89a4,
004bb5ea	string	\"HHCMPTE\"	004b89a8,
004bb5f2	string	\"HHCMPTF\"	004b89ac,
004bb5fa	string	\"HHCMPTJ\"	004b89b0,
004bb602	string	\"HHCMPTK\"	004b89b4,
004bb60a	string	\"HHCMPTL\"	004b89b8,
004bb612	string	\"HHCMPTM\"	004b89bc,
004bb61a	string	\"HHCMPTN\"	004b89c0,
004bb622	string	\"HHCMPTO\"	004b89c4,
004bb62a	string	\"HHCMPTP\"	004b89c8,
004bb632	string	\"HHCMPTQ\"	004b89cc,
004bb63a	string	\"HHCMPTR\"	004b89d0,
004bb642	string	\"HHCMPTS\"	004b89d4,
004bb64a	string	\"HHCMPTT\"	004b89d8,
004bb652	string	\"HHCMPTU\"	004b89dc,
004bb65a	string	\"HHCMPTV\"	004b89e0,
004bb662	string	\"HHCMPTW\"	004b89e4,
004bb66a	string	\"HHCMPTX\"	004b89e8,
004bb672	string	\"HHCMPTY\"	004b89ec,
004bb67a	string	\"HHCMPTZ\"	004b89f0,
004bb682	string	\"HHCMPTAA\"	004b89f4,
004bb68b	string	\"HHPRSEA\"	004b89f8,
004bb693	string	\"HHPRSEB\"	004b89fc,
004bb69b	string	\"HHPRSEC\"	004b8a00,
004bb6a3	string	\"HHPRSED\"	004b8a04,
004bb6ab	string	\"HHPRSEE\"	004b8a08,
004bb6b3	string	\"HHPRSEF\"	004b8a0c,
004bb6bb	string	\"HHPRSEG\"	004b8a10,
004bb6c3	string	\"HHPRSEH\"	004b8a14,
004bb6cb	string	\"HHPRSEI\"	004b8a18,
004bb6d3	string	\"HHPRSEJ\"	004b8a1c,
004bb6db	string	\"HHPRSEK\"	004b8a20,
004bb6e3	string	\"HHPRSEL\"	004b8a24,
004bb6eb	string	\"HHPRSEM\"	004b8a28,
004bb6f3	string	\"HHPRSEN\"	004b8a2c,
004bb6fb	string	\"HHPRSEO\"	004b8a30,
004bb703	string	\"HHPRSEP\"	004b8a34,
004bb70b	string	\"HHPRSEQ\"	004b8a38,
004bb713	string	\"HHPRSER\"	004b8a3c,
004bb71b	string	\"HHPRSES\"	004b8a40,
004bb723	string	\"HHPRSET\"	004b8a44,
004bb72b	string	\"HHCUSTA\"	004b8a48,
004bb733	string	\"HHCUSTB\"	004b8a4c,
004bb73b	string	\"HHCUSTC\"	004b8a50,
004bb743	string	\"HHCUSTD\"	004b8a54,
004bb74b	string	\"HHCUSTE\"	004b8a58,
004bb753	string	\"HHCUSTF\"	004b8a5c,
004bb75b	string	\"MMSTARA\"	004b8a60,
004bb763	string	\"MMSTARB\"	004b8a64,
004bb76b	string	\"MMSTARC\"	004b8a68,
004bb773	string	\"MMWARNA\"	004b8a6c,
004bb77b	string	\"MMWARNB\"	004b8a70,
004bb783	string	\"MMWARNC\"	004b8a74,
004bb78b	string	\"MMWARND\"	004b8a78,
004bb793	string	\"MMWARNE\"	004b8a7c,
004bb79b	string	\"MMGRANA\"	004b8a80,
004bb7a3	string	\"MMGRANB\"	004b8a84,
004bb7ab	string	\"MMGRANC\"	004b8a88,
004bb7b3	string	\"MMGRAND\"	004b8a8c,
004bb7bb	string	\"MMGRANE\"	004b8a90,
004bb7c3	string	\"MMBRANA\"	004b8a94,
004bb7cb	string	\"MMBRANB\"	004b8a98,
004bb7d3	string	\"MMBRANC\"	004b8a9c,
004bb7db	string	\"MMBRAND\"	004b8aa0,
004bb7e3	string	\"MMBRANE\"	004b8aa4,
004bb7eb	string	\"MMGCONA\"	004b8aa8,
004bb7f3	string	\"MMGCONB\"	004b8aac,
004bb7fb	string	\"MMGCONC\"	004b8ab0,
004bb803	string	\"MMGCOND\"	004b8ab4,
004bb80b	string	\"MMGCONE\"	004b8ab8,
004bb813	string	\"MMBCONA\"	004b8abc,
004bb81b	string	\"MMBCONB\"	004b8ac0,
004bb823	string	\"MMBCONC\"	004b8ac4,
004bb82b	string	\"MMBCOND\"	004b8ac8,
004bb833	string	\"MMBCONE\"	004b8acc,
004bb83b	string	\"MMEVNTA\"	004b8ad0,
004bb843	string	\"MMEVNTB\"	004b8ad4,
004bb84b	string	\"MMEVNTC\"	004b8ad8,
004bb853	string	\"MMEVNTD\"	004b8adc,
004bb85b	string	\"MMEVNTE\"	004b8ae0,
004bb863	string	\"MMXENOA\"	004b8ae4,
004bb86b	string	\"MMXENOB\"	004b8ae8,
004bb873	string	\"MMXENOC\"	004b8aec,
004bb87b	string	\"MMXENOD\"	004b8af0,
004bb883	string	\"MMEXITA\"	004b8af4,
004bb88b	string	\"MMEXITB\"	004b8af8,
004bb893	string	\"MMEXITC\"	004b8afc,
004bb89b	string	\"MMEXITD\"	004b8b00,
004bb8a3	string	\"MMEXITE\"	004b8b04,
004bb8ab	string	\"MMEXITF\"	004b8b08,
004bb8b3	string	\"MMEXITG\"	004b8b0c,
004bb8bb	string	\"MMEXITH\"	004b8b10,
004bb8c3	string	\"MMEXITI\"	004b8b14,
004bb8cb	string	\"MMEXITJ\"	004b8b18,
004bb8d3	string	\"MMEXITK\"	004b8b1c,
004bb8db	string	\"MMEXITL\"	004b8b20,
004bb8e3	string	\"MMCURRA\"	004b8b24,
004bb8eb	string	\"MMCURRC\"	004b8b28,
004bb8f3	string	\"MMCURRB\"	004b8b2c,
004bb8fb	string	\"MMCURRD\"	004b8b30,
004bb903	string	\"MMCURRE\"	004b8b34,
004bb90b	string	\"MMCURRF\"	004b8b38,
004bb913	string	\"MMCURRG\"	004b8b3c,
004bb91b	string	\"MMCURRH\"	004b8b40,
004bb923	string	\"MMCURRI\"	004b8b44,
004bb92b	string	\"MMTECHA\"	004b8b48,
004bb933	string	\"MMTECHB\"	004b8b4c,
004bb93b	string	\"MMTECHC\"	004b8b50,
004bb943	string	\"MMTECHD\"	004b8b54,
004bb94b	string	\"MMTECHE\"	004b8b58,
004bb953	string	\"MMTECHF\"	004b8b5c,
004bb95b	string	\"MMTECHG\"	004b8b60,
004bb963	string	\"MMTECMH\"	004b8b64,
004bb96b	string	\"MMTECHI\"	004b8b68,
004bb973	string	\"MMALLYA\"	004b8b6c,
004bb97b	string	\"MMALLYB\"	004b8b70,
004bb983	string	\"MMALLYC\"	004b8b74,
004bb98b	string	\"MMALLYD\"	004b8b78,
004bb993	string	\"MMALLYE\"	004b8b7c,
004bb99b	string	\"MMALLYF\"	004b8b80,
004bb9a3	string	\"MMALLYG\"	004b8b84,
004bb9ab	string	\"MMALLYH\"	004b8b88,
004bb9b3	string	\"MMALLYI\"	004b8b8c,
004bb9bb	string	\"MMALLYJ\"	004b8b90,
004bb9c3	string	\"MMALLYK\"	004b8b94,
004bb9cb	string	\"MMALLYL\"	004b8b98,
004bb9d3	string	\"MMALLYM\"	004b8b9c,
004bb9db	string	\"MMALLYN\"	004b8ba0,
004bb9e3	string	\"MMALLYO\"	004b8ba4,
004bb9eb	string	\"MMPOLTA\"	004b8ba8,
004bb9f3	string	\"MMPOLTB\"	004b8bac,
004bb9fb	string	\"MMPOLTC\"	004b8bb0,
004bba03	string	\"MMPOLTD\"	004b8bb4,
004bba0b	string	\"MMPOLTE\"	004b8bb8,
004bba13	string	\"MMHRSHA\"	004b8bbc,
004bba1b	string	\"MMHRSHB\"	004b8bc0,
004bba23	string	\"MMHRSHC\"	004b8bc4,
004bba2b	string	\"MMHRSHD\"	004b8bc8,
004bba33	string	\"MMHRSHE\"	004b8bcc,
004bba3b	string	\"MMACPTA\"	004b8bd0,
004bba43	string	\"MMACPTB\"	004b8bd4,
004bba4b	string	\"MMACPTC\"	004b8bd8,
004bba53	string	\"MMACPTD\"	004b8bdc,
004bba5b	string	\"MMACPTE\"	004b8be0,
004bba63	string	\"MMBREKA\"	004b8be4,
004bba6b	string	\"MMBREKB\"	004b8be8,
004bba73	string	\"MMBREKC\"	004b8bec,
004bba7b	string	\"MMBREKD\"	004b8bf0,
004bba83	string	\"MMBREKE\"	004b8bf4,
004bba8b	string	\"MMQUITA\"	004b8bf8,
004bba93	string	\"MMQUITB\"	004b8bfc,
004bba9b	string	\"MMQUITC\"	004b8c00,
004bbaa3	string	\"MMQUITD\"	004b8c04,
004bbaab	string	\"MMQUITE\"	004b8c08,
004bbab3	string	\"MMDAMAA\"	004b8c0c,
004bbabb	string	\"MMDAMAB\"	004b8c10,
004bbac3	string	\"MMDAMAC\"	004b8c14,
004bbacb	string	\"MMDCDEA\"	004b8c18,
004bbad3	string	\"MMDCDEB\"	004b8c1c,
004bbadb	string	\"MMDCDEC\"	004b8c20,
004bbae3	string	\"MMWAITA\"	004b8c24,
004bbaeb	string	\"MMRSLTA\"	004b8c28,
004bbaf3	string	\"MMRSLTB\"	004b8c2c,
004bbafb	string	\"MMELIMD\"	004b8c34,
004bbb03	string	\"MMELIMC\"	004b8c38,
004bbb0b	string	\"MMELIMA\"	004b8c3c,
004bbb13	string	\"MMELIMB\"	004b8c40,
004bbb1b	string	\"MMELIMF\"	004b8c44,
004bbb23	string	\"MMELIME\"	004b8c48,
004bbb2b	string	\"MMDFTWA\"	004b8c4c,
004bbb33	string	\"MMDFTCA\"	004b8c50,
004bbb3b	string	\"MMDFTSA\"	004b8c54,
004bbb43	string	\"MMVICA\"	004b8c58,
004bbb4a	string	\"MMVICB\"	004b8c5c,
004bbb51	string	\"MMCPGNA\"	004b8c60,
004bbb59	string	\"MMCPGNB\"	004b8c64,
004bbb61	string	\"MMCPGNC\"	004b8c68,
004bbb69	string	\"MMCPGND\"	004b8c6c,
004bbb71	string	\"MMCPGNE\"	004b8c70,
004bbb79	string	\"MMCPGNF\"	004b8c74,
004bbb81	string	\"MMINSTA\"	004b8c78,
004bbb89	string	\"MMINSTB\"	004b8c7c,
004bbb91	string	\"MMINSTC\"	004b8c80,
004bbb99	string	\"MMINSTD\"	004b8c84,
004bbba1	string	\"MMINSTE\"	004b8c88,
004bbba9	string	\"MMINSTF\"	004b8c8c,
004bbbb1	string	\"MMINSTG\"	004b8c90,
004bbbb9	string	\"MMINSTH\"	004b8c94,
004bbbc1	string	\"MMINSTI\"	004b8c98,
004bbbc9	string	\"MMINSTJ\"	004b8c9c,
004bbbd1	string	\"MMINSTK\"	004b8ca0,
004bbbd9	string	\"MMINSTL\"	004b8ca4,
004bbbe1	string	\"MMINSTM\"	004b8ca8,
004bbbe9	string	\"MMINSTN\"	004b8cac,
004bbbf1	string	\"MMINSTO\"	004b8cb0,
004bbbf9	string	\"MMINSTP\"	004b8cb4,
004bbc01	string	\"MMINSTQ\"	004b8cb8,
004bbc09	string	\"MMINSTR\"	004b8cbc,
004bbc11	string	\"MMINSTS\"	004b8cc0,
004bbc19	string	\"MMINSTT\"	004b8cc4,
004bbc21	string	\"MMINSTU\"	004b8cc8,
004bbc29	string	\"MMINSTV\"	004b8ccc,
004bbc31	string	\"MMINSTW\"	004b8cd0,
004bbc39	string	\"MMINSTX\"	004b8cd4,
004bbc41	string	\"MMINSTY\"	004b8cd8,
004bbc49	string	\"MMINSTZ\"	004b8cdc,
004bbc51	string	\"MMTHRTA\"	004b8ce0,
004bbc59	string	\"MMTHRTB\"	004b8ce4,
004bbc61	string	\"MMTHRTC\"	004b8ce8,
004bbc69	string	\"MMTHRTD\"	004b8cec,
004bbc71	string	\"MMTHRTE\"	004b8cf0,
004bbc79	string	\"MMTHRTF\"	004b8cf4,
004bbc81	string	\"MMTHRTG\"	004b8cf8,
004bbc89	string	\"MMTHRTH\"	004b8cfc,
004bbc91	string	\"MMTHRTI\"	004b8d00,
004bbc99	string	\"MMTHRTJ\"	004b8d04,
004bbca1	string	\"MMTHRTL\"	004b8d08,
004bbca9	string	\"MMTHRTM\"	004b8d0c,
004bbcb1	string	\"MMTHRTN\"	004b8d10,
004bbcb9	string	\"MMTHRTO\"	004b8d14,
004bbcc1	string	\"MMTHRTP\"	004b8d18,
004bbcc9	string	\"MMTHRTQ\"	004b8d1c,
004bbcd1	string	\"MMTHRTR\"	004b8d20,
004bbcd9	string	\"MMTHRTS\"	004b8d24,
004bbce1	string	\"MMTHRTT\"	004b8d28,
004bbce9	string	\"MMTHRTU\"	004b8d2c,
004bbcf1	string	\"MMTHRTV\"	004b8d30,
004bbcf9	string	\"MMTHRTW\"	004b8d34,
004bbd01	string	\"MMTHRTX\"	004b8d38,
004bbd09	string	\"MMTHRTY\"	004b8d3c,
004bbd11	string	\"MMTHRTZ \"	004b8d40,
004bbd1a	string	\"MMBRAGA\"	004b8d44,
004bbd22	string	\"MMBRAGB\"	004b8d48,
004bbd2a	string	\"MMBRAGC\"	004b8d4c,
004bbd32	string	\"MMBRAGD\"	004b8d50,
004bbd3a	string	\"MMBRAGE\"	004b8d54,
004bbd42	string	\"MMBRAGF\"	004b8d58,
004bbd4a	string	\"MMBRAGG\"	004b8d5c,
004bbd52	string	\"MMBRAGH\"	004b8d60,
004bbd5a	string	\"MMBRAGI\"	004b8d64,
004bbd62	string	\"MMBRAGJ\"	004b8d68,
004bbd6a	string	\"MMBRAGK\"	004b8d6c,
004bbd72	string	\"MMBRAGL\"	004b8d70,
004bbd7a	string	\"MMBRAGM\"	004b8d74,
004bbd82	string	\"MMBRAGN\"	004b8d78,
004bbd8a	string	\"MMBRAGO\"	004b8d7c,
004bbd92	string	\"MMBRAGP\"	004b8d80,
004bbd9a	string	\"MMBRAGQ\"	004b8d84,
004bbda2	string	\"MMBRAGR\"	004b8d88,
004bbdaa	string	\"MMBRAGS\"	004b8d8c,
004bbdb2	string	\"MMBRAGT\"	004b8d90,
004bbdba	string	\"MMBRAGU\"	004b8d94,
004bbdc2	string	\"MMBRAGV\"	004b8d98,
004bbdca	string	\"MMBRAGW\"	004b8d9c,
004bbdd2	string	\"MMBRAGX\"	004b8da0,
004bbdda	string	\"MMBRAGY\"	004b8da4,
004bbde2	string	\"MMBRAGZ\"	004b8da8,
004bbdea	string	\"MMCMPTA\"	004b8dac,
004bbdf2	string	\"MMCMPTB\"	004b8db0,
004bbdfa	string	\"MMCMPTC\"	004b8db4,
004bbe02	string	\"MMCMPTD\"	004b8db8,
004bbe0a	string	\"MMCMPTE\"	004b8dbc,
004bbe12	string	\"MMCMPTF\"	004b8dc0,
004bbe1a	string	\"MMCMPTJ\"	004b8dc4,
004bbe22	string	\"MMCMPTK\"	004b8dc8,
004bbe2a	string	\"MMCMPTL\"	004b8dcc,
004bbe32	string	\"MMCMPTM\"	004b8dd0,
004bbe3a	string	\"MMCMPTN\"	004b8dd4,
004bbe42	string	\"MMCMPTO\"	004b8dd8,
004bbe4a	string	\"MMCMPTP\"	004b8ddc,
004bbe52	string	\"MMCMPTQ\"	004b8de0,
004bbe5a	string	\"MMCMPTR\"	004b8de4,
004bbe62	string	\"MMCMPTS\"	004b8de8,
004bbe6a	string	\"MMCMPTT\"	004b8dec,
004bbe72	string	\"MMCMPTU\"	004b8df0,
004bbe7a	string	\"MMCMPTV\"	004b8df4,
004bbe82	string	\"MMCMPTW\"	004b8df8,
004bbe8a	string	\"MMCMPTX\"	004b8dfc,
004bbe92	string	\"MMCMPTY\"	004b8e00,
004bbe9a	string	\"MMCMPTZ\"	004b8e04,
004bbea2	string	\"MMCMPTAA\"	004b8e08,
004bbeab	string	\"MMPRSEA\"	004b8e0c,
004bbeb3	string	\"MMPRSEB\"	004b8e10,
004bbebb	string	\"MMPRSEC\"	004b8e14,
004bbec3	string	\"MMPRSED\"	004b8e18,
004bbecb	string	\"MMPRSEE\"	004b8e1c,
004bbed3	string	\"MMPRSEF\"	004b8e20,
004bbedb	string	\"MMPRSEG\"	004b8e24,
004bbee3	string	\"MMPRSEH\"	004b8e28,
004bbeeb	string	\"MMPRSEI\"	004b8e2c,
004bbef3	string	\"MMPRSEJ\"	004b8e30,
004bbefb	string	\"MMPRSEK\"	004b8e34,
004bbf03	string	\"MMPRSEL\"	004b8e38,
004bbf0b	string	\"MMPRSEM\"	004b8e3c,
004bbf13	string	\"MMPRSEN\"	004b8e40,
004bbf1b	string	\"MMPRSEO\"	004b8e44,
004bbf23	string	\"MMPRSEP\"	004b8e48,
004bbf2b	string	\"MMPRSEQ\"	004b8e4c,
004bbf33	string	\"MMPRSER\"	004b8e50,
004bbf3b	string	\"MMPRSES\"	004b8e54,
004bbf43	string	\"MMPRSET\"	004b8e58,
004bbf4b	string	\"MMCUSTA\"	004b8e5c,
004bbf53	string	\"MMCUSTB\"	004b8e60,
004bbf5b	string	\"MMCUSTC\"	004b8e64,
004bbf63	string	\"MMCUSTD\"	004b8e68,
004bbf6b	string	\"MMCUSTE\"	004b8e6c,
004bbf73	string	\"MMCUSTF\"	004b8e70,
004bbf7b	string	\"RRSTARA\"	004b8e74,
004bbf83	string	\"RRSTARB\"	004b8e78,
004bbf8b	string	\"RRSTARC\"	004b8e7c,
004bbf93	string	\"RRWARNA\"	004b8e80,
004bbf9b	string	\"RRWARNB\"	004b8e84,
004bbfa3	string	\"RRWARNC\"	004b8e88,
004bbfab	string	\"RRWARND\"	004b8e8c,
004bbfb3	string	\"RRWARNE\"	004b8e90,
004bbfbb	string	\"RRGRANA\"	004b8e94,
004bbfc3	string	\"RRGRANB\"	004b8e98,
004bbfcb	string	\"RRGRANC\"	004b8e9c,
004bbfd3	string	\"RRGRAND\"	004b8ea0,
004bbfdb	string	\"RRGRANE\"	004b8ea4,
004bbfe3	string	\"RRBRANA\"	004b8ea8,
004bbfeb	string	\"RRBRANB\"	004b8eac,
004bbff3	string	\"RRBRANC\"	004b8eb0,
004bbffb	string	\"RRBRAND\"	004b8eb4,
004bc003	string	\"RRBRANE\"	004b8eb8,
004bc00b	string	\"RRGCONA\"	004b8ebc,
004bc013	string	\"RRGCONB\"	004b8ec0,
004bc01b	string	\"RRGCONC\"	004b8ec4,
004bc023	string	\"RRGCOND\"	004b8ec8,
004bc02b	string	\"RRGCONE\"	004b8ecc,
004bc033	string	\"RRBCONA\"	004b8ed0,
004bc03b	string	\"RRBCONB\"	004b8ed4,
004bc043	string	\"RRBCONC\"	004b8ed8,
004bc04b	string	\"RRBCOND\"	004b8edc,
004bc053	string	\"RRBCONE\"	004b8ee0,
004bc05b	string	\"RREVNTA\"	004b8ee4,
004bc063	string	\"RREVNTB\"	004b8ee8,
004bc06b	string	\"RREVNTC\"	004b8eec,
004bc073	string	\"RREVNTD\"	004b8ef0,
004bc07b	string	\"RREVNTE\"	004b8ef4,
004bc083	string	\"RRXENOA\"	004b8ef8,
004bc08b	string	\"RRXENOB\"	004b8efc,
004bc093	string	\"RRXENOC\"	004b8f00,
004bc09b	string	\"RRXENOD\"	004b8f04,
004bc0a3	string	\"RREXITA\"	004b8f08,
004bc0ab	string	\"RREXITB\"	004b8f0c,
004bc0b3	string	\"RREXITC\"	004b8f10,
004bc0bb	string	\"RREXITD\"	004b8f14,
004bc0c3	string	\"RREXITE\"	004b8f18,
004bc0cb	string	\"RREXITF\"	004b8f1c,
004bc0d3	string	\"RREXITG\"	004b8f20,
004bc0db	string	\"RREXITH\"	004b8f24,
004bc0e3	string	\"RREXITI\"	004b8f28,
004bc0eb	string	\"RREXITJ\"	004b8f2c,
004bc0f3	string	\"RREXITK\"	004b8f30,
004bc0fb	string	\"RREXITL\"	004b8f34,
004bc103	string	\"RRCURRA\"	004b8f38,
004bc10b	string	\"RRCURRC\"	004b8f3c,
004bc113	string	\"RRCURRB\"	004b8f40,
004bc11b	string	\"RRCURRD\"	004b8f44,
004bc123	string	\"RRCURRE\"	004b8f48,
004bc12b	string	\"RRCURRF\"	004b8f4c,
004bc133	string	\"RRCURRG\"	004b8f50,
004bc13b	string	\"RRCURRH\"	004b8f54,
004bc143	string	\"RRCURRI\"	004b8f58,
004bc14b	string	\"RRTECHA\"	004b8f5c,
004bc153	string	\"RRTECHB\"	004b8f60,
004bc15b	string	\"RRTECHC\"	004b8f64,
004bc163	string	\"RRTECHD\"	004b8f68,
004bc16b	string	\"RRTECHE\"	004b8f6c,
004bc173	string	\"RRTECHF\"	004b8f70,
004bc17b	string	\"RRTECHG\"	004b8f74,
004bc183	string	\"RRTECHI\"	004b8f78,004b8f7c,
004bc18b	string	\"RRALLYA\"	004b8f80,
004bc193	string	\"RRALLYB\"	004b8f84,
004bc19b	string	\"RRALLYC\"	004b8f88,
004bc1a3	string	\"RRALLYD\"	004b8f8c,
004bc1ab	string	\"RRALLYE\"	004b8f90,
004bc1b3	string	\"RRALLYF\"	004b8f94,
004bc1bb	string	\"RRALLYG\"	004b8f98,
004bc1c3	string	\"RRALLYH\"	004b8f9c,
004bc1cb	string	\"RRALLYI\"	004b8fa0,
004bc1d3	string	\"RRALLYJ\"	004b8fa4,
004bc1db	string	\"RRALLYK\"	004b8fa8,
004bc1e3	string	\"RRALLYL\"	004b8fac,
004bc1eb	string	\"RRALLYM\"	004b8fb0,
004bc1f3	string	\"RRALLYN\"	004b8fb4,
004bc1fb	string	\"RRALLYO\"	004b8fb8,
004bc203	string	\"RRPOLTA\"	004b8fbc,
004bc20b	string	\"RRPOLTB\"	004b8fc0,
004bc213	string	\"RRPOLTC\"	004b8fc4,
004bc21b	string	\"RRPOLTD\"	004b8fc8,
004bc223	string	\"RRPOLTE\"	004b8fcc,
004bc22b	string	\"RRHRSHA\"	004b8fd0,
004bc233	string	\"RRHRSHB\"	004b8fd4,
004bc23b	string	\"RRHRSHC\"	004b8fd8,
004bc243	string	\"RRHRSHD\"	004b8fdc,
004bc24b	string	\"RRHRSHE\"	004b8fe0,
004bc253	string	\"RRACPTA\"	004b8fe4,
004bc25b	string	\"RRACPTB\"	004b8fe8,
004bc263	string	\"RRACPTC\"	004b8fec,
004bc26b	string	\"RRACPTD\"	004b8ff0,
004bc273	string	\"RRACPTE\"	004b8ff4,
004bc27b	string	\"RRBREKA\"	004b8ff8,
004bc283	string	\"RRBREKB\"	004b8ffc,
004bc28b	string	\"RRBREKC\"	004b9000,
004bc293	string	\"RRBREKD\"	004b9004,
004bc29b	string	\"RRBREKE\"	004b9008,
004bc2a3	string	\"RRQUITA\"	004b900c,
004bc2ab	string	\"RRQUITB\"	004b9010,
004bc2b3	string	\"RRQUITC\"	004b9014,
004bc2bb	string	\"RRQUITD\"	004b9018,
004bc2c3	string	\"RRQUITE\"	004b901c,
004bc2cb	string	\"RRDAMAA\"	004b9020,
004bc2d3	string	\"RRDAMAB\"	004b9024,
004bc2db	string	\"RRDAMAC\"	004b9028,
004bc2e3	string	\"RRDCDEA\"	004b902c,
004bc2eb	string	\"RRDCDEB\"	004b9030,
004bc2f3	string	\"RRDCDEC\"	004b9034,
004bc2fb	string	\"RRWAITA\"	004b9038,
004bc303	string	\"RRRSLTA\"	004b903c,
004bc30b	string	\"RRRSLTB\"	004b9040,
004bc313	string	\"RRELIMD\"	004b9048,
004bc31b	string	\"RRELIMC\"	004b904c,
004bc323	string	\"RRELIMA\"	004b9050,
004bc32b	string	\"RRELIMB\"	004b9054,
004bc333	string	\"RRELIMF\"	004b9058,
004bc33b	string	\"RRELIME\"	004b905c,
004bc343	string	\"RRDFTWA\"	004b9060,
004bc34b	string	\"RRDFTCA\"	004b9064,
004bc353	string	\"RRDFTSA\"	004b9068,
004bc35b	string	\"RRVICA\"	004b906c,
004bc362	string	\"RRVICB\"	004b9070,
004bc369	string	\"RRCPGNA\"	004b9074,
004bc371	string	\"RRCPGNB\"	004b9078,
004bc379	string	\"RRCPGNC\"	004b907c,
004bc381	string	\"RRCPGND\"	004b9080,
004bc389	string	\"RRCPGNE\"	004b9084,
004bc391	string	\"RRCPGNF\"	004b9088,
004bc399	string	\"RRINSTA\"	004b908c,
004bc3a1	string	\"RRINSTB\"	004b9090,
004bc3a9	string	\"RRINSTC\"	004b9094,
004bc3b1	string	\"RRINSTD\"	004b9098,
004bc3b9	string	\"RRINSTE\"	004b909c,
004bc3c1	string	\"RRINSTF\"	004b90a0,
004bc3c9	string	\"RRINSTG\"	004b90a4,
004bc3d1	string	\"RRINSTH\"	004b90a8,
004bc3d9	string	\"RRINSTI\"	004b90ac,
004bc3e1	string	\"RRINSTJ\"	004b90b0,
004bc3e9	string	\"RRINSTK\"	004b90b4,
004bc3f1	string	\"RRINSTL\"	004b90b8,
004bc3f9	string	\"RRINSTM\"	004b90bc,
004bc401	string	\"RRINSTN\"	004b90c0,
004bc409	string	\"RRINSTO\"	004b90c4,
004bc411	string	\"RRINSTP\"	004b90c8,
004bc419	string	\"RRINSTQ\"	004b90cc,
004bc421	string	\"RRINSTR\"	004b90d0,
004bc429	string	\"RRINSTS\"	004b90d4,
004bc431	string	\"RRINSTT\"	004b90d8,
004bc439	string	\"RRINSTU\"	004b90dc,
004bc441	string	\"RRINSTV\"	004b90e0,
004bc449	string	\"RRINSTW\"	004b90e4,
004bc451	string	\"RRINSTX\"	004b90e8,
004bc459	string	\"RRINSTY\"	004b90ec,
004bc461	string	\"RRINSTZ\"	004b90f0,
004bc469	string	\"RRTHRTA\"	004b90f4,
004bc471	string	\"RRTHRTB\"	004b90f8,
004bc479	string	\"RRTHRTC\"	004b90fc,
004bc481	string	\"RRTHRTD\"	004b9100,
004bc489	string	\"RRTHRTE\"	004b9104,
004bc491	string	\"RRTHRTF\"	004b9108,
004bc499	string	\"RRTHRTG\"	004b910c,
004bc4a1	string	\"RRTHRTH\"	004b9110,
004bc4a9	string	\"RRTHRTJ\"	004b9114,
004bc4b1	string	\"RRTHRTL\"	004b9118,
004bc4b9	string	\"RRTHRTM\"	004b911c,
004bc4c1	string	\"RRTHRTN\"	004b9120,
004bc4c9	string	\"RRTHRTO\"	004b9124,
004bc4d1	string	\"RRTHRTP\"	004b9128,
004bc4d9	string	\"RRTHRTQ\"	004b912c,
004bc4e1	string	\"RRTHRTR\"	004b9130,
004bc4e9	string	\"RRTHRTS\"	004b9134,
004bc4f1	string	\"RRTHRTT\"	004b9138,
004bc4f9	string	\"RRTHRTU\"	004b913c,
004bc501	string	\"RRTHRTV\"	004b9140,
004bc509	string	\"RRTHRTW\"	004b9144,
004bc511	string	\"RRTHRTX\"	004b9148,
004bc519	string	\"RRTHRTY\"	004b914c,
004bc521	string	\"RRTHRTZ \"	004b9150,
004bc52a	string	\"RRBRAGA\"	004b9154,
004bc532	string	\"RRBRAGB\"	004b9158,
004bc53a	string	\"RRBRAGC\"	004b915c,
004bc542	string	\"RRBRAGD\"	004b9160,
004bc54a	string	\"RRBRAGE\"	004b9164,
004bc552	string	\"RRBRAGF\"	004b9168,
004bc55a	string	\"RRBRAGG\"	004b916c,
004bc562	string	\"RRBRAGH\"	004b9170,
004bc56a	string	\"RRBRAGI\"	004b9174,
004bc572	string	\"RRBRAGJ\"	004b9178,
004bc57a	string	\"RRBRAGK\"	004b917c,
004bc582	string	\"RRBRAGL\"	004b9180,
004bc58a	string	\"RRBRAGM\"	004b9184,
004bc592	string	\"RRBRAGN\"	004b9188,
004bc59a	string	\"RRBRAGO\"	004b918c,
004bc5a2	string	\"RRBRAGP\"	004b9190,
004bc5aa	string	\"RRBRAGQ\"	004b9194,
004bc5b2	string	\"RRBRAGR\"	004b9198,
004bc5ba	string	\"RRBRAGS\"	004b919c,
004bc5c2	string	\"RRBRAGT\"	004b91a0,
004bc5ca	string	\"RRBRAGU\"	004b91a4,
004bc5d2	string	\"RRBRAGV\"	004b91a8,
004bc5da	string	\"RRBRAGW\"	004b91ac,
004bc5e2	string	\"RRBRAGX\"	004b91b0,
004bc5ea	string	\"RRBRAGY\"	004b91b4,
004bc5f2	string	\"RRBRAGZ\"	004b91b8,
004bc5fa	string	\"RRBRAGAA\"	004b91bc,
004bc603	string	\"RRCMPTA\"	004b91c0,
004bc60b	string	\"RRCMPTB\"	004b91c4,
004bc613	string	\"RRCMPTC\"	004b91c8,
004bc61b	string	\"RRCMPTD\"	004b91cc,
004bc623	string	\"RRCMPTE\"	004b91d0,
004bc62b	string	\"RRCMPTF\"	004b91d4,
004bc633	string	\"RRCMPTJ\"	004b91d8,
004bc63b	string	\"RRCMPTK\"	004b91dc,
004bc643	string	\"RRCMPTL\"	004b91e0,
004bc64b	string	\"RRCMPTM\"	004b91e4,
004bc653	string	\"RRCMPTN\"	004b91e8,
004bc65b	string	\"RRCMPTO\"	004b91ec,
004bc663	string	\"RRCMPTR\"	004b91f0,
004bc66b	string	\"RRCMPTS\"	004b91f4,
004bc673	string	\"RRCMPTT\"	004b91f8,
004bc67b	string	\"RRCMPTU\"	004b91fc,
004bc683	string	\"RRCMPTV\"	004b9200,
004bc68b	string	\"RRCMPTW\"	004b9204,
004bc693	string	\"RRCMPTX\"	004b9208,
004bc69b	string	\"RRCMPTY\"	004b920c,
004bc6a3	string	\"RRCMPTZ\"	004b9210,
004bc6ab	string	\"RRCMPTAA\"	004b9214,
004bc6b4	string	\"RRCMPTBB\"	004b9218,
004bc6bd	string	\"RRPRSEA\"	004b921c,
004bc6c5	string	\"RRPRSEB\"	004b9220,
004bc6cd	string	\"RRPRSEC\"	004b9224,
004bc6d5	string	\"RRPRSED\"	004b9228,
004bc6dd	string	\"RRPRSEE\"	004b922c,
004bc6e5	string	\"RRPRSEF\"	004b9230,
004bc6ed	string	\"RRPRSEG\"	004b9234,
004bc6f5	string	\"RRPRSEH\"	004b9238,
004bc6fd	string	\"RRPRSEI\"	004b923c,
004bc705	string	\"RRPRSEJ\"	004b9240,
004bc70d	string	\"RRPRSEK\"	004b9244,
004bc715	string	\"RRPRSEL\"	004b9248,
004bc71d	string	\"RRPRSEM\"	004b924c,
004bc725	string	\"RRPRSEN\"	004b9250,
004bc72d	string	\"RRPRSEO\"	004b9254,
004bc735	string	\"RRPRSEP\"	004b9258,
004bc73d	string	\"RRPRSEQ\"	004b925c,
004bc745	string	\"RRPRSER\"	004b9260,
004bc74d	string	\"RRPRSES\"	004b9264,
004bc755	string	\"RRPRSET\"	004b9268,
004bc75d	string	\"RRCUSTA\"	004b926c,
004bc765	string	\"RRCUSTB\"	004b9270,
004bc76d	string	\"RRCUSTC\"	004b9274,
004bc775	string	\"RRCUSTD\"	004b9278,
004bc77d	string	\"RRCUSTE\"	004b927c,
004bc785	string	\"RRCUSTF\"	004b9280,
004bc78d	string	\"TTSTARA\"	004b9284,
004bc795	string	\"TTSTARB\"	004b9288,
004bc79d	string	\"TTSTARC\"	004b928c,
004bc7a5	string	\"TTWARNA\"	004b9290,
004bc7ad	string	\"TTWARNB\"	004b9294,
004bc7b5	string	\"TTWARNC\"	004b9298,
004bc7bd	string	\"TTWARND\"	004b929c,
004bc7c5	string	\"TTWARNE\"	004b92a0,
004bc7cd	string	\"TTGRANA\"	004b92a4,
004bc7d5	string	\"TTGRANB\"	004b92a8,
004bc7dd	string	\"TTGRANC\"	004b92ac,
004bc7e5	string	\"TTGRAND\"	004b92b0,
004bc7ed	string	\"TTGRANE\"	004b92b4,
004bc7f5	string	\"TTBRANA\"	004b92b8,
004bc7fd	string	\"TTBRANB\"	004b92bc,
004bc805	string	\"TTBRANC\"	004b92c0,
004bc80d	string	\"TTBRAND\"	004b92c4,
004bc815	string	\"TTBRANE\"	004b92c8,
004bc81d	string	\"TTGCONA\"	004b92cc,
004bc825	string	\"TTGCONB\"	004b92d0,
004bc82d	string	\"TTGCONC\"	004b92d4,
004bc835	string	\"TTGCOND\"	004b92d8,
004bc83d	string	\"TTGCONE\"	004b92dc,
004bc845	string	\"TTBCONA\"	004b92e0,
004bc84d	string	\"TTBCONB\"	004b92e4,
004bc855	string	\"TTBCONC\"	004b92e8,
004bc85d	string	\"TTBCOND\"	004b92ec,
004bc865	string	\"TTBCONE\"	004b92f0,
004bc86d	string	\"TTEVNTA\"	004b92f4,
004bc875	string	\"TTEVNTB\"	004b92f8,
004bc87d	string	\"TTEVNTC\"	004b92fc,
004bc885	string	\"TTEVNTD\"	004b9300,
004bc88d	string	\"TTEVNTE\"	004b9304,
004bc895	string	\"TTXENOA\"	004b9308,
004bc89d	string	\"TTXENOB\"	004b930c,
004bc8a5	string	\"TTXENOC\"	004b9310,
004bc8ad	string	\"TTXENOD\"	004b9314,
004bc8b5	string	\"TTEXITA\"	004b9318,
004bc8bd	string	\"TTEXITB\"	004b931c,
004bc8c5	string	\"TTEXITC\"	004b9320,
004bc8cd	string	\"TTEXITD\"	004b9324,
004bc8d5	string	\"TTEXITE\"	004b9328,
004bc8dd	string	\"TTEXITF\"	004b932c,
004bc8e5	string	\"TTEXITG\"	004b9330,
004bc8ed	string	\"TTEXITH\"	004b9334,
004bc8f5	string	\"TTEXITI\"	004b9338,
004bc8fd	string	\"TTEXITJ\"	004b933c,
004bc905	string	\"TTEXITK\"	004b9340,
004bc90d	string	\"TTEXITL\"	004b9344,
004bc915	string	\"TTCURRA\"	004b9348,
004bc91d	string	\"TTCURRC\"	004b934c,
004bc925	string	\"TTCURRB\"	004b9350,
004bc92d	string	\"TTCURRD\"	004b9354,
004bc935	string	\"TTCURRE\"	004b9358,
004bc93d	string	\"TTCURRF\"	004b935c,
004bc945	string	\"TTCURRG\"	004b9360,
004bc94d	string	\"TTCURRH\"	004b9364,
004bc955	string	\"TTCURRI\"	004b9368,
004bc95d	string	\"TTTECHA\"	004b936c,
004bc965	string	\"TTTECHB\"	004b9370,
004bc96d	string	\"TTTECHC\"	004b9374,
004bc975	string	\"TTTECHD\"	004b9378,
004bc97d	string	\"TTTECHE\"	004b937c,
004bc985	string	\"TTTECHF\"	004b9380,
004bc98d	string	\"TTTECHG\"	004b9384,
004bc995	string	\"TTTECHI\"	004b9388,004b938c,
004bc99d	string	\"TTALLYA\"	004b9390,
004bc9a5	string	\"TTALLYB\"	004b9394,
004bc9ad	string	\"TTALLYC\"	004b9398,
004bc9b5	string	\"TTALLYD\"	004b939c,
004bc9bd	string	\"TTALLYE\"	004b93a0,
004bc9c5	string	\"TTALLYF\"	004b93a4,
004bc9cd	string	\"TTALLYG\"	004b93a8,
004bc9d5	string	\"TTALLYH\"	004b93ac,
004bc9dd	string	\"TTALLYI\"	004b93b0,
004bc9e5	string	\"TTALLYJ\"	004b93b4,
004bc9ed	string	\"TTALLYK\"	004b93b8,
004bc9f5	string	\"TTALLYL\"	004b93bc,
004bc9fd	string	\"TTALLYM\"	004b93c0,
004bca05	string	\"TTALLYN\"	004b93c4,
004bca0d	string	\"TTALLYO\"	004b93c8,
004bca15	string	\"TTPOLTA\"	004b93cc,
004bca1d	string	\"TTPOLTB\"	004b93d0,
004bca25	string	\"TTPOLTC\"	004b93d4,
004bca2d	string	\"TTPOLTD\"	004b93d8,
004bca35	string	\"TTPOLTE\"	004b93dc,
004bca3d	string	\"TTHRSHA\"	004b93e0,
004bca45	string	\"TTHRSHB\"	004b93e4,
004bca4d	string	\"TTHRSHC\"	004b93e8,
004bca55	string	\"TTHRSHD\"	004b93ec,
004bca5d	string	\"TTHRSHE\"	004b93f0,
004bca65	string	\"TTACPTA\"	004b93f4,
004bca6d	string	\"TTACPTB\"	004b93f8,
004bca75	string	\"TTACPTC\"	004b93fc,
004bca7d	string	\"TTACPTD\"	004b9400,
004bca85	string	\"TTACPTE\"	004b9404,
004bca8d	string	\"TTBREKA\"	004b9408,
004bca95	string	\"TTBREKB\"	004b940c,
004bca9d	string	\"TTBREKC\"	004b9410,
004bcaa5	string	\"TTBREKD\"	004b9414,
004bcaad	string	\"TTBREKE\"	004b9418,
004bcab5	string	\"TTQUITA\"	004b941c,
004bcabd	string	\"TTQUITB\"	004b9420,
004bcac5	string	\"TTQUITC\"	004b9424,
004bcacd	string	\"TTQUITD\"	004b9428,
004bcad5	string	\"TTQUITE\"	004b942c,
004bcadd	string	\"TTDAMAA\"	004b9430,
004bcae5	string	\"TTDAMAB\"	004b9434,
004bcaed	string	\"TTDAMAC\"	004b9438,
004bcaf5	string	\"TTDCDEA\"	004b943c,
004bcafd	string	\"TTDCDEB\"	004b9440,
004bcb05	string	\"TTDCDEC\"	004b9444,
004bcb0d	string	\"TTWAITA\"	004b9448,
004bcb15	string	\"TTRSLTA\"	004b944c,
004bcb1d	string	\"TTRSLTB\"	004b9450,
004bcb25	string	\"TTELIMD\"	004b9458,
004bcb2d	string	\"TTELIMC\"	004b945c,
004bcb35	string	\"TTELIMA\"	004b9460,
004bcb3d	string	\"TTELIMB\"	004b9464,
004bcb45	string	\"TTELIMF\"	004b9468,
004bcb4d	string	\"TTELIME\"	004b946c,
004bcb55	string	\"TTDFTWA\"	004b9470,
004bcb5d	string	\"TTDFTCA\"	004b9474,
004bcb65	string	\"TTDFTSA\"	004b9478,
004bcb6d	string	\"TTVICA\"	004b947c,
004bcb74	string	\"TTVICB\"	004b9480,
004bcb7b	string	\"TTCPGNA\"	004b9484,
004bcb83	string	\"TTCPGNB\"	004b9488,
004bcb8b	string	\"TTCPGNC\"	004b948c,
004bcb93	string	\"TTCPGND\"	004b9490,
004bcb9b	string	\"TTCPGNE\"	004b9494,
004bcba3	string	\"TTCPGNF\"	004b9498,
004bcbab	string	\"TTCPGNG\"	004b949c,
004bcbb3	string	\"TTINSTA\"	004b94a0,
004bcbbb	string	\"TTINSTB\"	004b94a4,
004bcbc3	string	\"TTINSTC\"	004b94a8,
004bcbcb	string	\"TTINSTD\"	004b94ac,
004bcbd3	string	\"TTINSTE\"	004b94b0,
004bcbdb	string	\"TTINSTF\"	004b94b4,
004bcbe3	string	\"TTINSTG\"	004b94b8,
004bcbeb	string	\"TTINSTH\"	004b94bc,
004bcbf3	string	\"TTINSTI\"	004b94c0,
004bcbfb	string	\"TTINSTJ\"	004b94c4,
004bcc03	string	\"TTINSTK\"	004b94c8,
004bcc0b	string	\"TTINSTL\"	004b94cc,
004bcc13	string	\"TTINSTM\"	004b94d0,
004bcc1b	string	\"TTINSTN\"	004b94d4,
004bcc23	string	\"TTINSTO\"	004b94d8,
004bcc2b	string	\"TTINSTP\"	004b94dc,
004bcc33	string	\"TTINSTQ\"	004b94e0,
004bcc3b	string	\"TTINSTR\"	004b94e4,
004bcc43	string	\"TTINSTS\"	004b94e8,
004bcc4b	string	\"TTINSTT\"	004b94ec,
004bcc53	string	\"TTINSTU\"	004b94f0,
004bcc5b	string	\"TTINSTV\"	004b94f4,
004bcc63	string	\"TTINSTW\"	004b94f8,
004bcc6b	string	\"TTINSTX\"	004b94fc,
004bcc73	string	\"TTINSTY\"	004b9500,
004bcc7b	string	\"TTINSTZ\"	004b9504,
004bcc83	string	\"TTTHRTA\"	004b9508,
004bcc8b	string	\"TTTHRTB\"	004b950c,
004bcc93	string	\"TTTHRTC\"	004b9510,
004bcc9b	string	\"TTTHRTD\"	004b9514,
004bcca3	string	\"TTTHRTE\"	004b9518,
004bccab	string	\"TTTHRTF\"	004b951c,
004bccb3	string	\"TTTHRTG\"	004b9520,
004bccbb	string	\"TTTHRTH\"	004b9524,
004bccc3	string	\"TTTHRTI\"	004b9528,
004bcccb	string	\"TTTHRTJ\"	004b952c,
004bccd3	string	\"TTTHRTK\"	004b9530,
004bccdb	string	\"TTTHRTL\"	004b9534,
004bcce3	string	\"TTTHRTM\"	004b9538,
004bcceb	string	\"TTTHRTN\"	004b953c,
004bccf3	string	\"TTTHRTO\"	004b9540,
004bccfb	string	\"TTTHRTP\"	004b9544,
004bcd03	string	\"TTTHRTQ\"	004b9548,
004bcd0b	string	\"TTTHRTR\"	004b954c,
004bcd13	string	\"TTTHRTS\"	004b9550,
004bcd1b	string	\"TTTHRTT\"	004b9554,
004bcd23	string	\"TTTHRTU\"	004b9558,
004bcd2b	string	\"TTTHRTV\"	004b955c,
004bcd33	string	\"TTTHRTW\"	004b9560,
004bcd3b	string	\"TTTHRTX\"	004b9564,
004bcd43	string	\"TTTHRTY\"	004b9568,
004bcd4b	string	\"TTTHRTAA\"	004b956c,
004bcd54	string	\"TTTHRTBB\"	004b9570,
004bcd5d	string	\"TTBRAGA\"	004b9574,
004bcd65	string	\"TTBRAGB\"	004b9578,
004bcd6d	string	\"TTBRAGC\"	004b957c,
004bcd75	string	\"TTBRAGD\"	004b9580,
004bcd7d	string	\"TTBRAGE\"	004b9584,
004bcd85	string	\"TTBRAGF\"	004b9588,
004bcd8d	string	\"TTBRAGG\"	004b958c,
004bcd95	string	\"TTBRAGH\"	004b9590,
004bcd9d	string	\"TTBRAGI\"	004b9594,
004bcda5	string	\"TTBRAGJ\"	004b9598,
004bcdad	string	\"TTBRAGK\"	004b959c,
004bcdb5	string	\"TTBRAGL\"	004b95a0,
004bcdbd	string	\"TTBRAGM\"	004b95a4,
004bcdc5	string	\"TTBRAGN\"	004b95a8,
004bcdcd	string	\"TTBRAGO\"	004b95ac,
004bcdd5	string	\"TTBRAGP\"	004b95b0,
004bcddd	string	\"TTBRAGQ\"	004b95b4,
004bcde5	string	\"TTBRAGR\"	004b95b8,
004bcded	string	\"TTBRAGS\"	004b95bc,
004bcdf5	string	\"TTBRAGT\"	004b95c0,
004bcdfd	string	\"TTBRAGU\"	004b95c4,
004bce05	string	\"TTBRAGV\"	004b95c8,
004bce0d	string	\"TTBRAGW\"	004b95cc,
004bce15	string	\"TTBRAGX\"	004b95d0,
004bce1d	string	\"TTBRAGY\"	004b95d4,
004bce25	string	\"TTBRAGZ\"	004b95d8,
004bce2d	string	\"TTCMPTA\"	004b95dc,
004bce35	string	\"TTCMPTB\"	004b95e0,
004bce3d	string	\"TTCMPTC\"	004b95e4,
004bce45	string	\"TTCMPTD\"	004b95e8,
004bce4d	string	\"TTCMPTE\"	004b95ec,
004bce55	string	\"TTCMPTF\"	004b95f0,
004bce5d	string	\"TTCMPTJ\"	004b95f4,
004bce65	string	\"TTCMPTK\"	004b95f8,
004bce6d	string	\"TTCMPTL\"	004b95fc,
004bce75	string	\"TTCMPTM\"	004b9600,
004bce7d	string	\"TTCMPTN\"	004b9604,
004bce85	string	\"TTCMPTO\"	004b9608,
004bce8d	string	\"TTCMPTP\"	004b960c,
004bce95	string	\"TTCMPTQ\"	004b9610,
004bce9d	string	\"TTCMPTR\"	004b9614,
004bcea5	string	\"TTCMPTS\"	004b9618,
004bcead	string	\"TTCMPTT\"	004b961c,
004bceb5	string	\"TTCMPTU\"	004b9620,
004bcebd	string	\"TTCMPTV\"	004b9624,
004bcec5	string	\"TTCMPTW\"	004b9628,
004bcecd	string	\"TTCMPTX\"	004b962c,
004bced5	string	\"TTCMPTY\"	004b9630,
004bcedd	string	\"TTCMPTZ\"	004b9634,
004bcee5	string	\"TTCMPTAA\"	004b9638,
004bceee	string	\"TTPRSEA\"	004b963c,
004bcef6	string	\"TTPRSEB\"	004b9640,
004bcefe	string	\"TTPRSEC\"	004b9644,
004bcf06	string	\"TTPRSED\"	004b9648,
004bcf0e	string	\"TTPRSEE\"	004b964c,
004bcf16	string	\"TTPRSEF\"	004b9650,
004bcf1e	string	\"TTPRSEG\"	004b9654,
004bcf26	string	\"TTPRSEH\"	004b9658,
004bcf2e	string	\"TTPRSEI\"	004b965c,
004bcf36	string	\"TTPRSEJ\"	004b9660,
004bcf3e	string	\"TTPRSEK\"	004b9664,
004bcf46	string	\"TTPRSEL\"	004b9668,
004bcf4e	string	\"TTPRSEM\"	004b966c,
004bcf56	string	\"TTPRSEN\"	004b9670,
004bcf5e	string	\"TTPRSEO\"	004b9674,
004bcf66	string	\"TTPRSEP\"	004b9678,
004bcf6e	string	\"TTPRSEQ\"	004b967c,
004bcf76	string	\"TTPRSER\"	004b9680,
004bcf7e	string	\"TTPRSES\"	004b9684,
004bcf86	string	\"TTPRSET\"	004b9688,
004bcf8e	string	\"TTCUSTA\"	004b968c,
004bcf96	string	\"TTCUSTB\"	004b9690,
004bcf9e	string	\"TTCUSTC\"	004b9694,
004bcfa6	string	\"TTCUSTD\"	004b9698,
004bcfae	string	\"TTCUSTE\"	004b969c,
004bcfb6	string	\"TTCUSTF\"	004b96a0,
004bcfbe	string	\"UUSTARA\"	004b96a4,
004bcfc6	string	\"UUSTARB\"	004b96a8,
004bcfce	string	\"UUSTARC\"	004b96ac,
004bcfd6	string	\"UUWARNA\"	004b96b0,
004bcfde	string	\"UUWARNB\"	004b96b4,
004bcfe6	string	\"UUWARNC\"	004b96b8,
004bcfee	string	\"UUWARND\"	004b96bc,
004bcff6	string	\"UUWARNE\"	004b96c0,
004bcffe	string	\"UUGRANA\"	004b96c4,
004bd006	string	\"UUGRANB\"	004b96c8,
004bd00e	string	\"UUGRANC\"	004b96cc,
004bd016	string	\"UUGRAND\"	004b96d0,
004bd01e	string	\"UUGRANE\"	004b96d4,
004bd026	string	\"UUBRANA\"	004b96d8,
004bd02e	string	\"UUBRANB\"	004b96dc,
004bd036	string	\"UUBRANC\"	004b96e0,
004bd03e	string	\"UUBRAND\"	004b96e4,
004bd046	string	\"UUBRANE\"	004b96e8,
004bd04e	string	\"UUGCONA\"	004b96ec,
004bd056	string	\"UUGCONB\"	004b96f0,
004bd05e	string	\"UUGCONC\"	004b96f4,
004bd066	string	\"UUGCOND\"	004b96f8,
004bd06e	string	\"UUGCONE\"	004b96fc,
004bd076	string	\"UUBCONA\"	004b9700,
004bd07e	string	\"UUBCONB\"	004b9704,
004bd086	string	\"UUBCONC\"	004b9708,
004bd08e	string	\"UUBCOND\"	004b970c,
004bd096	string	\"UUBCONE\"	004b9710,
004bd09e	string	\"UUEVNTA\"	004b9714,
004bd0a6	string	\"UUEVNTB\"	004b9718,
004bd0ae	string	\"UUEVNTC\"	004b971c,
004bd0b6	string	\"UUEVNTD\"	004b9720,
004bd0be	string	\"UUEVNTE\"	004b9724,
004bd0c6	string	\"UUXENOA\"	004b9728,
004bd0ce	string	\"UUXENOB\"	004b972c,
004bd0d6	string	\"UUXENOC\"	004b9730,
004bd0de	string	\"UUXENOD\"	004b9734,
004bd0e6	string	\"UUEXITA\"	004b9738,
004bd0ee	string	\"UUEXITB\"	004b973c,
004bd0f6	string	\"UUEXITC\"	004b9740,
004bd0fe	string	\"UUEXITD\"	004b9744,
004bd106	string	\"UUEXITE\"	004b9748,
004bd10e	string	\"UUEXITF\"	004b974c,
004bd116	string	\"UUEXITG\"	004b9750,
004bd11e	string	\"UUEXITH\"	004b9754,
004bd126	string	\"UUEXITI\"	004b9758,
004bd12e	string	\"UUEXITJ\"	004b975c,
004bd136	string	\"UUEXITK\"	004b9760,
004bd13e	string	\"UUEXITL\"	004b9764,
004bd146	string	\"UUCURRA\"	004b9768,
004bd14e	string	\"UUCURRC\"	004b976c,
004bd156	string	\"UUCURRB\"	004b9770,
004bd15e	string	\"UUCURRD\"	004b9774,
004bd166	string	\"UUCURRE\"	004b9778,
004bd16e	string	\"UUCURRF\"	004b977c,
004bd176	string	\"UUCURRG\"	004b9780,
004bd17e	string	\"UUCURRH\"	004b9784,
004bd186	string	\"UUCURRI\"	004b9788,
004bd18e	string	\"UUTECHA\"	004b978c,
004bd196	string	\"UUTECHB\"	004b9790,
004bd19e	string	\"UUTECHC\"	004b9794,
004bd1a6	string	\"UUTECHD\"	004b9798,
004bd1ae	string	\"UUTECHE\"	004b979c,
004bd1b6	string	\"UUTECHF\"	004b97a0,
004bd1be	string	\"UUTECHG\"	004b97a4,
004bd1c6	string	\"UUTECHH\"	004b97a8,
004bd1ce	string	\"UUTECHI\"	004b97ac,
004bd1d6	string	\"UUALLYA\"	004b97b0,
004bd1de	string	\"UUALLYB\"	004b97b4,
004bd1e6	string	\"UUALLYC\"	004b97b8,
004bd1ee	string	\"UUALLYD\"	004b97bc,
004bd1f6	string	\"UUALLYE\"	004b97c0,
004bd1fe	string	\"UUALLYF\"	004b97c4,
004bd206	string	\"UUALLYG\"	004b97c8,
004bd20e	string	\"UUALLYH\"	004b97cc,
004bd216	string	\"UUALLYI\"	004b97d0,
004bd21e	string	\"UUALLYJ\"	004b97d4,
004bd226	string	\"UUALLYK\"	004b97d8,
004bd22e	string	\"UUALLYL\"	004b97dc,
004bd236	string	\"UUALLYM\"	004b97e0,
004bd23e	string	\"UUALLYN\"	004b97e4,
004bd246	string	\"UUALLYO\"	004b97e8,
004bd24e	string	\"UUPOLTA\"	004b97ec,
004bd256	string	\"UUPOLTB\"	004b97f0,
004bd25e	string	\"UUPOLTC\"	004b97f4,
004bd266	string	\"UUPOLTD\"	004b97f8,
004bd26e	string	\"UUPOLTE\"	004b97fc,
004bd276	string	\"UUHRSHA\"	004b9800,
004bd27e	string	\"UUHRSHB\"	004b9804,
004bd286	string	\"UUHRSHC\"	004b9808,
004bd28e	string	\"UUHRSHD\"	004b980c,
004bd296	string	\"UUHRSHE\"	004b9810,
004bd29e	string	\"UUACPTA\"	004b9814,
004bd2a6	string	\"UUACPTB\"	004b9818,
004bd2ae	string	\"UUACPTC\"	004b981c,
004bd2b6	string	\"UUACPTD\"	004b9820,
004bd2be	string	\"UUACPTE\"	004b9824,
004bd2c6	string	\"UUBREKA\"	004b9828,
004bd2ce	string	\"UUBREKB\"	004b982c,
004bd2d6	string	\"UUBREKC\"	004b9830,
004bd2de	string	\"UUBREKD\"	004b9834,
004bd2e6	string	\"UUBREKE\"	004b9838,
004bd2ee	string	\"UUQUITA\"	004b983c,
004bd2f6	string	\"UUQUITB\"	004b9840,
004bd2fe	string	\"UUQUITC\"	004b9844,
004bd306	string	\"UUQUITD\"	004b9848,
004bd30e	string	\"UUQUITE\"	004b984c,
004bd316	string	\"UUDAMAA\"	004b9850,
004bd31e	string	\"UUDAMAB\"	004b9854,
004bd326	string	\"UUDAMAC\"	004b9858,
004bd32e	string	\"UUDCDEA\"	004b985c,
004bd336	string	\"UUDCDEB\"	004b9860,
004bd33e	string	\"UUDCDEC\"	004b9864,
004bd346	string	\"UUWAITA\"	004b9868,
004bd34e	string	\"UURSLTA\"	004b986c,
004bd356	string	\"UURSLTB\"	004b9870,
004bd35e	string	\"UUELIMD\"	004b9878,
004bd366	string	\"UUELIMC\"	004b987c,
004bd36e	string	\"UUELIMA\"	004b9880,
004bd376	string	\"UUELIMB\"	004b9884,
004bd37e	string	\"UUELIMF\"	004b9888,
004bd386	string	\"UUELIME\"	004b988c,
004bd38e	string	\"UUDFTWA\"	004b9890,
004bd396	string	\"UUDFTCA\"	004b9894,
004bd39e	string	\"UUDFTSA\"	004b9898,
004bd3a6	string	\"UUVICA\"	004b989c,
004bd3ad	string	\"UUVICB\"	004b98a0,
004bd3b4	string	\"UUCPGNA\"	004b98a4,
004bd3bc	string	\"UUCPGNB\"	004b98a8,
004bd3c4	string	\"UUCPGNC\"	004b98ac,
004bd3cc	string	\"UUCPGND\"	004b98b0,
004bd3d4	string	\"UUCPGNE\"	004b98b4,
004bd3dc	string	\"UUCPGNF\"	004b98b8,
004bd3e4	string	\"UUINSTA\"	004b98bc,
004bd3ec	string	\"UUINSTB\"	004b98c0,
004bd3f4	string	\"UUINSTC\"	004b98c4,
004bd3fc	string	\"UUINSTD\"	004b98c8,
004bd404	string	\"UUINSTE\"	004b98cc,
004bd40c	string	\"UUINSTF\"	004b98d0,
004bd414	string	\"UUINSTG\"	004b98d4,
004bd41c	string	\"UUINSTH\"	004b98d8,
004bd424	string	\"UUINSTI\"	004b98dc,
004bd42c	string	\"UUINSTJ\"	004b98e0,
004bd434	string	\"UUINSTK\"	004b98e4,
004bd43c	string	\"UUINSTL\"	004b98e8,
004bd444	string	\"UUINSTM\"	004b98ec,
004bd44c	string	\"UUINSTN\"	004b98f0,
004bd454	string	\"UUINSTO\"	004b98f4,
004bd45c	string	\"UUINSTP\"	004b98f8,
004bd464	string	\"UUINSTQ\"	004b98fc,
004bd46c	string	\"UUINSTR\"	004b9900,
004bd474	string	\"UUINSTS\"	004b9904,
004bd47c	string	\"UUINSTT\"	004b9908,
004bd484	string	\"UUINSTU\"	004b990c,
004bd48c	string	\"UUINSTV\"	004b9910,
004bd494	string	\"UUINSTW\"	004b9914,
004bd49c	string	\"UUINSTX\"	004b9918,
004bd4a4	string	\"UUINSTY\"	004b991c,
004bd4ac	string	\"UUINSTZ\"	004b9920,
004bd4b4	string	\"UUINSTAA\"	004b9924,
004bd4bd	string	\"UUTHRTA\"	004b9928,
004bd4c5	string	\"UUTHRTB\"	004b992c,
004bd4cd	string	\"UUTHRTC\"	004b9930,
004bd4d5	string	\"UUTHRTD\"	004b9934,
004bd4dd	string	\"UUTHRTE\"	004b9938,
004bd4e5	string	\"UUTHRTF\"	004b993c,
004bd4ed	string	\"UUTHRTG\"	004b9940,
004bd4f5	string	\"UUTHRTH\"	004b9944,
004bd4fd	string	\"UUTHRTI\"	004b9948,
004bd505	string	\"UUTHRTJ\"	004b994c,
004bd50d	string	\"UUTHRTK\"	004b9950,
004bd515	string	\"UUTHRTL\"	004b9954,
004bd51d	string	\"UUTHRTM\"	004b9958,
004bd525	string	\"UUTHRTN\"	004b995c,
004bd52d	string	\"UUTHRTO\"	004b9960,
004bd535	string	\"UUTHRTP\"	004b9964,
004bd53d	string	\"UUTHRTQ\"	004b9968,
004bd545	string	\"UUTHRTR\"	004b996c,
004bd54d	string	\"UUTHRTT\"	004b9970,
004bd555	string	\"UUTHRTU\"	004b9974,
004bd55d	string	\"UUTHRTV\"	004b9978,
004bd565	string	\"UUTHRTW\"	004b997c,
004bd56d	string	\"UUTHRTX\"	004b9980,
004bd575	string	\"UUTHRTY\"	004b9984,
004bd57d	string	\"UUTHRTZ \"	004b9988,
004bd586	string	\"UUTHRTAA\"	004b998c,
004bd58f	string	\"UUBRAGA\"	004b9990,
004bd597	string	\"UUBRAGB\"	004b9994,
004bd59f	string	\"UUBRAGC\"	004b9998,
004bd5a7	string	\"UUBRAGD\"	004b999c,
004bd5af	string	\"UUBRAGE\"	004b99a0,
004bd5b7	string	\"UUBRAGF\"	004b99a4,
004bd5bf	string	\"UUBRAGG\"	004b99a8,
004bd5c7	string	\"UUBRAGH\"	004b99ac,
004bd5cf	string	\"UUBRAGI\"	004b99b0,
004bd5d7	string	\"UUBRAGK\"	004b99b4,
004bd5df	string	\"UUBRAGL\"	004b99b8,
004bd5e7	string	\"UUBRAGM\"	004b99bc,
004bd5ef	string	\"UUBRAGN\"	004b99c0,
004bd5f7	string	\"UUBRAGO\"	004b99c4,
004bd5ff	string	\"UUBRAGP\"	004b99c8,
004bd607	string	\"UUBRAGQ\"	004b99cc,
004bd60f	string	\"UUBRAGR\"	004b99d0,
004bd617	string	\"UUBRAGS\"	004b99d4,
004bd61f	string	\"UUBRAGT\"	004b99d8,
004bd627	string	\"UUBRAGU\"	004b99dc,
004bd62f	string	\"UUBRAGV\"	004b99e0,
004bd637	string	\"UUBRAGW\"	004b99e4,
004bd63f	string	\"UUBRAGX\"	004b99e8,
004bd647	string	\"UUBRAGY\"	004b99ec,
004bd64f	string	\"UUBRAGZ\"	004b99f0,
004bd657	string	\"UUCMPTA\"	004b99f4,
004bd65f	string	\"UUCMPTB\"	004b99f8,
004bd667	string	\"UUCMPTC\"	004b99fc,
004bd66f	string	\"UUCMPTD\"	004b9a00,
004bd677	string	\"UUCMPTE\"	004b9a04,
004bd67f	string	\"UUCMPTF\"	004b9a08,
004bd687	string	\"UUCMPTJ\"	004b9a0c,
004bd68f	string	\"UUCMPTK\"	004b9a10,
004bd697	string	\"UUCMPTL\"	004b9a14,
004bd69f	string	\"UUCMPTM\"	004b9a18,
004bd6a7	string	\"UUCMPTN\"	004b9a1c,
004bd6af	string	\"UUCMPTO\"	004b9a20,
004bd6b7	string	\"UUCMPTP\"	004b9a24,
004bd6bf	string	\"UUCMPTQ\"	004b9a28,
004bd6c7	string	\"UUCMPTR\"	004b9a2c,
004bd6cf	string	\"UUCMPTT\"	004b9a30,
004bd6d7	string	\"UUCMPTU\"	004b9a34,
004bd6df	string	\"UUCMPTV\"	004b9a38,
004bd6e7	string	\"UUCMPTW\"	004b9a3c,
004bd6ef	string	\"UUCMPTX\"	004b9a40,
004bd6f7	string	\"UUCMPTY\"	004b9a44,
004bd6ff	string	\"UUCMPTZ\"	004b9a48,
004bd707	string	\"UUCMPTAA\"	004b9a4c,
004bd710	string	\"UUPRSEA\"	004b9a50,
004bd718	string	\"UUPRSEB\"	004b9a54,
004bd720	string	\"UUPRSEC\"	004b9a58,
004bd728	string	\"UUPRSED\"	004b9a5c,
004bd730	string	\"UUPRSEE\"	004b9a60,
004bd738	string	\"UUPRSEF\"	004b9a64,
004bd740	string	\"UUPRSEG\"	004b9a68,
004bd748	string	\"UUPRSEH\"	004b9a6c,
004bd750	string	\"UUPRSEI\"	004b9a70,
004bd758	string	\"UUPRSEJ\"	004b9a74,
004bd760	string	\"UUPRSEK\"	004b9a78,
004bd768	string	\"UUPRSEL\"	004b9a7c,
004bd770	string	\"UUPRSEM\"	004b9a80,
004bd778	string	\"UUPRSEN\"	004b9a84,
004bd780	string	\"UUPRSEO\"	004b9a88,
004bd788	string	\"UUPRSEP\"	004b9a8c,
004bd790	string	\"UUPRSEQ\"	004b9a90,
004bd798	string	\"UUPRSER\"	004b9a94,
004bd7a0	string	\"UUPRSES\"	004b9a98,
004bd7a8	string	\"UUPRSET\"	004b9a9c,
004bd7b0	string	\"UUCUSTA\"	004b9aa0,
004bd7b8	string	\"UUCUSTB\"	004b9aa4,
004bd7c0	string	\"UUCUSTC\"	004b9aa8,
004bd7c8	string	\"UUCUSTD\"	004b9aac,
004bd7d0	string	\"UUCUSTE\"	004b9ab0,
004bd7d8	string	\"UUCUSTF\"	004b9ab4,
004bd7e0	string	\"NNOPENA\"	004b9ab8,
004bd7e8	string	\"NNOPENB\"	004b9abc,
004bd7f0	string	\"NNOPENC\"	004b9ac0,
004bd7f8	string	\"NNOPEND\"	004b9ac4,
004bd800	string	\"NNOPENE\"	004b9ac8,
004bd808	string	\"NNOPENF\"	004b9acc,
004bd810	string	\"NNCATAA\"	004b9ad0,
004bd818	string	\"NNCATAB\"	004b9ad4,
004bd820	string	\"NNCATAC\"	004b9ad8,
004bd828	string	\"NNCATAD\"	004b9adc,
004bd830	string	\"NNCATAE\"	004b9ae0,
004bd838	string	\"NNCATAF\"	004b9ae4,
004bd840	string	\"NNCATAG\"	004b9ae8,
004bd848	string	\"NNCATAH\"	004b9aec,
004bd850	string	\"NNCATAI\"	004b9af0,
004bd858	string	\"NNCATAJ\"	004b9af4,
004bd860	string	\"NNCATAK\"	004b9af8,
004bd868	string	\"NNCATAL\"	004b9afc,
004bd870	string	\"NNCATAM\"	004b9b00,
004bd878	string	\"NNCATAN\"	004b9b04,
004bd880	string	\"NNCATAO\"	004b9b08,
004bd888	string	\"NNCATAP\"	004b9b0c,
004bd890	string	\"NNCOLAA\"	004b9b10,
004bd898	string	\"NNCOLAB\"	004b9b14,
004bd8a0	string	\"NNCOLAC\"	004b9b18,
004bd8a8	string	\"NNTERRA\"	004b9b1c,
004bd8b0	string	\"NNTERRB\"	004b9b20,
004bd8b8	string	\"NNLOOPA\"	004b9b24,
004bd8c0	string	\"NNLOOPB\"	004b9b28,
004bd8c8	string	\"NNLOOPC\"	004b9b2c,
004bd8d0	string	\"NNEXITA\"	004b9b30,
004bd8d8	string	\"NNEXITB\"	004b9b34,
004bd8e0	string	\"NNEXITC\"	004b9b38,
004bd8e8	string	\"NNEXITD\"	004b9b3c,
004bd8f0	string	\"NNEXITE\"	004b9b40,
004bd8f8	string	\"NNEXITF\"	004b9b44,
004bd900	string	\"NNEXITG\"	004b9b48,
004bd908	string	\"NNEXITH\"	004b9b4c,
004bd910	string	\"SSHELLOA\"	004b9b50,
004bd919	string	\"SSHELLOB\"	004b9b54,
004bd922	string	\"SSHELLOC\"	004b9b58,
004bd92b	string	\"SSHELLOD\"	004b9b5c,
004bd934	string	\"SSHELLOE\"	004b9b60,
004bd93d	string	\"SSHELLOF\"	004b9b64,
004bd946	string	\"SSHELLOG\"	004b9b68,
004bd94f	string	\"SSHELLOH\"	004b9b6c,
004bd958	string	\"SSHELLOI\"	004b9b70,
004bd961	string	\"SSHELLOJ\"	004b9b74,
004bd96a	string	\"SSBLOWA\"	004b9b78,
004bd972	string	\"SSBLOWB\"	004b9b7c,
004bd97a	string	\"SSBLOWC\"	004b9b80,
004bd982	string	\"SSBLOWD\"	004b9b84,
004bd98a	string	\"SSBLOWE\"	004b9b88,
004bd992	string	\"SSBLOWF\"	004b9b8c,
004bd99a	string	\"SSBLOWG\"	004b9b90,
004bd9a2	string	\"SSBLOWH\"	004b9b94,
004bd9aa	string	\"SSBLOWI\"	004b9b98,
004bd9b2	string	\"SSBLOWJ\"	004b9b9c,
004bd9ba	string	\"SSENTRA\"	004b9ba0,
004bd9c2	string	\"SSENTRB\"	004b9ba4,
004bd9ca	string	\"SSENTRC\"	004b9ba8,
004bd9d2	string	\"SSENTRD\"	004b9bac,
004bd9da	string	\"SSENTRE\"	004b9bb0,
004bd9e2	string	\"SSENTRF\"	004b9bb4,
004bd9ea	string	\"SSENTRG\"	004b9bb8,
004bd9f2	string	\"SSENTRH\"	004b9bbc,
004bd9fa	string	\"SSENTRI\"	004b9bc0,
004bda02	string	\"SSENTRJ\"	004b9bc4,
004bda0a	string	\"SSEXITA\"	004b9bc8,
004bda12	string	\"SSEXITB\"	004b9bcc,
004bda1a	string	\"SSEXITC\"	004b9bd0,
004bda22	string	\"SSEXITD\"	004b9bd4,
004bda2a	string	\"SSEXITE\"	004b9bd8,
004bda32	string	\"SSEXITF\"	004b9bdc,
004bda3a	string	\"SSEXITG\"	004b9be0,
004bda42	string	\"SSEXITH\"	004b9be4,
004bda4a	string	\"SSEXITI\"	004b9be8,
004bda52	string	\"SSEXITJ\"	004b9bec,
004bf8d4	string	\"CYHMRTUOSchat\"	
004bf8ec	string	\"script\"	
004bf8f3	string	\"sound\"	
004bfaf4	string	\"CCSTARA\"	004bdb04,
004bfafc	string	\"CCSTARB\"	004bdb08,
004bfb04	string	\"CCSTARC\"	004bdb0c,
004bfb0c	string	\"CCWARNA\"	004bdb10,
004bfb14	string	\"CCWARNB\"	004bdb14,
004bfb1c	string	\"CCWARNC\"	004bdb18,
004bfb24	string	\"CCWARND\"	004bdb1c,
004bfb2c	string	\"CCWARNE\"	004bdb20,
004bfb34	string	\"CCGRANA\"	004bdb24,
004bfb3c	string	\"CCGRANB\"	004bdb28,
004bfb44	string	\"CCGRANC\"	004bdb2c,
004bfb4c	string	\"CCGRAND\"	004bdb30,
004bfb54	string	\"CCGRANE\"	004bdb34,
004bfb5c	string	\"CCBRANA\"	004bdb38,
004bfb64	string	\"CCBRANB\"	004bdb3c,
004bfb6c	string	\"CCBRANC\"	004bdb40,
004bfb74	string	\"CCBRAND\"	004bdb44,
004bfb7c	string	\"CCBRANE\"	004bdb48,
004bfb84	string	\"CCGCONA\"	004bdb4c,
004bfb8c	string	\"CCGCONB\"	004bdb50,
004bfb94	string	\"CCGCONC\"	004bdb54,
004bfb9c	string	\"CCGCOND\"	004bdb58,
004bfba4	string	\"CCGCONE\"	004bdb5c,
004bfbac	string	\"CCBCONA\"	004bdb60,
004bfbb4	string	\"CCBCONB\"	004bdb64,
004bfbbc	string	\"CCBCONC\"	004bdb68,
004bfbc4	string	\"CCBCOND\"	004bdb6c,
004bfbcc	string	\"CCBCONE\"	004bdb70,
004bfbd4	string	\"CCEVNTA\"	004bdb74,
004bfbdc	string	\"CCEVNTB\"	004bdb78,
004bfbe4	string	\"CCEVNTC\"	004bdb7c,
004bfbec	string	\"CCEVNTD\"	004bdb80,
004bfbf4	string	\"CCEVNTE\"	004bdb84,
004bfbfc	string	\"CCXENOA\"	004bdb88,
004bfc04	string	\"CCXENOB\"	004bdb8c,
004bfc0c	string	\"CCXENOC\"	004bdb90,
004bfc14	string	\"CCXENOD\"	004bdb94,
004bfc1c	string	\"CCEXITA\"	004bdb98,
004bfc24	string	\"CCEXITB\"	004bdb9c,
004bfc2c	string	\"CCEXITC\"	004bdba0,
004bfc34	string	\"CCEXITD\"	004bdba4,
004bfc3c	string	\"CCEXITE\"	004bdba8,
004bfc44	string	\"CCEXITF\"	004bdbac,
004bfc4c	string	\"CCEXITG\"	004bdbb0,
004bfc54	string	\"CCEXITH\"	004bdbb4,
004bfc5c	string	\"CCEXITI\"	004bdbb8,
004bfc64	string	\"CCEXITJ\"	004bdbbc,
004bfc6c	string	\"CCEXITK\"	004bdbc0,
004bfc74	string	\"CCEXITL\"	004bdbc4,
004bfc7c	string	\"CCCURRA\"	004bdbc8,
004bfc84	string	\"CCCURRC\"	004bdbcc,
004bfc8c	string	\"CCCURRB\"	004bdbd0,
004bfc94	string	\"CCCURRD\"	004bdbd4,
004bfc9c	string	\"CCCURRE\"	004bdbd8,
004bfca4	string	\"CCCURRF\"	004bdbdc,
004bfcac	string	\"CCCURRG\"	004bdbe0,
004bfcb4	string	\"CCCURRH\"	004bdbe4,
004bfcbc	string	\"CCCURRI\"	004bdbe8,
004bfcc4	string	\"CCTECHA\"	004bdbec,
004bfccc	string	\"CCTECHB\"	004bdbf0,
004bfcd4	string	\"CCTECHC\"	004bdbf4,
004bfcdc	string	\"CCTECHD\"	004bdbf8,
004bfce4	string	\"CCTECHE\"	004bdbfc,
004bfcec	string	\"CCTECHF\"	004bdc00,
004bfcf4	string	\"CCTECHG\"	004bdc04,
004bfcfc	string	\"CCTECHH\"	004bdc08,
004bfd04	string	\"CCTECHI\"	004bdc0c,
004bfd0c	string	\"CCALLYA\"	004bdc10,
004bfd14	string	\"CCALLYB\"	004bdc14,
004bfd1c	string	\"CCALLYC\"	004bdc18,
004bfd24	string	\"CCALLYD\"	004bdc1c,
004bfd2c	string	\"CCALLYE\"	004bdc20,
004bfd34	string	\"CCALLYF\"	004bdc24,
004bfd3c	string	\"CCALLYG\"	004bdc28,
004bfd44	string	\"CCALLYH\"	004bdc2c,
004bfd4c	string	\"CCALLYI\"	004bdc30,
004bfd54	string	\"CCALLYJ\"	004bdc34,
004bfd5c	string	\"CCALLYK\"	004bdc38,
004bfd64	string	\"CCALLYL\"	004bdc3c,
004bfd6c	string	\"CCALLYM\"	004bdc40,
004bfd74	string	\"CCALLYN\"	004bdc44,
004bfd7c	string	\"CCPOLTA\"	004bdc48,
004bfd84	string	\"CCPOLTB\"	004bdc4c,
004bfd8c	string	\"CCPOLTC\"	004bdc50,
004bfd94	string	\"CCPOLTD\"	004bdc54,
004bfd9c	string	\"CCPOLTE\"	004bdc58,
004bfda4	string	\"CCHRSHA\"	004bdc5c,
004bfdac	string	\"CCHRSHB\"	004bdc60,
004bfdb4	string	\"CCHRSHC\"	004bdc64,
004bfdbc	string	\"CCHRSHD\"	004bdc68,
004bfdc4	string	\"CCHRSHE\"	004bdc6c,
004bfdcc	string	\"CCACPTA\"	004bdc70,
004bfdd4	string	\"CCACPTB\"	004bdc74,
004bfddc	string	\"CCACPTC\"	004bdc78,
004bfde4	string	\"CCACPTD\"	004bdc7c,
004bfdec	string	\"CCACPTE\"	004bdc80,
004bfdf4	string	\"CCBREKA\"	004bdc84,
004bfdfc	string	\"CCBREKB\"	004bdc88,
004bfe04	string	\"CCBREKC\"	004bdc8c,
004bfe0c	string	\"CCBREKD\"	004bdc90,
004bfe14	string	\"CCBREKE\"	004bdc94,
004bfe1c	string	\"CCQUITA\"	004bdc98,
004bfe24	string	\"CCQUITB\"	004bdc9c,
004bfe2c	string	\"CCQUITC\"	004bdca0,
004bfe34	string	\"CCQUITD\"	004bdca4,
004bfe3c	string	\"CCQUITE\"	004bdca8,
004bfe44	string	\"CCDAMAA\"	004bdcac,
004bfe4c	string	\"CCDAMAB\"	004bdcb0,
004bfe54	string	\"CCDAMAC\"	004bdcb4,
004bfe5c	string	\"CCDCDEA\"	004bdcb8,
004bfe64	string	\"CCDCDEB\"	004bdcbc,
004bfe6c	string	\"CCDCDEC\"	004bdcc0,
004bfe74	string	\"CCWAITA\"	004bdcc4,
004bfe7c	string	\"CCRSLTA\"	004bdcc8,
004bfe84	string	\"CCRSLTB\"	004bdccc,
004bfe8c	string	\"CCELIMD\"	004bdcd4,
004bfe94	string	\"CCELIMC\"	004bdcd8,
004bfe9c	string	\"CCELIMA\"	004bdcdc,
004bfea4	string	\"CCELIMB\"	004bdce0,
004bfeac	string	\"CCELIMF\"	004bdce4,
004bfeb4	string	\"CCELIME\"	004bdce8,
004bfebc	string	\"CCDFTWA\"	004bdcec,
004bfec4	string	\"CCDFTCA\"	004bdcf0,
004bfecc	string	\"CCDFTSA\"	004bdcf4,
004bfed4	string	\"CCVICA\"	004bdcf8,
004bfedb	string	\"CCVICB\"	004bdcfc,
004bfee2	string	\"CCCPGNA\"	004bdd00,
004bfeea	string	\"CCCPGNB\"	004bdd04,
004bfef2	string	\"CCCPGNC\"	004bdd08,
004bfefa	string	\"CCCPGND\"	004bdd0c,
004bff02	string	\"CCCPGNE\"	004bdd10,
004bff0a	string	\"CCCPGNF\"	004bdd14,
004bff12	string	\"CCINSTA\"	004bdd18,
004bff1a	string	\"CCINSTB\"	004bdd1c,
004bff22	string	\"CCINSTC\"	004bdd20,
004bff2a	string	\"CCINSTD\"	004bdd24,
004bff32	string	\"CCINSTE\"	004bdd28,
004bff3a	string	\"CCINSTF\"	004bdd2c,
004bff42	string	\"CCINSTG\"	004bdd30,
004bff4a	string	\"CCINSTH\"	004bdd34,
004bff52	string	\"CCINSTI\"	004bdd38,
004bff5a	string	\"CCINSTJ\"	004bdd3c,
004bff62	string	\"CCINSTK\"	004bdd40,
004bff6a	string	\"CCINSTL\"	004bdd44,
004bff72	string	\"CCINSTM\"	004bdd48,
004bff7a	string	\"CCINSTN\"	004bdd4c,
004bff82	string	\"CCINSTO\"	004bdd50,
004bff8a	string	\"CCINSTP\"	004bdd54,
004bff92	string	\"CCINSTQ\"	004bdd58,
004bff9a	string	\"CCINSTR\"	004bdd5c,
004bffa2	string	\"CCINSTS\"	004bdd60,
004bffaa	string	\"CCINSTT\"	004bdd64,
004bffb2	string	\"CCINSTU\"	004bdd68,
004bffba	string	\"CCINSTV\"	004bdd6c,
004bffc2	string	\"CCINSTW\"	004bdd70,
004bffca	string	\"CCINSTX\"	004bdd74,
004bffd2	string	\"CCINSTY\"	004bdd78,
004bffda	string	\"CCINSTZ\"	004bdd7c,
004bffe2	string	\"CCTHRTA\"	004bdd80,
004bffea	string	\"CCTHRTB\"	004bdd84,
004bfff2	string	\"CCTHRTC\"	004bdd88,
004bfffa	string	\"CCTHRTD\"	004bdd8c,
004c0002	string	\"CCTHRTE\"	004bdd90,
004c000a	string	\"CCTHRTF\"	004bdd94,
004c0012	string	\"CCTHRTH\"	004bdd98,
004c0072	string	\"CCTHRTV\"	004bddc8,
004c007a	string	\"CCTHRTW\"	004bddcc,
004c0082	string	\"CCTHRTX\"	004bddd0,
004c008a	string	\"CCTHRTY\"	004bddd4,
004c009b	string	\"CCTHRTAA\"	004bdddc,
004c00a4	string	\"CCBRAGA\"	004bdde0,
004c00ac	string	\"CCBRAGB\"	004bdde4,
004c00b4	string	\"CCBRAGC\"	004bdde8,
004c00bc	string	\"CCBRAGD\"	004bddec,
004c00c4	string	\"CCBRAGE\"	004bddf0,
004c00cc	string	\"CCBRAGF\"	004bddf4,
004c00d4	string	\"CCBRAGG\"	004bddf8,
004c00dc	string	\"CCBRAGH\"	004bddfc,
004c00e4	string	\"CCBRAGI\"	004bde00,
004c00ec	string	\"CCBRAGJ\"	004bde04,
004c00f4	string	\"CCBRAGK\"	004bde08,
004c00fc	string	\"CCBRAGL\"	004bde0c,
004c0104	string	\"CCBRAGM\"	004bde10,
004c010c	string	\"CCBRAGN\"	004bde14,
004c0114	string	\"CCBRAGO\"	004bde18,
004c011c	string	\"CCBRAGP\"	004bde1c,
004c0124	string	\"CCBRAGQ\"	004bde20,
004c012c	string	\"CCBRAGR\"	004bde24,
004c0134	string	\"CCBRAGS\"	004bde28,
004c013c	string	\"CCBRAGT\"	004bde2c,
004c0144	string	\"CCBRAGU\"	004bde30,
004c014c	string	\"CCBRAGV\"	004bde34,
004c0154	string	\"CCBRAGW\"	004bde38,
004c015c	string	\"CCBRAGX\"	004bde3c,
004c0164	string	\"CCBRAGY\"	004bde40,
004c016c	string	\"CCBRAGZ\"	004bde44,
004c0174	string	\"CCBRAGAA\"	004bde48,
004c017d	string	\"CCCMPTA\"	004bde4c,
004c0185	string	\"CCCMPTB\"	004bde50,
004c018d	string	\"CCCMPTC\"	004bde54,
004c0195	string	\"CCCMPTD\"	004bde58,
004c019d	string	\"CCCMPTE\"	004bde5c,
004c01a5	string	\"CCCMPTF\"	004bde60,
004c01ad	string	\"CCCMPTJ\"	004bde64,
004c01b5	string	\"CCCMPTK\"	004bde68,
004c01bd	string	\"CCCMPTL\"	004bde6c,
004c01c5	string	\"CCCMPTM\"	004bde70,
004c01cd	string	\"CCCMPTN\"	004bde74,
004c01d5	string	\"CCCMPTO\"	004bde78,
004c01dd	string	\"CCCMPTP\"	004bde7c,
004c01e5	string	\"CCCMPTQ\"	004bde80,
004c01ed	string	\"CCCMPTR\"	004bde84,
004c01f5	string	\"CCCMPTS\"	004bde88,
004c01fd	string	\"CCCMPTT\"	004bde8c,
004c0205	string	\"CCCMPTU\"	004bde90,
004c020d	string	\"CCCMPTV\"	004bde94,
004c0215	string	\"CCCMPTW\"	004bde98,
004c021d	string	\"CCCMPTX\"	004bde9c,
004c0225	string	\"CCCMPTY\"	004bdea0,
004c022d	string	\"CCCMPTZ\"	004bdea4,
004c0235	string	\"CCPRSEA\"	004bdea8,
004c023d	string	\"CCPRSEB\"	004bdeac,
004c0245	string	\"CCPRSEC\"	004bdeb0,
004c024d	string	\"CCPRSED\"	004bdeb4,
004c0255	string	\"CCPRSEE\"	004bdeb8,
004c025d	string	\"CCPRSEF\"	004bdebc,
004c0265	string	\"CCPRSEG\"	004bdec0,
004c026d	string	\"CCPRSEH\"	004bdec4,
004c0275	string	\"CCPRSEI\"	004bdec8,
004c027d	string	\"CCPRSEJ\"	004bdecc,
004c0285	string	\"CCPRSEK\"	004bded0,
004c028d	string	\"CCPRSEL\"	004bded4,
004c0295	string	\"CCPRSEM\"	004bded8,
004c029d	string	\"CCPRSEN\"	004bdedc,
004c02a5	string	\"CCPRSEO\"	004bdee0,
004c02ad	string	\"CCPRSEP\"	004bdee4,
004c02b5	string	\"CCPRSEQ\"	004bdee8,
004c02bd	string	\"CCPRSER\"	004bdeec,
004c02c5	string	\"CCPRSES\"	004bdef0,
004c02cd	string	\"CCPRSET\"	004bdef4,
004c02d5	string	\"CCCUSTA\"	004bdef8,
004c02dd	string	\"CCCUSTB\"	004bdefc,
004c02e5	string	\"CCCUSTC\"	004bdf00,
004c02ed	string	\"CCCUSTD\"	004bdf04,
004c02f5	string	\"CCCUSTE\"	004bdf08,
004c02fd	string	\"CCCUSTF\"	004bdf0c,
004c0305	string	\"YYSTARA\"	004bdf10,
004c030d	string	\"YYSTARB\"	004bdf14,
004c0315	string	\"YYSTARC\"	004bdf18,
004c031d	string	\"YYWARNA\"	004bdf1c,
004c0325	string	\"YYWARNB\"	004bdf20,
004c032d	string	\"YYWARNC\"	004bdf24,
004c0335	string	\"YYWARND\"	004bdf28,
004c033d	string	\"YYWARNE\"	004bdf2c,
004c0345	string	\"YYGRANA\"	004bdf30,
004c034d	string	\"YYGRANB\"	004bdf34,
004c0355	string	\"YYGRANC\"	004bdf38,
004c035d	string	\"YYGRAND\"	004bdf3c,
004c0365	string	\"YYGRANE\"	004bdf40,
004c036d	string	\"YYBRANA\"	004bdf44,
004c0375	string	\"YYBRANB\"	004bdf48,
004c037d	string	\"YYBRANC\"	004bdf4c,
004c0385	string	\"YYBRAND\"	004bdf50,
004c038d	string	\"YYBRANE\"	004bdf54,
004c0395	string	\"YYGCONA\"	004bdf58,
004c039d	string	\"YYGCONB\"	004bdf5c,
004c03a5	string	\"YYGCONC\"	004bdf60,
004c03ad	string	\"YYGCOND\"	004bdf64,
004c03b5	string	\"YYGCONE\"	004bdf68,
004c03bd	string	\"YYBCONA\"	004bdf6c,
004c03c5	string	\"YYBCONB\"	004bdf70,
004c03cd	string	\"YYBCONC\"	004bdf74,
004c03d5	string	\"YYBCOND\"	004bdf78,
004c03dd	string	\"YYBCONE\"	004bdf7c,
004c03e5	string	\"YYEVNTA\"	004bdf80,
004c03ed	string	\"YYEVNTB\"	004bdf84,
004c03f5	string	\"YYEVNTC\"	004bdf88,
004c03fd	string	\"YYEVNTD\"	004bdf8c,
004c0405	string	\"YYEVNTE\"	004bdf90,
004c040d	string	\"YYXENOA\"	004bdf94,
004c0415	string	\"YYXENOB\"	004bdf98,
004c041d	string	\"YYXENOC\"	004bdf9c,
004c0425	string	\"YYXENOD\"	004bdfa0,
004c042d	string	\"YYEXITA\"	004bdfa4,
004c0435	string	\"YYEXITB\"	004bdfa8,
004c043d	string	\"YYEXITC\"	004bdfac,
004c0445	string	\"YYEXITD\"	004bdfb0,
004c044d	string	\"YYEXITE\"	004bdfb4,
004c0455	string	\"YYEXITF\"	004bdfb8,
004c045d	string	\"YYEXITG\"	004bdfbc,
004c0465	string	\"YYEXITH\"	004bdfc0,
004c046d	string	\"YYEXITI\"	004bdfc4,
004c0475	string	\"YYEXITJ\"	004bdfc8,
004c047d	string	\"YYEXITK\"	004bdfcc,
004c0485	string	\"YYEXITL\"	004bdfd0,
004c048d	string	\"YYCURRA\"	004bdfd4,
004c0495	string	\"YYCURRC\"	004bdfd8,
004c049d	string	\"YYCURRB\"	004bdfdc,
004c04a5	string	\"YYCURRD\"	004bdfe0,
004c04ad	string	\"YYCURRE\"	004bdfe4,
004c04b5	string	\"YYCURRF\"	004bdfe8,
004c04bd	string	\"YYCURRG\"	004bdfec,
004c04c5	string	\"YYCURRH\"	004bdff0,
004c04cd	string	\"YYCURRI\"	004bdff4,
004c04d5	string	\"YYTECHA\"	004bdff8,
004c04dd	string	\"YYTECHB\"	004bdffc,
004c04e5	string	\"YYTECHC\"	004be000,
004c04ed	string	\"YYTECHD\"	004be004,
004c04f5	string	\"YYTECHE\"	004be008,
004c04fd	string	\"YYTECHF\"	004be00c,
004c0505	string	\"YYTECHG\"	004be010,
004c050d	string	\"YYTECHH\"	004be014,
004c0515	string	\"YYTECHI\"	004be018,
004c051d	string	\"YYALLYA\"	004be01c,
004c0525	string	\"YYALLYB\"	004be020,
004c052d	string	\"YYALLYC\"	004be024,
004c0535	string	\"YYALLYD\"	004be028,
004c053d	string	\"YYALLYE\"	004be02c,
004c0545	string	\"YYALLYF\"	004be030,
004c054d	string	\"YYALLYG\"	004be034,
004c0555	string	\"YYALLYH\"	004be038,
004c055d	string	\"YYALLYI\"	004be03c,
004c0565	string	\"YYALLYJ\"	004be040,
004c056d	string	\"YYALLYK\"	004be044,
004c0575	string	\"YYALLYL\"	004be048,
004c057d	string	\"YYALLYM\"	004be04c,
004c0585	string	\"YYALLYN\"	004be050,
004c058d	string	\"YYALLYO\"	004be054,
004c0595	string	\"YYPOLTA\"	004be058,
004c059d	string	\"YYPOLTB\"	004be05c,
004c05a5	string	\"YYPOLTC\"	004be060,
004c05ad	string	\"YYPOLTD\"	004be064,
004c05b5	string	\"YYPOLTE\"	004be068,
004c05bd	string	\"YYHRSHA\"	004be06c,
004c05c5	string	\"YYHRSHB\"	004be070,
004c05cd	string	\"YYHRSHC\"	004be074,
004c05d5	string	\"YYHRSHD\"	004be078,
004c05dd	string	\"YYHRSHE\"	004be07c,
004c05e5	string	\"YYACPTA\"	004be080,
004c05ed	string	\"YYACPTB\"	004be084,
004c05f5	string	\"YYACPTC\"	004be088,
004c05fd	string	\"YYACPTD\"	004be08c,
004c0605	string	\"YYACPTE\"	004be090,
004c060d	string	\"YYBREKA\"	004be094,
004c0615	string	\"YYBREKB\"	004be098,
004c061d	string	\"YYBREKC\"	004be09c,
004c0625	string	\"YYBREKD\"	004be0a0,
004c062d	string	\"YYBREKE\"	004be0a4,
004c0635	string	\"YYQUITA\"	004be0a8,
004c063d	string	\"YYQUITB\"	004be0ac,
004c0645	string	\"YYQUITC\"	004be0b0,
004c064d	string	\"YYQUITD\"	004be0b4,
004c0655	string	\"YYQUITE\"	004be0b8,
004c065d	string	\"YYDAMAA\"	004be0bc,
004c0665	string	\"YYDAMAB\"	004be0c0,
004c066d	string	\"YYDAMAC\"	004be0c4,
004c0675	string	\"YYDCDEA\"	004be0c8,
004c067d	string	\"YYDCDEB\"	004be0cc,
004c0685	string	\"YYDCDEC\"	004be0d0,
004c068d	string	\"YYWAITA\"	004be0d4,
004c0695	string	\"YYRSLTA\"	004be0d8,
004c069d	string	\"YYRSLTB\"	004be0dc,
004c06a5	string	\"YYELIMD\"	004be0e4,
004c06ad	string	\"YYELIMC\"	004be0e8,
004c06b5	string	\"YYELIMA\"	004be0ec,
004c06bd	string	\"YYELIMB\"	004be0f0,
004c06c5	string	\"YYELIMF\"	004be0f4,
004c06cd	string	\"YYELIME\"	004be0f8,
004c06d5	string	\"YYDFTWA\"	004be0fc,
004c06dd	string	\"YYDFTCA\"	004be100,
004c06e5	string	\"YYDFTSA\"	004be104,
004c06ed	string	\"YYVICA\"	004be108,
004c06f4	string	\"YYVICB\"	004be10c,
004c06fb	string	\"YYCPGNA\"	004be110,
004c0703	string	\"YYCPGNB\"	004be114,
004c070b	string	\"YYCPGNC\"	004be118,
004c0713	string	\"YYCPGND\"	004be11c,
004c071b	string	\"YYCPGNE\"	004be120,
004c0723	string	\"YYCPGNF\"	004be124,
004c072b	string	\"YYINSTA\"	004be128,
004c0733	string	\"YYINSTB\"	004be12c,
004c073b	string	\"YYINSTC\"	004be130,
004c0743	string	\"YYINSTD\"	004be134,
004c074b	string	\"YYINSTE\"	004be138,
004c0753	string	\"YYINSTF\"	004be13c,
004c075b	string	\"YYINSTG\"	004be140,
004c0763	string	\"YYINSTH\"	004be144,
004c076b	string	\"YYINSTI\"	004be148,
004c0773	string	\"YYINSTJ\"	004be14c,
004c077b	string	\"YYINSTK\"	004be150,
004c0783	string	\"YYINSTL\"	004be154,
004c078b	string	\"YYINSTM\"	004be158,
004c0793	string	\"YYINSTN\"	004be15c,
004c079b	string	\"YYINSTO\"	004be160,
004c07a3	string	\"YYINSTP\"	004be164,
004c07ab	string	\"YYINSTQ\"	004be168,
004c07b3	string	\"YYINSTR\"	004be16c,
004c07bb	string	\"YYINSTS\"	004be170,
004c07c3	string	\"YYINSTT\"	004be174,
004c07cb	string	\"YYINSTU\"	004be178,
004c07d3	string	\"YYINSTV\"	004be17c,
004c07db	string	\"YYINSTW\"	004be180,
004c07e3	string	\"YYINSTX\"	004be184,
004c07eb	string	\"YYINSTY\"	004be188,
004c07f3	string	\"YYINSTZ\"	004be18c,
004c07fb	string	\"YYTHRTA\"	004be190,
004c0803	string	\"YYTHRTB\"	004be194,
004c080b	string	\"YYTHRTC\"	004be198,
004c0813	string	\"YYTHRTD\"	004be19c,
004c081b	string	\"YYTHRTE\"	004be1a0,
004c0823	string	\"YYTHRTF\"	004be1a4,
004c082b	string	\"YYTHRTG\"	004be1a8,
004c0833	string	\"YYTHRTH\"	004be1ac,
004c083b	string	\"YYTHRTI\"	004be1b0,
004c0843	string	\"YYTHRTJ\"	004be1b4,
004c084b	string	\"YYTHRTK\"	004be1b8,
004c0853	string	\"YYTHRTL\"	004be1bc,
004c085b	string	\"YYTHRTM\"	004be1c0,
004c0863	string	\"YYTHRTN\"	004be1c4,
004c086b	string	\"YYTHRTO\"	004be1c8,
004c0873	string	\"YYTHRTP\"	004be1cc,
004c087b	string	\"YYTHRTQ\"	004be1d0,
004c0883	string	\"YYTHRTR\"	004be1d4,
004c088b	string	\"YYTHRTS\"	004be1d8,
004c0893	string	\"YYTHRTT\"	004be1dc,
004c089b	string	\"YYTHRTU\"	004be1e0,
004c08a3	string	\"YYTHRTV\"	004be1e4,
004c08ab	string	\"YYTHRTW\"	004be1e8,
004c08b3	string	\"YYTHRTX\"	004be1ec,
004c08bb	string	\"YYTHRTY\"	004be1f0,
004c08c3	string	\"YYTHRTZ \"	004be1f4,
004c08cc	string	\"YYTHRTAA\"	004be1f8,
004c08d5	string	\"YYTHRTBB\"	004be1fc,
004c08de	string	\"YYBRAGA\"	004be200,
004c08e6	string	\"YYBRAGB\"	004be204,
004c08ee	string	\"YYBRAGC\"	004be208,
004c08f6	string	\"YYBRAGD\"	004be20c,
004c08fe	string	\"YYBRAGE\"	004be210,
004c0906	string	\"YYBRAGF\"	004be214,
004c090e	string	\"YYBRAGG\"	004be218,
004c0916	string	\"YYBRAGH\"	004be21c,
004c091e	string	\"YYBRAGI\"	004be220,
004c0926	string	\"YYBRAGJ\"	004be224,
004c092e	string	\"YYBRAGK\"	004be228,
004c0936	string	\"YYBRAGL\"	004be22c,
004c093e	string	\"YYBRAGM\"	004be230,
004c0946	string	\"YYBRAGN\"	004be234,
004c094e	string	\"YYBRAGO\"	004be238,
004c0956	string	\"YYBRAGP\"	004be23c,
004c095e	string	\"YYBRAGQ\"	004be240,
004c0966	string	\"YYBRAGR\"	004be244,
004c096e	string	\"YYBRAGS\"	004be248,
004c0976	string	\"YYBRAGT\"	004be24c,
004c097e	string	\"YYBRAGU\"	004be250,
004c0986	string	\"YYBRAGV\"	004be254,
004c098e	string	\"YYBRAGW\"	004be258,
004c0996	string	\"YYBRAGX\"	004be25c,
004c099e	string	\"YYBRAGY\"	004be260,
004c09a6	string	\"YYBRAGZ\"	004be264,
004c09ae	string	\"YYCMPTA\"	004be268,
004c09b6	string	\"YYCMPTB\"	004be26c,
004c09be	string	\"YYCMPTC\"	004be270,
004c09c6	string	\"YYCMPTD\"	004be274,
004c09ce	string	\"YYCMPTE\"	004be278,
004c09d6	string	\"YYCMPTF\"	004be27c,
004c09de	string	\"YYCMPTJ\"	004be280,
004c09e6	string	\"YYCMPTK\"	004be284,
004c09ee	string	\"YYCMPTL\"	004be288,
004c09f6	string	\"YYCMPTM\"	004be28c,
004c09fe	string	\"YYCMPTN\"	004be290,
004c0a06	string	\"YYCMPTO\"	004be294,
004c0a0e	string	\"YYCMPTP\"	004be298,
004c0a16	string	\"YYCMPTQ\"	004be29c,
004c0a1e	string	\"YYCMPTR\"	004be2a0,
004c0a26	string	\"YYCMPTS\"	004be2a4,
004c0a2e	string	\"YYCMPTT\"	004be2a8,
004c0a36	string	\"YYCMPTU\"	004be2ac,
004c0a3e	string	\"YYCMPTV\"	004be2b0,
004c0a46	string	\"YYCMPTW\"	004be2b4,
004c0a4e	string	\"YYCMPTX\"	004be2b8,
004c0a56	string	\"YYCMPTY\"	004be2bc,
004c0a5e	string	\"YYCMPTZ\"	004be2c0,
004c0a66	string	\"YYPRSEA\"	004be2c4,
004c0a6e	string	\"YYPRSEB\"	004be2c8,
004c0a76	string	\"YYPRSEC\"	004be2cc,
004c0a7e	string	\"YYPRSED\"	004be2d0,
004c0a86	string	\"YYPRSEE\"	004be2d4,
004c0a8e	string	\"YYPRSEF\"	004be2d8,
004c0a96	string	\"YYPRSEG\"	004be2dc,
004c0a9e	string	\"YYPRSEH\"	004be2e0,
004c0aa6	string	\"YYPRSEI\"	004be2e4,
004c0aae	string	\"YYPRSEJ\"	004be2e8,
004c0ab6	string	\"YYPRSEK\"	004be2ec,
004c0abe	string	\"YYPRSEL\"	004be2f0,
004c0ac6	string	\"YYPRSEM\"	004be2f4,
004c0ace	string	\"YYPRSEN\"	004be2f8,
004c0ad6	string	\"YYPRSEO\"	004be2fc,
004c0ade	string	\"YYPRSEP\"	004be300,
004c0ae6	string	\"YYPRSEQ\"	004be304,
004c0aee	string	\"YYPRSER\"	004be308,
004c0af6	string	\"YYPRSES\"	004be30c,
004c0afe	string	\"YYPRSET\"	004be310,
004c0b06	string	\"YYCUSTA\"	004be314,
004c0b0e	string	\"YYCUSTB\"	004be318,
004c0b16	string	\"YYCUSTC\"	004be31c,
004c0b1e	string	\"YYCUSTD\"	004be320,
004c0b26	string	\"YYCUSTE\"	004be324,
004c0b2e	string	\"YYCUSTF\"	004be328,
004c0b36	string	\"HHSTARA\"	004be32c,
004c0b3e	string	\"HHSTARB\"	004be330,
004c0b46	string	\"HHSTARC\"	004be334,
004c0b4e	string	\"HHWARNA\"	004be338,
004c0b56	string	\"HHWARNB\"	004be33c,
004c0b5e	string	\"HHWARNC\"	004be340,
004c0b66	string	\"HHWARND\"	004be344,
004c0b6e	string	\"HHWARNE\"	004be348,
004c0b76	string	\"HHGRANA\"	004be34c,
004c0b7e	string	\"HHGRANB\"	004be350,
004c0b86	string	\"HHGRANC\"	004be354,
004c0b8e	string	\"HHGRAND\"	004be358,
004c0b96	string	\"HHGRANE\"	004be35c,
004c0b9e	string	\"HHBRANA\"	004be360,
004c0ba6	string	\"HHBRANB\"	004be364,
004c0bae	string	\"HHBRANC\"	004be368,
004c0bb6	string	\"HHBRAND\"	004be36c,
004c0bbe	string	\"HHBRANE\"	004be370,
004c0bc6	string	\"HHGCONA\"	004be374,
004c0bce	string	\"HHGCONB\"	004be378,
004c0bd6	string	\"HHGCONC\"	004be37c,
004c0bde	string	\"HHGCOND\"	004be380,
004c0be6	string	\"HHGCONE\"	004be384,
004c0bee	string	\"HHBCONA\"	004be388,
004c0bf6	string	\"HHBCONB\"	004be38c,
004c0bfe	string	\"HHBCONC\"	004be390,
004c0c06	string	\"HHBCOND\"	004be394,
004c0c0e	string	\"HHBCONE\"	004be398,
004c0c16	string	\"HHEVENTA\"	004be39c,
004c0c1f	string	\"HHEVENTB\"	004be3a0,
004c0c28	string	\"HHEVENTC\"	004be3a4,
004c0c31	string	\"HHEVENTD\"	004be3a8,
004c0c3a	string	\"HHEVENTE\"	004be3ac,
004c0c43	string	\"HHXENOA\"	004be3b0,
004c0c4b	string	\"HHXENOB\"	004be3b4,
004c0c53	string	\"HHXENOC\"	004be3b8,
004c0c5b	string	\"HHXENOD\"	004be3bc,
004c0c63	string	\"HHEXITA\"	004be3c0,
004c0c6b	string	\"HHEXITB\"	004be3c4,
004c0c73	string	\"HHEXITC\"	004be3c8,
004c0c7b	string	\"HHEXITD\"	004be3cc,
004c0c83	string	\"HHEXITE\"	004be3d0,
004c0c8b	string	\"HHEXITF\"	004be3d4,
004c0c93	string	\"HHEXITG\"	004be3d8,
004c0c9b	string	\"HHEXITH\"	004be3dc,
004c0ca3	string	\"HHEXITI\"	004be3e0,
004c0cab	string	\"HHEXITJ\"	004be3e4,
004c0cb3	string	\"HHEXITK\"	004be3e8,
004c0cbb	string	\"HHEXITL\"	004be3ec,
004c0cc3	string	\"HHCURRA\"	004be3f0,
004c0ccb	string	\"HHCURRC\"	004be3f4,
004c0cd3	string	\"HHCURRB\"	004be3f8,
004c0cdb	string	\"HHCURRD\"	004be3fc,
004c0ce3	string	\"HHCURRE\"	004be400,
004c0ceb	string	\"HHCURRF\"	004be404,
004c0cf3	string	\"HHCURRG\"	004be408,
004c0cfb	string	\"HHCURRH\"	004be40c,
004c0d03	string	\"HHCURRI\"	004be410,
004c0d0b	string	\"HHTECHA\"	004be414,
004c0d13	string	\"HHTECHB\"	004be418,
004c0d1b	string	\"HHTECHC\"	004be41c,
004c0d23	string	\"HHTECHD\"	004be420,
004c0d2b	string	\"HHTECHE\"	004be424,
004c0d33	string	\"HHTECHF\"	004be428,
004c0d3b	string	\"HHTECHG\"	004be42c,
004c0d43	string	\"HHTECHH\"	004be430,
004c0d4b	string	\"HHTECHI\"	004be434,
004c0d53	string	\"HHALLYA\"	004be438,
004c0d5b	string	\"HHALLYB\"	004be43c,
004c0d63	string	\"HHALLYC\"	004be440,
004c0d6b	string	\"HHALLYD\"	004be444,
004c0d73	string	\"HHALLYE\"	004be448,
004c0d7b	string	\"HHALLYF\"	004be44c,
004c0d83	string	\"HHALLYG\"	004be450,
004c0d8b	string	\"HHALLYH\"	004be454,
004c0d93	string	\"HHALLYI\"	004be458,
004c0d9b	string	\"HHALLYJ\"	004be45c,
004c0da3	string	\"HHALLYK\"	004be460,
004c0dab	string	\"HHALLYL\"	004be464,
004c0db3	string	\"HHALLYM\"	004be468,
004c0dbb	string	\"HHALLYN\"	004be46c,
004c0dc3	string	\"HHALLYO\"	004be470,
004c0dcb	string	\"HHPOLTA\"	004be474,
004c0dd3	string	\"HHPOLTB\"	004be478,
004c0ddb	string	\"HHPOLTC\"	004be47c,
004c0de3	string	\"HHPOLTD\"	004be480,
004c0deb	string	\"HHPOLTE\"	004be484,
004c0df3	string	\"HHHRSHA\"	004be488,
004c0dfb	string	\"HHHRSHB\"	004be48c,
004c0e03	string	\"HHHRSHC\"	004be490,
004c0e0b	string	\"HHHRSHD\"	004be494,
004c0e13	string	\"HHHRSHE\"	004be498,
004c0e1b	string	\"HHACPTA\"	004be49c,
004c0e23	string	\"HHACPTB\"	004be4a0,
004c0e2b	string	\"HHACPTC\"	004be4a4,
004c0e33	string	\"HHACPTD\"	004be4a8,
004c0e3b	string	\"HHACPTE\"	004be4ac,
004c0e43	string	\"HHBREKA\"	004be4b0,
004c0e4b	string	\"HHBREKB\"	004be4b4,
004c0e53	string	\"HHBREKC\"	004be4b8,
004c0e5b	string	\"HHBREKD\"	004be4bc,
004c0e63	string	\"HHBREKE\"	004be4c0,
004c0e6b	string	\"HHQUITA\"	004be4c4,
004c0e73	string	\"HHQUITB\"	004be4c8,
004c0e7b	string	\"HHQUITC\"	004be4cc,
004c0e83	string	\"HHQUITD\"	004be4d0,
004c0e8b	string	\"HHQUITE\"	004be4d4,
004c0e93	string	\"HHDAMAA\"	004be4d8,
004c0e9b	string	\"HHDAMAB\"	004be4dc,
004c0ea3	string	\"HHDAMAC\"	004be4e0,
004c0eab	string	\"HHDCDEA\"	004be4e4,
004c0eb3	string	\"HHDCDEB\"	004be4e8,
004c0ebb	string	\"HHDCDEC\"	004be4ec,
004c0ec3	string	\"HHWAITA\"	004be4f0,
004c0ecb	string	\"HHRSLTA\"	004be4f4,
004c0ed3	string	\"HHRSLTB\"	004be4f8,
004c0edb	string	\"HHELIMD\"	004be500,
004c0ee3	string	\"HHELIMC\"	004be504,
004c0eeb	string	\"HHELIMA\"	004be508,
004c0ef3	string	\"HHELIMB\"	004be50c,
004c0efb	string	\"HHELIMF\"	004be510,
004c0f03	string	\"HHELIME\"	004be514,
004c0f0b	string	\"HHDFTWA\"	004be518,
004c0f13	string	\"HHDFTCA\"	004be51c,
004c0f1b	string	\"HHDFTSA\"	004be520,
004c0f23	string	\"HHVICA\"	004be524,
004c0f2a	string	\"HHVICB\"	004be528,
004c0f31	string	\"HHCPGNA\"	004be52c,
004c0f39	string	\"HHCPGNB\"	004be530,
004c0f41	string	\"HHCPGNC\"	004be534,
004c0f49	string	\"HHCPGND\"	004be538,
004c0f51	string	\"HHCPGNE\"	004be53c,
004c0f59	string	\"HHCPGNF\"	004be540,
004c0f61	string	\"HHINSTA\"	004be544,
004c0f69	string	\"HHINSTB\"	004be548,
004c0f71	string	\"HHINSTC\"	004be54c,
004c0f79	string	\"HHINSTD\"	004be550,
004c0f81	string	\"HHINSTE\"	004be554,
004c0f89	string	\"HHINSTF\"	004be558,
004c0f91	string	\"HHINSTG\"	004be55c,
004c0f99	string	\"HHINSTH\"	004be560,
004c0fa1	string	\"HHINSTI\"	004be564,
004c0fa9	string	\"HHINSTJ\"	004be568,
004c0fb1	string	\"HHINSTK\"	004be56c,
004c0fb9	string	\"HHINSTL\"	004be570,
004c0fc1	string	\"HHINSTM\"	004be574,
004c0fc9	string	\"HHINSTN\"	004be578,
004c0fd1	string	\"HHINSTO\"	004be57c,
004c0fd9	string	\"HHINSTP\"	004be580,
004c0fe1	string	\"HHINSTQ\"	004be584,
004c0fe9	string	\"HHINSTR\"	004be588,
004c0ff1	string	\"HHINSTS\"	004be58c,
004c0ff9	string	\"HHINSTT\"	004be590,
004c1001	string	\"HHINSTU\"	004be594,
004c1009	string	\"HHINSTV\"	004be598,
004c1011	string	\"HHINSTW\"	004be59c,
004c1019	string	\"HHINSTX\"	004be5a0,
004c1021	string	\"HHINSTY\"	004be5a4,
004c1029	string	\"HHINSTZ\"	004be5a8,
004c1031	string	\"HHTHRTA\"	004be5ac,
004c1039	string	\"HHTHRTB\"	004be5b0,
004c1041	string	\"HHTHRTC\"	004be5b4,
004c1049	string	\"HHTHRTD\"	004be5b8,
004c1051	string	\"HHTHRTE\"	004be5bc,
004c1059	string	\"HHTHRTF\"	004be5c0,
004c1061	string	\"HHTHRTG\"	004be5c4,
004c1069	string	\"HHTHRTH\"	004be5c8,
004c1071	string	\"HHTHRTI\"	004be5cc,
004c1079	string	\"HHTHRTJ\"	004be5d0,
004c1081	string	\"HHTHRTK\"	004be5d4,
004c1089	string	\"HHTHRTL\"	004be5d8,
004c1091	string	\"HHTHRTM\"	004be5dc,
004c1099	string	\"HHTHRTN\"	004be5e0,
004c10a1	string	\"HHTHRTO\"	004be5e4,
004c10a9	string	\"HHTHRTP\"	004be5e8,
004c10b1	string	\"HHTHRTQ\"	004be5ec,
004c10b9	string	\"HHTHRTR\"	004be5f0,
004c10c1	string	\"HHTHRTS\"	004be5f4,
004c10c9	string	\"HHTHRTT\"	004be5f8,
004c10d1	string	\"HHTHRTU\"	004be5fc,
004c10d9	string	\"HHTHRTV\"	004be600,
004c10e1	string	\"HHTHRTW\"	004be604,
004c10e9	string	\"HHTHRTX\"	004be608,
004c10f1	string	\"HHTHRTY\"	004be60c,
004c10f9	string	\"HHTHRTZ \"	004be610,
004c1102	string	\"HHBRAGA\"	004be614,
004c110a	string	\"HHBRAGB\"	004be618,
004c1112	string	\"HHBRAGC\"	004be61c,
004c111a	string	\"HHBRAGD\"	004be620,
004c1122	string	\"HHBRAGE\"	004be624,
004c112a	string	\"HHBRAGF\"	004be628,
004c1132	string	\"HHBRAGG\"	004be62c,
004c113a	string	\"HHBRAGH\"	004be630,
004c1142	string	\"HHBRAGI\"	004be634,
004c114a	string	\"HHBRAGJ\"	004be638,
004c1152	string	\"HHBRAGK\"	004be63c,
004c115a	string	\"HHBRAGL\"	004be640,
004c1162	string	\"HHBRAGM\"	004be644,
004c116a	string	\"HHBRAGN\"	004be648,
004c1172	string	\"HHBRAGO\"	004be64c,
004c117a	string	\"HHBRAGP\"	004be650,
004c1182	string	\"HHBRAGQ\"	004be654,
004c118a	string	\"HHBRAGR\"	004be658,
004c1192	string	\"HHBRAGS\"	004be65c,
004c119a	string	\"HHBRAGT\"	004be660,
004c11a2	string	\"HHBRAGU\"	004be664,
004c11aa	string	\"HHBRAGV\"	004be668,
004c11b2	string	\"HHBRAGW\"	004be66c,
004c11ba	string	\"HHBRAGX\"	004be670,
004c11c2	string	\"HHBRAGY\"	004be674,
004c11ca	string	\"HHBRAGZ\"	004be678,
004c11d2	string	\"HHCMPTA\"	004be67c,
004c11da	string	\"HHCMPTB\"	004be680,
004c11e2	string	\"HHCMPTC\"	004be684,
004c11ea	string	\"HHCMPTD\"	004be688,
004c11f2	string	\"HHCMPTE\"	004be68c,
004c11fa	string	\"HHCMPTF\"	004be690,
004c1202	string	\"HHCMPTJ\"	004be694,
004c120a	string	\"HHCMPTK\"	004be698,
004c1212	string	\"HHCMPTL\"	004be69c,
004c121a	string	\"HHCMPTM\"	004be6a0,
004c1222	string	\"HHCMPTN\"	004be6a4,
004c122a	string	\"HHCMPTO\"	004be6a8,
004c1232	string	\"HHCMPTP\"	004be6ac,
004c123a	string	\"HHCMPTQ\"	004be6b0,
004c1242	string	\"HHCMPTR\"	004be6b4,
004c124a	string	\"HHCMPTS\"	004be6b8,
004c1252	string	\"HHCMPTT\"	004be6bc,
004c125a	string	\"HHCMPTU\"	004be6c0,
004c1262	string	\"HHCMPTV\"	004be6c4,
004c126a	string	\"HHCMPTW\"	004be6c8,
004c1272	string	\"HHCMPTX\"	004be6cc,
004c127a	string	\"HHCMPTY\"	004be6d0,
004c1282	string	\"HHCMPTZ\"	004be6d4,
004c128a	string	\"HHCMPTAA\"	004be6d8,
004c1293	string	\"HHPRSEA\"	004be6dc,
004c129b	string	\"HHPRSEB\"	004be6e0,
004c12a3	string	\"HHPRSEC\"	004be6e4,
004c12ab	string	\"HHPRSED\"	004be6e8,
004c12b3	string	\"HHPRSEE\"	004be6ec,
004c12bb	string	\"HHPRSEF\"	004be6f0,
004c12c3	string	\"HHPRSEG\"	004be6f4,
004c12cb	string	\"HHPRSEH\"	004be6f8,
004c12d3	string	\"HHPRSEI\"	004be6fc,
004c12db	string	\"HHPRSEJ\"	004be700,
004c12e3	string	\"HHPRSEK\"	004be704,
004c12eb	string	\"HHPRSEL\"	004be708,
004c12f3	string	\"HHPRSEM\"	004be70c,
004c12fb	string	\"HHPRSEN\"	004be710,
004c1303	string	\"HHPRSEO\"	004be714,
004c130b	string	\"HHPRSEP\"	004be718,
004c1313	string	\"HHPRSEQ\"	004be71c,
004c131b	string	\"HHPRSER\"	004be720,
004c1323	string	\"HHPRSES\"	004be724,
004c132b	string	\"HHPRSET\"	004be728,
004c1333	string	\"HHCUSTA\"	004be72c,
004c133b	string	\"HHCUSTB\"	004be730,
004c1343	string	\"HHCUSTC\"	004be734,
004c134b	string	\"HHCUSTD\"	004be738,
004c1353	string	\"HHCUSTE\"	004be73c,
004c135b	string	\"HHCUSTF\"	004be740,
004c1363	string	\"MMSTARA\"	004be744,
004c136b	string	\"MMSTARB\"	004be748,
004c1373	string	\"MMSTARC\"	004be74c,
004c137b	string	\"MMWARNA\"	004be750,
004c1383	string	\"MMWARNB\"	004be754,
004c138b	string	\"MMWARNC\"	004be758,
004c1393	string	\"MMWARND\"	004be75c,
004c139b	string	\"MMWARNE\"	004be760,
004c13a3	string	\"MMGRANA\"	004be764,
004c13ab	string	\"MMGRANB\"	004be768,
004c13b3	string	\"MMGRANC\"	004be76c,
004c13bb	string	\"MMGRAND\"	004be770,
004c13c3	string	\"MMGRANE\"	004be774,
004c13cb	string	\"MMBRANA\"	004be778,
004c13d3	string	\"MMBRANB\"	004be77c,
004c13db	string	\"MMBRANC\"	004be780,
004c13e3	string	\"MMBRAND\"	004be784,
004c13eb	string	\"MMBRANE\"	004be788,
004c13f3	string	\"MMGCONA\"	004be78c,
004c13fb	string	\"MMGCONB\"	004be790,
004c1403	string	\"MMGCONC\"	004be794,
004c140b	string	\"MMGCOND\"	004be798,
004c1413	string	\"MMGCONE\"	004be79c,
004c141b	string	\"MMBCONA\"	004be7a0,
004c1423	string	\"MMBCONB\"	004be7a4,
004c142b	string	\"MMBCONC\"	004be7a8,
004c1433	string	\"MMBCOND\"	004be7ac,
004c143b	string	\"MMBCONE\"	004be7b0,
004c1443	string	\"MMEVNTA\"	004be7b4,
004c144b	string	\"MMEVNTB\"	004be7b8,
004c1453	string	\"MMEVNTC\"	004be7bc,
004c145b	string	\"MMEVNTD\"	004be7c0,
004c1463	string	\"MMEVNTE\"	004be7c4,
004c146b	string	\"MMXENOA\"	004be7c8,
004c1473	string	\"MMXENOB\"	004be7cc,
004c147b	string	\"MMXENOC\"	004be7d0,
004c1483	string	\"MMXENOD\"	004be7d4,
004c148b	string	\"MMEXITA\"	004be7d8,
004c1493	string	\"MMEXITB\"	004be7dc,
004c149b	string	\"MMEXITC\"	004be7e0,
004c14a3	string	\"MMEXITD\"	004be7e4,
004c14ab	string	\"MMEXITE\"	004be7e8,
004c14b3	string	\"MMEXITF\"	004be7ec,
004c14bb	string	\"MMEXITG\"	004be7f0,
004c14c3	string	\"MMEXITH\"	004be7f4,
004c14cb	string	\"MMEXITI\"	004be7f8,
004c14d3	string	\"MMEXITJ\"	004be7fc,
004c14db	string	\"MMEXITK\"	004be800,
004c14e3	string	\"MMEXITL\"	004be804,
004c14eb	string	\"MMCURRA\"	004be808,
004c14f3	string	\"MMCURRC\"	004be80c,
004c14fb	string	\"MMCURRB\"	004be810,
004c1503	string	\"MMCURRD\"	004be814,
004c150b	string	\"MMCURRE\"	004be818,
004c1513	string	\"MMCURRF\"	004be81c,
004c151b	string	\"MMCURRG\"	004be820,
004c1523	string	\"MMCURRH\"	004be824,
004c152b	string	\"MMCURRI\"	004be828,
004c1533	string	\"MMTECHA\"	004be82c,
004c153b	string	\"MMTECHB\"	004be830,
004c1543	string	\"MMTECHC\"	004be834,
004c154b	string	\"MMTECHD\"	004be838,
004c1553	string	\"MMTECHE\"	004be83c,
004c155b	string	\"MMTECHF\"	004be840,
004c1563	string	\"MMTECHG\"	004be844,
004c156b	string	\"MMTECMH\"	004be848,
004c1573	string	\"MMTECHI\"	004be84c,
004c157b	string	\"MMALLYA\"	004be850,
004c1583	string	\"MMALLYB\"	004be854,
004c158b	string	\"MMALLYC\"	004be858,
004c1593	string	\"MMALLYD\"	004be85c,
004c159b	string	\"MMALLYE\"	004be860,
004c15a3	string	\"MMALLYF\"	004be864,
004c15ab	string	\"MMALLYG\"	004be868,
004c15b3	string	\"MMALLYH\"	004be86c,
004c15bb	string	\"MMALLYI\"	004be870,
004c15c3	string	\"MMALLYJ\"	004be874,
004c15cb	string	\"MMALLYK\"	004be878,
004c15d3	string	\"MMALLYL\"	004be87c,
004c15db	string	\"MMALLYM\"	004be880,
004c15e3	string	\"MMALLYN\"	004be884,
004c15eb	string	\"MMALLYO\"	004be888,
004c15f3	string	\"MMPOLTA\"	004be88c,
004c15fb	string	\"MMPOLTB\"	004be890,
004c1603	string	\"MMPOLTC\"	004be894,
004c160b	string	\"MMPOLTD\"	004be898,
004c1613	string	\"MMPOLTE\"	004be89c,
004c161b	string	\"MMHRSHA\"	004be8a0,
004c1623	string	\"MMHRSHB\"	004be8a4,
004c162b	string	\"MMHRSHC\"	004be8a8,
004c1633	string	\"MMHRSHD\"	004be8ac,
004c163b	string	\"MMHRSHE\"	004be8b0,
004c1643	string	\"MMACPTA\"	004be8b4,
004c164b	string	\"MMACPTB\"	004be8b8,
004c1653	string	\"MMACPTC\"	004be8bc,
004c165b	string	\"MMACPTD\"	004be8c0,
004c1663	string	\"MMACPTE\"	004be8c4,
004c166b	string	\"MMBREKA\"	004be8c8,
004c1673	string	\"MMBREKB\"	004be8cc,
004c167b	string	\"MMBREKC\"	004be8d0,
004c1683	string	\"MMBREKD\"	004be8d4,
004c168b	string	\"MMBREKE\"	004be8d8,
004c1693	string	\"MMQUITA\"	004be8dc,
004c169b	string	\"MMQUITB\"	004be8e0,
004c16a3	string	\"MMQUITC\"	004be8e4,
004c16ab	string	\"MMQUITD\"	004be8e8,
004c16b3	string	\"MMQUITE\"	004be8ec,
004c16bb	string	\"MMDAMAA\"	004be8f0,
004c16c3	string	\"MMDAMAB\"	004be8f4,
004c16cb	string	\"MMDAMAC\"	004be8f8,
004c16d3	string	\"MMDCDEA\"	004be8fc,
004c16db	string	\"MMDCDEB\"	004be900,
004c16e3	string	\"MMDCDEC\"	004be904,
004c16eb	string	\"MMWAITA\"	004be908,
004c16f3	string	\"MMRSLTA\"	004be90c,
004c16fb	string	\"MMRSLTB\"	004be910,
004c1703	string	\"MMELIMD\"	004be918,
004c170b	string	\"MMELIMC\"	004be91c,
004c1713	string	\"MMELIMA\"	004be920,
004c171b	string	\"MMELIMB\"	004be924,
004c1723	string	\"MMELIMF\"	004be928,
004c172b	string	\"MMELIME\"	004be92c,
004c1733	string	\"MMDFTWA\"	004be930,
004c173b	string	\"MMDFTCA\"	004be934,
004c1743	string	\"MMDFTSA\"	004be938,
004c174b	string	\"MMVICA\"	004be93c,
004c1752	string	\"MMVICB\"	004be940,
004c1759	string	\"MMCPGNA\"	004be944,
004c1761	string	\"MMCPGNB\"	004be948,
004c1769	string	\"MMCPGNC\"	004be94c,
004c1771	string	\"MMCPGND\"	004be950,
004c1779	string	\"MMCPGNE\"	004be954,
004c1781	string	\"MMCPGNF\"	004be958,
004c1789	string	\"MMINSTA\"	004be95c,
004c1791	string	\"MMINSTB\"	004be960,
004c1799	string	\"MMINSTC\"	004be964,
004c17a1	string	\"MMINSTD\"	004be968,
004c17a9	string	\"MMINSTE\"	004be96c,
004c17b1	string	\"MMINSTF\"	004be970,
004c17b9	string	\"MMINSTG\"	004be974,
004c17c1	string	\"MMINSTH\"	004be978,
004c17c9	string	\"MMINSTI\"	004be97c,
004c17d1	string	\"MMINSTJ\"	004be980,
004c17d9	string	\"MMINSTK\"	004be984,
004c17e1	string	\"MMINSTL\"	004be988,
004c17e9	string	\"MMINSTM\"	004be98c,
004c17f1	string	\"MMINSTN\"	004be990,
004c17f9	string	\"MMINSTO\"	004be994,
004c1801	string	\"MMINSTP\"	004be998,
004c1809	string	\"MMINSTQ\"	004be99c,
004c1811	string	\"MMINSTR\"	004be9a0,
004c1819	string	\"MMINSTS\"	004be9a4,
004c1821	string	\"MMINSTT\"	004be9a8,
004c1829	string	\"MMINSTU\"	004be9ac,
004c1831	string	\"MMINSTV\"	004be9b0,
004c1839	string	\"MMINSTW\"	004be9b4,
004c1841	string	\"MMINSTX\"	004be9b8,
004c1849	string	\"MMINSTY\"	004be9bc,
004c1851	string	\"MMINSTZ\"	004be9c0,
004c1859	string	\"MMTHRTA\"	004be9c4,
004c1861	string	\"MMTHRTB\"	004be9c8,
004c1869	string	\"MMTHRTC\"	004be9cc,
004c1871	string	\"MMTHRTD\"	004be9d0,
004c1879	string	\"MMTHRTE\"	004be9d4,
004c1881	string	\"MMTHRTF\"	004be9d8,
004c1889	string	\"MMTHRTG\"	004be9dc,
004c1891	string	\"MMTHRTH\"	004be9e0,
004c1899	string	\"MMTHRTI\"	004be9e4,
004c18a1	string	\"MMTHRTJ\"	004be9e8,
004c18a9	string	\"MMTHRTL\"	004be9ec,
004c18b1	string	\"MMTHRTM\"	004be9f0,
004c18b9	string	\"MMTHRTN\"	004be9f4,
004c18c1	string	\"MMTHRTO\"	004be9f8,
004c18c9	string	\"MMTHRTP\"	004be9fc,
004c18d1	string	\"MMTHRTQ\"	004bea00,
004c18d9	string	\"MMTHRTR\"	004bea04,
004c18e1	string	\"MMTHRTS\"	004bea08,
004c18e9	string	\"MMTHRTT\"	004bea0c,
004c18f1	string	\"MMTHRTU\"	004bea10,
004c18f9	string	\"MMTHRTV\"	004bea14,
004c1901	string	\"MMTHRTW\"	004bea18,
004c1909	string	\"MMTHRTX\"	004bea1c,
004c1911	string	\"MMTHRTY\"	004bea20,
004c1919	string	\"MMTHRTZ \"	004bea24,
004c1922	string	\"MMBRAGA\"	004bea28,
004c192a	string	\"MMBRAGB\"	004bea2c,
004c1932	string	\"MMBRAGC\"	004bea30,
004c193a	string	\"MMBRAGD\"	004bea34,
004c1942	string	\"MMBRAGE\"	004bea38,
004c194a	string	\"MMBRAGF\"	004bea3c,
004c1952	string	\"MMBRAGG\"	004bea40,
004c195a	string	\"MMBRAGH\"	004bea44,
004c1962	string	\"MMBRAGI\"	004bea48,
004c196a	string	\"MMBRAGJ\"	004bea4c,
004c1972	string	\"MMBRAGK\"	004bea50,
004c197a	string	\"MMBRAGL\"	004bea54,
004c1982	string	\"MMBRAGM\"	004bea58,
004c198a	string	\"MMBRAGN\"	004bea5c,
004c1992	string	\"MMBRAGO\"	004bea60,
004c199a	string	\"MMBRAGP\"	004bea64,
004c19a2	string	\"MMBRAGQ\"	004bea68,
004c19aa	string	\"MMBRAGR\"	004bea6c,
004c19b2	string	\"MMBRAGS\"	004bea70,
004c19ba	string	\"MMBRAGT\"	004bea74,
004c19c2	string	\"MMBRAGU\"	004bea78,
004c19ca	string	\"MMBRAGV\"	004bea7c,
004c19d2	string	\"MMBRAGW\"	004bea80,
004c19da	string	\"MMBRAGX\"	004bea84,
004c19e2	string	\"MMBRAGY\"	004bea88,
004c19ea	string	\"MMBRAGZ\"	004bea8c,
004c19f2	string	\"MMCMPTA\"	004bea90,
004c19fa	string	\"MMCMPTB\"	004bea94,
004c1a02	string	\"MMCMPTC\"	004bea98,
004c1a0a	string	\"MMCMPTD\"	004bea9c,
004c1a12	string	\"MMCMPTE\"	004beaa0,
004c1a1a	string	\"MMCMPTF\"	004beaa4,
004c1a22	string	\"MMCMPTJ\"	004beaa8,
004c1a2a	string	\"MMCMPTK\"	004beaac,
004c1a32	string	\"MMCMPTL\"	004beab0,
004c1a3a	string	\"MMCMPTM\"	004beab4,
004c1a42	string	\"MMCMPTN\"	004beab8,
004c1a4a	string	\"MMCMPTO\"	004beabc,
004c1a52	string	\"MMCMPTP\"	004beac0,
004c1a5a	string	\"MMCMPTQ\"	004beac4,
004c1a62	string	\"MMCMPTR\"	004beac8,
004c1a6a	string	\"MMCMPTS\"	004beacc,
004c1a72	string	\"MMCMPTT\"	004bead0,
004c1a7a	string	\"MMCMPTU\"	004bead4,
004c1a82	string	\"MMCMPTV\"	004bead8,
004c1a8a	string	\"MMCMPTW\"	004beadc,
004c1a92	string	\"MMCMPTX\"	004beae0,
004c1a9a	string	\"MMCMPTY\"	004beae4,
004c1aa2	string	\"MMCMPTZ\"	004beae8,
004c1aaa	string	\"MMCMPTAA\"	004beaec,
004c1ab3	string	\"MMPRSEA\"	004beaf0,
004c1abb	string	\"MMPRSEB\"	004beaf4,
004c1ac3	string	\"MMPRSEC\"	004beaf8,
004c1acb	string	\"MMPRSED\"	004beafc,
004c1ad3	string	\"MMPRSEE\"	004beb00,
004c1adb	string	\"MMPRSEF\"	004beb04,
004c1ae3	string	\"MMPRSEG\"	004beb08,
004c1aeb	string	\"MMPRSEH\"	004beb0c,
004c1af3	string	\"MMPRSEI\"	004beb10,
004c1afb	string	\"MMPRSEJ\"	004beb14,
004c1b03	string	\"MMPRSEK\"	004beb18,
004c1b0b	string	\"MMPRSEL\"	004beb1c,
004c1b13	string	\"MMPRSEM\"	004beb20,
004c1b1b	string	\"MMPRSEN\"	004beb24,
004c1b23	string	\"MMPRSEO\"	004beb28,
004c1b2b	string	\"MMPRSEP\"	004beb2c,
004c1b33	string	\"MMPRSEQ\"	004beb30,
004c1b3b	string	\"MMPRSER\"	004beb34,
004c1b43	string	\"MMPRSES\"	004beb38,
004c1b4b	string	\"MMPRSET\"	004beb3c,
004c1b53	string	\"MMCUSTA\"	004beb40,
004c1b5b	string	\"MMCUSTB\"	004beb44,
004c1b63	string	\"MMCUSTC\"	004beb48,
004c1b6b	string	\"MMCUSTD\"	004beb4c,
004c1b73	string	\"MMCUSTE\"	004beb50,
004c1b7b	string	\"MMCUSTF\"	004beb54,
004c1b83	string	\"RRSTARA\"	004beb58,
004c1b8b	string	\"RRSTARB\"	004beb5c,
004c1b93	string	\"RRSTARC\"	004beb60,
004c1b9b	string	\"RRWARNA\"	004beb64,
004c1ba3	string	\"RRWARNB\"	004beb68,
004c1bab	string	\"RRWARNC\"	004beb6c,
004c1bb3	string	\"RRWARND\"	004beb70,
004c1bbb	string	\"RRWARNE\"	004beb74,
004c1bc3	string	\"RRGRANA\"	004beb78,
004c1bcb	string	\"RRGRANB\"	004beb7c,
004c1bd3	string	\"RRGRANC\"	004beb80,
004c1bdb	string	\"RRGRAND\"	004beb84,
004c1be3	string	\"RRGRANE\"	004beb88,
004c1beb	string	\"RRBRANA\"	004beb8c,
004c1bf3	string	\"RRBRANB\"	004beb90,
004c1bfb	string	\"RRBRANC\"	004beb94,
004c1c03	string	\"RRBRAND\"	004beb98,
004c1c0b	string	\"RRBRANE\"	004beb9c,
004c1c13	string	\"RRGCONA\"	004beba0,
004c1c1b	string	\"RRGCONB\"	004beba4,
004c1c23	string	\"RRGCONC\"	004beba8,
004c1c2b	string	\"RRGCOND\"	004bebac,
004c1c33	string	\"RRGCONE\"	004bebb0,
004c1c3b	string	\"RRBCONA\"	004bebb4,
004c1c43	string	\"RRBCONB\"	004bebb8,
004c1c4b	string	\"RRBCONC\"	004bebbc,
004c1c53	string	\"RRBCOND\"	004bebc0,
004c1c5b	string	\"RRBCONE\"	004bebc4,
004c1c63	string	\"RREVNTA\"	004bebc8,
004c1c6b	string	\"RREVNTB\"	004bebcc,
004c1c73	string	\"RREVNTC\"	004bebd0,
004c1c7b	string	\"RREVNTD\"	004bebd4,
004c1c83	string	\"RREVNTE\"	004bebd8,
004c1c8b	string	\"RRXENOA\"	004bebdc,
004c1c93	string	\"RRXENOB\"	004bebe0,
004c1c9b	string	\"RRXENOC\"	004bebe4,
004c1ca3	string	\"RRXENOD\"	004bebe8,
004c1cab	string	\"RREXITA\"	004bebec,
004c1cb3	string	\"RREXITB\"	004bebf0,
004c1cbb	string	\"RREXITC\"	004bebf4,
004c1cc3	string	\"RREXITD\"	004bebf8,
004c1ccb	string	\"RREXITE\"	004bebfc,
004c1cd3	string	\"RREXITF\"	004bec00,
004c1cdb	string	\"RREXITG\"	004bec04,
004c1ce3	string	\"RREXITH\"	004bec08,
004c1ceb	string	\"RREXITI\"	004bec0c,
004c1cf3	string	\"RREXITJ\"	004bec10,
004c1cfb	string	\"RREXITK\"	004bec14,
004c1d03	string	\"RREXITL\"	004bec18,
004c1d0b	string	\"RRCURRA\"	004bec1c,
004c1d13	string	\"RRCURRC\"	004bec20,
004c1d1b	string	\"RRCURRB\"	004bec24,
004c1d23	string	\"RRCURRD\"	004bec28,
004c1d2b	string	\"RRCURRE\"	004bec2c,
004c1d33	string	\"RRCURRF\"	004bec30,
004c1d3b	string	\"RRCURRG\"	004bec34,
004c1d43	string	\"RRCURRH\"	004bec38,
004c1d4b	string	\"RRCURRI\"	004bec3c,
004c1d53	string	\"RRTECHA\"	004bec40,
004c1d5b	string	\"RRTECHB\"	004bec44,
004c1d63	string	\"RRTECHC\"	004bec48,
004c1d6b	string	\"RRTECHD\"	004bec4c,
004c1d73	string	\"RRTECHE\"	004bec50,
004c1d7b	string	\"RRTECHF\"	004bec54,
004c1d83	string	\"RRTECHG\"	004bec58,
004c1d8b	string	\"RRTECHI\"	004bec5c,004bec60,
004c1d93	string	\"RRALLYA\"	004bec64,
004c1d9b	string	\"RRALLYB\"	004bec68,
004c1da3	string	\"RRALLYC\"	004bec6c,
004c1dab	string	\"RRALLYD\"	004bec70,
004c1db3	string	\"RRALLYE\"	004bec74,
004c1dbb	string	\"RRALLYF\"	004bec78,
004c1dc3	string	\"RRALLYG\"	004bec7c,
004c1dcb	string	\"RRALLYH\"	004bec80,
004c1dd3	string	\"RRALLYI\"	004bec84,
004c1ddb	string	\"RRALLYJ\"	004bec88,
004c1de3	string	\"RRALLYK\"	004bec8c,
004c1deb	string	\"RRALLYL\"	004bec90,
004c1df3	string	\"RRALLYM\"	004bec94,
004c1dfb	string	\"RRALLYN\"	004bec98,
004c1e03	string	\"RRALLYO\"	004bec9c,
004c1e0b	string	\"RRPOLTA\"	004beca0,
004c1e13	string	\"RRPOLTB\"	004beca4,
004c1e1b	string	\"RRPOLTC\"	004beca8,
004c1e23	string	\"RRPOLTD\"	004becac,
004c1e2b	string	\"RRPOLTE\"	004becb0,
004c1e33	string	\"RRHRSHA\"	004becb4,
004c1e3b	string	\"RRHRSHB\"	004becb8,
004c1e43	string	\"RRHRSHC\"	004becbc,
004c1e4b	string	\"RRHRSHD\"	004becc0,
004c1e53	string	\"RRHRSHE\"	004becc4,
004c1e5b	string	\"RRACPTA\"	004becc8,
004c1e63	string	\"RRACPTB\"	004beccc,
004c1e6b	string	\"RRACPTC\"	004becd0,
004c1e73	string	\"RRACPTD\"	004becd4,
004c1e7b	string	\"RRACPTE\"	004becd8,
004c1e83	string	\"RRBREKA\"	004becdc,
004c1e8b	string	\"RRBREKB\"	004bece0,
004c1e93	string	\"RRBREKC\"	004bece4,
004c1e9b	string	\"RRBREKD\"	004bece8,
004c1ea3	string	\"RRBREKE\"	004becec,
004c1eab	string	\"RRQUITA\"	004becf0,
004c1eb3	string	\"RRQUITB\"	004becf4,
004c1ebb	string	\"RRQUITC\"	004becf8,
004c1ec3	string	\"RRQUITD\"	004becfc,
004c1ecb	string	\"RRQUITE\"	004bed00,
004c1ed3	string	\"RRDAMAA\"	004bed04,
004c1edb	string	\"RRDAMAB\"	004bed08,
004c1ee3	string	\"RRDAMAC\"	004bed0c,
004c1eeb	string	\"RRDCDEA\"	004bed10,
004c1ef3	string	\"RRDCDEB\"	004bed14,
004c1efb	string	\"RRDCDEC\"	004bed18,
004c1f03	string	\"RRWAITA\"	004bed1c,
004c1f0b	string	\"RRRSLTA\"	004bed20,
004c1f13	string	\"RRRSLTB\"	004bed24,
004c1f1b	string	\"RRELIMD\"	004bed2c,
004c1f23	string	\"RRELIMC\"	004bed30,
004c1f2b	string	\"RRELIMA\"	004bed34,
004c1f33	string	\"RRELIMB\"	004bed38,
004c1f3b	string	\"RRELIMF\"	004bed3c,
004c1f43	string	\"RRELIME\"	004bed40,
004c1f4b	string	\"RRDFTWA\"	004bed44,
004c1f53	string	\"RRDFTCA\"	004bed48,
004c1f5b	string	\"RRDFTSA\"	004bed4c,
004c1f63	string	\"RRVICA\"	004bed50,
004c1f6a	string	\"RRVICB\"	004bed54,
004c1f71	string	\"RRCPGNA\"	004bed58,
004c1f79	string	\"RRCPGNB\"	004bed5c,
004c1f81	string	\"RRCPGNC\"	004bed60,
004c1f89	string	\"RRCPGND\"	004bed64,
004c1f91	string	\"RRCPGNE\"	004bed68,
004c1f99	string	\"RRCPGNF\"	004bed6c,
004c1fa1	string	\"RRINSTA\"	004bed70,
004c1fa9	string	\"RRINSTB\"	004bed74,
004c1fb1	string	\"RRINSTC\"	004bed78,
004c1fb9	string	\"RRINSTD\"	004bed7c,
004c1fc1	string	\"RRINSTE\"	004bed80,
004c1fc9	string	\"RRINSTF\"	004bed84,
004c1fd1	string	\"RRINSTG\"	004bed88,
004c1fd9	string	\"RRINSTH\"	004bed8c,
004c1fe1	string	\"RRINSTI\"	004bed90,
004c1fe9	string	\"RRINSTJ\"	004bed94,
004c1ff1	string	\"RRINSTK\"	004bed98,
004c1ff9	string	\"RRINSTL\"	004bed9c,
004c2001	string	\"RRINSTM\"	004beda0,
004c2009	string	\"RRINSTN\"	004beda4,
004c2011	string	\"RRINSTO\"	004beda8,
004c2019	string	\"RRINSTP\"	004bedac,
004c2021	string	\"RRINSTQ\"	004bedb0,
004c2029	string	\"RRINSTR\"	004bedb4,
004c2031	string	\"RRINSTS\"	004bedb8,
004c2039	string	\"RRINSTT\"	004bedbc,
004c2041	string	\"RRINSTU\"	004bedc0,
004c2049	string	\"RRINSTV\"	004bedc4,
004c2051	string	\"RRINSTW\"	004bedc8,
004c2059	string	\"RRINSTX\"	004bedcc,
004c2061	string	\"RRINSTY\"	004bedd0,
004c2069	string	\"RRINSTZ\"	004bedd4,
004c2071	string	\"RRTHRTA\"	004bedd8,
004c2079	string	\"RRTHRTB\"	004beddc,
004c2081	string	\"RRTHRTC\"	004bede0,
004c2089	string	\"RRTHRTD\"	004bede4,
004c2091	string	\"RRTHRTE\"	004bede8,
004c2099	string	\"RRTHRTF\"	004bedec,
004c20a1	string	\"RRTHRTG\"	004bedf0,
004c20a9	string	\"RRTHRTH\"	004bedf4,
004c20b1	string	\"RRTHRTJ\"	004bedf8,
004c20b9	string	\"RRTHRTL\"	004bedfc,
004c20c1	string	\"RRTHRTM\"	004bee00,
004c20c9	string	\"RRTHRTN\"	004bee04,
004c20d1	string	\"RRTHRTO\"	004bee08,
004c20d9	string	\"RRTHRTP\"	004bee0c,
004c20e1	string	\"RRTHRTQ\"	004bee10,
004c20e9	string	\"RRTHRTR\"	004bee14,
004c20f1	string	\"RRTHRTS\"	004bee18,
004c20f9	string	\"RRTHRTT\"	004bee1c,
004c2101	string	\"RRTHRTU\"	004bee20,
004c2109	string	\"RRTHRTV\"	004bee24,
004c2111	string	\"RRTHRTW\"	004bee28,
004c2119	string	\"RRTHRTX\"	004bee2c,
004c2121	string	\"RRTHRTY\"	004bee30,
004c2129	string	\"RRTHRTZ \"	004bee34,
004c2132	string	\"RRBRAGA\"	004bee38,
004c213a	string	\"RRBRAGB\"	004bee3c,
004c2142	string	\"RRBRAGC\"	004bee40,
004c214a	string	\"RRBRAGD\"	004bee44,
004c2152	string	\"RRBRAGE\"	004bee48,
004c215a	string	\"RRBRAGF\"	004bee4c,
004c2162	string	\"RRBRAGG\"	004bee50,
004c216a	string	\"RRBRAGH\"	004bee54,
004c2172	string	\"RRBRAGI\"	004bee58,
004c217a	string	\"RRBRAGJ\"	004bee5c,
004c2182	string	\"RRBRAGK\"	004bee60,
004c218a	string	\"RRBRAGL\"	004bee64,
004c2192	string	\"RRBRAGM\"	004bee68,
004c219a	string	\"RRBRAGN\"	004bee6c,
004c21a2	string	\"RRBRAGO\"	004bee70,
004c21aa	string	\"RRBRAGP\"	004bee74,
004c21b2	string	\"RRBRAGQ\"	004bee78,
004c21ba	string	\"RRBRAGR\"	004bee7c,
004c21c2	string	\"RRBRAGS\"	004bee80,
004c21ca	string	\"RRBRAGT\"	004bee84,
004c21d2	string	\"RRBRAGU\"	004bee88,
004c21da	string	\"RRBRAGV\"	004bee8c,
004c21e2	string	\"RRBRAGW\"	004bee90,
004c21ea	string	\"RRBRAGX\"	004bee94,
004c21f2	string	\"RRBRAGY\"	004bee98,
004c21fa	string	\"RRBRAGZ\"	004bee9c,
004c2202	string	\"RRBRAGAA\"	004beea0,
004c220b	string	\"RRCMPTA\"	004beea4,
004c2213	string	\"RRCMPTB\"	004beea8,
004c221b	string	\"RRCMPTC\"	004beeac,
004c2223	string	\"RRCMPTD\"	004beeb0,
004c222b	string	\"RRCMPTE\"	004beeb4,
004c2233	string	\"RRCMPTF\"	004beeb8,
004c223b	string	\"RRCMPTJ\"	004beebc,
004c2243	string	\"RRCMPTK\"	004beec0,
004c224b	string	\"RRCMPTL\"	004beec4,
004c2253	string	\"RRCMPTM\"	004beec8,
004c225b	string	\"RRCMPTN\"	004beecc,
004c2263	string	\"RRCMPTO\"	004beed0,
004c226b	string	\"RRCMPTR\"	004beed4,
004c2273	string	\"RRCMPTS\"	004beed8,
004c227b	string	\"RRCMPTT\"	004beedc,
004c2283	string	\"RRCMPTU\"	004beee0,
004c228b	string	\"RRCMPTV\"	004beee4,
004c2293	string	\"RRCMPTW\"	004beee8,
004c229b	string	\"RRCMPTX\"	004beeec,
004c22a3	string	\"RRCMPTY\"	004beef0,
004c22ab	string	\"RRCMPTZ\"	004beef4,
004c22b3	string	\"RRCMPTAA\"	004beef8,
004c22bc	string	\"RRCMPTBB\"	004beefc,
004c22c5	string	\"RRPRSEA\"	004bef00,
004c22cd	string	\"RRPRSEB\"	004bef04,
004c22d5	string	\"RRPRSEC\"	004bef08,
004c22dd	string	\"RRPRSED\"	004bef0c,
004c22e5	string	\"RRPRSEE\"	004bef10,
004c22ed	string	\"RRPRSEF\"	004bef14,
004c22f5	string	\"RRPRSEG\"	004bef18,
004c22fd	string	\"RRPRSEH\"	004bef1c,
004c2305	string	\"RRPRSEI\"	004bef20,
004c230d	string	\"RRPRSEJ\"	004bef24,
004c2315	string	\"RRPRSEK\"	004bef28,
004c231d	string	\"RRPRSEL\"	004bef2c,
004c2325	string	\"RRPRSEM\"	004bef30,
004c232d	string	\"RRPRSEN\"	004bef34,
004c2335	string	\"RRPRSEO\"	004bef38,
004c233d	string	\"RRPRSEP\"	004bef3c,
004c2345	string	\"RRPRSEQ\"	004bef40,
004c234d	string	\"RRPRSER\"	004bef44,
004c2355	string	\"RRPRSES\"	004bef48,
004c235d	string	\"RRPRSET\"	004bef4c,
004c2365	string	\"RRCUSTA\"	004bef50,
004c236d	string	\"RRCUSTB\"	004bef54,
004c2375	string	\"RRCUSTC\"	004bef58,
004c237d	string	\"RRCUSTD\"	004bef5c,
004c2385	string	\"RRCUSTE\"	004bef60,
004c238d	string	\"RRCUSTF\"	004bef64,
004c2395	string	\"TTSTARA\"	004bef68,
004c239d	string	\"TTSTARB\"	004bef6c,
004c23a5	string	\"TTSTARC\"	004bef70,
004c23ad	string	\"TTWARNA\"	004bef74,
004c23b5	string	\"TTWARNB\"	004bef78,
004c23bd	string	\"TTWARNC\"	004bef7c,
004c23c5	string	\"TTWARND\"	004bef80,
004c23cd	string	\"TTWARNE\"	004bef84,
004c23d5	string	\"TTGRANA\"	004bef88,
004c23dd	string	\"TTGRANB\"	004bef8c,
004c23e5	string	\"TTGRANC\"	004bef90,
004c23ed	string	\"TTGRAND\"	004bef94,
004c23f5	string	\"TTGRANE\"	004bef98,
004c23fd	string	\"TTBRANA\"	004bef9c,
004c2405	string	\"TTBRANB\"	004befa0,
004c240d	string	\"TTBRANC\"	004befa4,
004c2415	string	\"TTBRAND\"	004befa8,
004c241d	string	\"TTBRANE\"	004befac,
004c2425	string	\"TTGCONA\"	004befb0,
004c242d	string	\"TTGCONB\"	004befb4,
004c2435	string	\"TTGCONC\"	004befb8,
004c243d	string	\"TTGCOND\"	004befbc,
004c2445	string	\"TTGCONE\"	004befc0,
004c244d	string	\"TTBCONA\"	004befc4,
004c2455	string	\"TTBCONB\"	004befc8,
004c245d	string	\"TTBCONC\"	004befcc,
004c2465	string	\"TTBCOND\"	004befd0,
004c246d	string	\"TTBCONE\"	004befd4,
004c2475	string	\"TTEVNTA\"	004befd8,
004c247d	string	\"TTEVNTB\"	004befdc,
004c2485	string	\"TTEVNTC\"	004befe0,
004c248d	string	\"TTEVNTD\"	004befe4,
004c2495	string	\"TTEVNTE\"	004befe8,
004c249d	string	\"TTXENOA\"	004befec,
004c24a5	string	\"TTXENOB\"	004beff0,
004c24ad	string	\"TTXENOC\"	004beff4,
004c24b5	string	\"TTXENOD\"	004beff8,
004c24bd	string	\"TTEXITA\"	004beffc,
004c24c5	string	\"TTEXITB\"	004bf000,
004c24cd	string	\"TTEXITC\"	004bf004,
004c24d5	string	\"TTEXITD\"	004bf008,
004c24dd	string	\"TTEXITE\"	004bf00c,
004c24e5	string	\"TTEXITF\"	004bf010,
004c24ed	string	\"TTEXITG\"	004bf014,
004c24f5	string	\"TTEXITH\"	004bf018,
004c24fd	string	\"TTEXITI\"	004bf01c,
004c2505	string	\"TTEXITJ\"	004bf020,
004c250d	string	\"TTEXITK\"	004bf024,
004c2515	string	\"TTEXITL\"	004bf028,
004c251d	string	\"TTCURRA\"	004bf02c,
004c2525	string	\"TTCURRC\"	004bf030,
004c252d	string	\"TTCURRB\"	004bf034,
004c2535	string	\"TTCURRD\"	004bf038,
004c253d	string	\"TTCURRE\"	004bf03c,
004c2545	string	\"TTCURRF\"	004bf040,
004c254d	string	\"TTCURRG\"	004bf044,
004c2555	string	\"TTCURRH\"	004bf048,
004c255d	string	\"TTCURRI\"	004bf04c,
004c2565	string	\"TTTECHA\"	004bf050,
004c256d	string	\"TTTECHB\"	004bf054,
004c2575	string	\"TTTECHC\"	004bf058,
004c257d	string	\"TTTECHD\"	004bf05c,
004c2585	string	\"TTTECHE\"	004bf060,
004c258d	string	\"TTTECHF\"	004bf064,
004c2595	string	\"TTTECHG\"	004bf068,
004c259d	string	\"TTTECHI\"	004bf06c,004bf070,
004c25a5	string	\"TTALLYA\"	004bf074,
004c25ad	string	\"TTALLYB\"	004bf078,
004c25b5	string	\"TTALLYC\"	004bf07c,
004c25bd	string	\"TTALLYD\"	004bf080,
004c25c5	string	\"TTALLYE\"	004bf084,
004c25cd	string	\"TTALLYF\"	004bf088,
004c25d5	string	\"TTALLYG\"	004bf08c,
004c25dd	string	\"TTALLYH\"	004bf090,
004c25e5	string	\"TTALLYI\"	004bf094,
004c25ed	string	\"TTALLYJ\"	004bf098,
004c25f5	string	\"TTALLYK\"	004bf09c,
004c25fd	string	\"TTALLYL\"	004bf0a0,
004c2605	string	\"TTALLYM\"	004bf0a4,
004c260d	string	\"TTALLYN\"	004bf0a8,
004c2615	string	\"TTALLYO\"	004bf0ac,
004c261d	string	\"TTPOLTA\"	004bf0b0,
004c2625	string	\"TTPOLTB\"	004bf0b4,
004c262d	string	\"TTPOLTC\"	004bf0b8,
004c2635	string	\"TTPOLTD\"	004bf0bc,
004c263d	string	\"TTPOLTE\"	004bf0c0,
004c2645	string	\"TTHRSHA\"	004bf0c4,
004c264d	string	\"TTHRSHB\"	004bf0c8,
004c2655	string	\"TTHRSHC\"	004bf0cc,
004c265d	string	\"TTHRSHD\"	004bf0d0,
004c2665	string	\"TTHRSHE\"	004bf0d4,
004c266d	string	\"TTACPTA\"	004bf0d8,
004c2675	string	\"TTACPTB\"	004bf0dc,
004c267d	string	\"TTACPTC\"	004bf0e0,
004c2685	string	\"TTACPTD\"	004bf0e4,
004c268d	string	\"TTACPTE\"	004bf0e8,
004c2695	string	\"TTBREKA\"	004bf0ec,
004c269d	string	\"TTBREKB\"	004bf0f0,
004c26a5	string	\"TTBREKC\"	004bf0f4,
004c26ad	string	\"TTBREKD\"	004bf0f8,
004c26b5	string	\"TTBREKE\"	004bf0fc,
004c26bd	string	\"TTQUITA\"	004bf100,
004c26c5	string	\"TTQUITB\"	004bf104,
004c26cd	string	\"TTQUITC\"	004bf108,
004c26d5	string	\"TTQUITD\"	004bf10c,
004c26dd	string	\"TTQUITE\"	004bf110,
004c26e5	string	\"TTDAMAA\"	004bf114,
004c26ed	string	\"TTDAMAB\"	004bf118,
004c26f5	string	\"TTDAMAC\"	004bf11c,
004c26fd	string	\"TTDCDEA\"	004bf120,
004c2705	string	\"TTDCDEB\"	004bf124,
004c270d	string	\"TTDCDEC\"	004bf128,
004c2715	string	\"TTWAITA\"	004bf12c,
004c271d	string	\"TTRSLTA\"	004bf130,
004c2725	string	\"TTRSLTB\"	004bf134,
004c272d	string	\"TTELIMD\"	004bf13c,
004c2735	string	\"TTELIMC\"	004bf140,
004c273d	string	\"TTELIMA\"	004bf144,
004c2745	string	\"TTELIMB\"	004bf148,
004c274d	string	\"TTELIMF\"	004bf14c,
004c2755	string	\"TTELIME\"	004bf150,
004c275d	string	\"TTDFTWA\"	004bf154,
004c2765	string	\"TTDFTCA\"	004bf158,
004c276d	string	\"TTDFTSA\"	004bf15c,
004c2775	string	\"TTVICA\"	004bf160,
004c277c	string	\"TTVICB\"	004bf164,
004c2783	string	\"TTCPGNA\"	004bf168,
004c278b	string	\"TTCPGNB\"	004bf16c,
004c2793	string	\"TTCPGNC\"	004bf170,
004c279b	string	\"TTCPGND\"	004bf174,
004c27a3	string	\"TTCPGNE\"	004bf178,
004c27ab	string	\"TTCPGNF\"	004bf17c,
004c27b3	string	\"TTCPGNG\"	004bf180,
004c27bb	string	\"TTINSTA\"	004bf184,
004c27c3	string	\"TTINSTB\"	004bf188,
004c27cb	string	\"TTINSTC\"	004bf18c,
004c27d3	string	\"TTINSTD\"	004bf190,
004c27db	string	\"TTINSTE\"	004bf194,
004c27e3	string	\"TTINSTF\"	004bf198,
004c27eb	string	\"TTINSTG\"	004bf19c,
004c27f3	string	\"TTINSTH\"	004bf1a0,
004c27fb	string	\"TTINSTI\"	004bf1a4,
004c2803	string	\"TTINSTJ\"	004bf1a8,
004c280b	string	\"TTINSTK\"	004bf1ac,
004c2813	string	\"TTINSTL\"	004bf1b0,
004c281b	string	\"TTINSTM\"	004bf1b4,
004c2823	string	\"TTINSTN\"	004bf1b8,
004c282b	string	\"TTINSTO\"	004bf1bc,
004c2833	string	\"TTINSTP\"	004bf1c0,
004c283b	string	\"TTINSTQ\"	004bf1c4,
004c2843	string	\"TTINSTR\"	004bf1c8,
004c284b	string	\"TTINSTS\"	004bf1cc,
004c2853	string	\"TTINSTT\"	004bf1d0,
004c285b	string	\"TTINSTU\"	004bf1d4,
004c2863	string	\"TTINSTV\"	004bf1d8,
004c286b	string	\"TTINSTW\"	004bf1dc,
004c2873	string	\"TTINSTX\"	004bf1e0,
004c287b	string	\"TTINSTY\"	004bf1e4,
004c2883	string	\"TTINSTZ\"	004bf1e8,
004c288b	string	\"TTTHRTA\"	004bf1ec,
004c2893	string	\"TTTHRTB\"	004bf1f0,
004c289b	string	\"TTTHRTC\"	004bf1f4,
004c28a3	string	\"TTTHRTD\"	004bf1f8,
004c28ab	string	\"TTTHRTE\"	004bf1fc,
004c28b3	string	\"TTTHRTF\"	004bf200,
004c28bb	string	\"TTTHRTG\"	004bf204,
004c28c3	string	\"TTTHRTH\"	004bf208,
004c28cb	string	\"TTTHRTI\"	004bf20c,
004c28d3	string	\"TTTHRTJ\"	004bf210,
004c28db	string	\"TTTHRTK\"	004bf214,
004c28e3	string	\"TTTHRTL\"	004bf218,
004c28eb	string	\"TTTHRTM\"	004bf21c,
004c28f3	string	\"TTTHRTN\"	004bf220,
004c28fb	string	\"TTTHRTO\"	004bf224,
004c2903	string	\"TTTHRTP\"	004bf228,
004c290b	string	\"TTTHRTQ\"	004bf22c,
004c2913	string	\"TTTHRTR\"	004bf230,
004c291b	string	\"TTTHRTS\"	004bf234,
004c2923	string	\"TTTHRTT\"	004bf238,
004c292b	string	\"TTTHRTU\"	004bf23c,
004c2933	string	\"TTTHRTV\"	004bf240,
004c293b	string	\"TTTHRTW\"	004bf244,
004c2943	string	\"TTTHRTX\"	004bf248,
004c294b	string	\"TTTHRTY\"	004bf24c,
004c2953	string	\"TTTHRTAA\"	004bf250,
004c295c	string	\"TTTHRTBB\"	004bf254,
004c2965	string	\"TTBRAGA\"	004bf258,
004c296d	string	\"TTBRAGB\"	004bf25c,
004c2975	string	\"TTBRAGC\"	004bf260,
004c297d	string	\"TTBRAGD\"	004bf264,
004c2985	string	\"TTBRAGE\"	004bf268,
004c298d	string	\"TTBRAGF\"	004bf26c,
004c2995	string	\"TTBRAGG\"	004bf270,
004c299d	string	\"TTBRAGH\"	004bf274,
004c29a5	string	\"TTBRAGI\"	004bf278,
004c29ad	string	\"TTBRAGJ\"	004bf27c,
004c29b5	string	\"TTBRAGK\"	004bf280,
004c29bd	string	\"TTBRAGL\"	004bf284,
004c29c5	string	\"TTBRAGM\"	004bf288,
004c29cd	string	\"TTBRAGN\"	004bf28c,
004c29d5	string	\"TTBRAGO\"	004bf290,
004c29dd	string	\"TTBRAGP\"	004bf294,
004c29e5	string	\"TTBRAGQ\"	004bf298,
004c29ed	string	\"TTBRAGR\"	004bf29c,
004c29f5	string	\"TTBRAGS\"	004bf2a0,
004c29fd	string	\"TTBRAGT\"	004bf2a4,
004c2a05	string	\"TTBRAGU\"	004bf2a8,
004c2a0d	string	\"TTBRAGV\"	004bf2ac,
004c2a15	string	\"TTBRAGW\"	004bf2b0,
004c2a1d	string	\"TTBRAGX\"	004bf2b4,
004c2a25	string	\"TTBRAGY\"	004bf2b8,
004c2a2d	string	\"TTBRAGZ\"	004bf2bc,
004c2a35	string	\"TTCMPTA\"	004bf2c0,
004c2a3d	string	\"TTCMPTB\"	004bf2c4,
004c2a45	string	\"TTCMPTC\"	004bf2c8,
004c2a4d	string	\"TTCMPTD\"	004bf2cc,
004c2a55	string	\"TTCMPTE\"	004bf2d0,
004c2a5d	string	\"TTCMPTF\"	004bf2d4,
004c2a65	string	\"TTCMPTJ\"	004bf2d8,
004c2a6d	string	\"TTCMPTK\"	004bf2dc,
004c2a75	string	\"TTCMPTL\"	004bf2e0,
004c2a7d	string	\"TTCMPTM\"	004bf2e4,
004c2a85	string	\"TTCMPTN\"	004bf2e8,
004c2a8d	string	\"TTCMPTO\"	004bf2ec,
004c2a95	string	\"TTCMPTP\"	004bf2f0,
004c2a9d	string	\"TTCMPTQ\"	004bf2f4,
004c2aa5	string	\"TTCMPTR\"	004bf2f8,
004c2aad	string	\"TTCMPTS\"	004bf2fc,
004c2ab5	string	\"TTCMPTT\"	004bf300,
004c2abd	string	\"TTCMPTU\"	004bf304,
004c2ac5	string	\"TTCMPTV\"	004bf308,
004c2acd	string	\"TTCMPTW\"	004bf30c,
004c2ad5	string	\"TTCMPTX\"	004bf310,
004c2add	string	\"TTCMPTY\"	004bf314,
004c2ae5	string	\"TTCMPTZ\"	004bf318,
004c2aed	string	\"TTCMPTAA\"	004bf31c,
004c2af6	string	\"TTPRSEA\"	004bf320,
004c2afe	string	\"TTPRSEB\"	004bf324,
004c2b06	string	\"TTPRSEC\"	004bf328,
004c2b0e	string	\"TTPRSED\"	004bf32c,
004c2b16	string	\"TTPRSEE\"	004bf330,
004c2b1e	string	\"TTPRSEF\"	004bf334,
004c2b26	string	\"TTPRSEG\"	004bf338,
004c2b2e	string	\"TTPRSEH\"	004bf33c,
004c2b36	string	\"TTPRSEI\"	004bf340,
004c2b3e	string	\"TTPRSEJ\"	004bf344,
004c2b46	string	\"TTPRSEK\"	004bf348,
004c2b4e	string	\"TTPRSEL\"	004bf34c,
004c2b56	string	\"TTPRSEM\"	004bf350,
004c2b5e	string	\"TTPRSEN\"	004bf354,
004c2b66	string	\"TTPRSEO\"	004bf358,
004c2b6e	string	\"TTPRSEP\"	004bf35c,
004c2b76	string	\"TTPRSEQ\"	004bf360,
004c2b7e	string	\"TTPRSER\"	004bf364,
004c2b86	string	\"TTPRSES\"	004bf368,
004c2b8e	string	\"TTPRSET\"	004bf36c,
004c2b96	string	\"TTCUSTA\"	004bf370,
004c2b9e	string	\"TTCUSTB\"	004bf374,
004c2ba6	string	\"TTCUSTC\"	004bf378,
004c2bae	string	\"TTCUSTD\"	004bf37c,
004c2bb6	string	\"TTCUSTE\"	004bf380,
004c2bbe	string	\"TTCUSTF\"	004bf384,
004c2bc6	string	\"UUSTARA\"	004bf388,
004c2bce	string	\"UUSTARB\"	004bf38c,
004c2bd6	string	\"UUSTARC\"	004bf390,
004c2bde	string	\"UUWARNA\"	004bf394,
004c2be6	string	\"UUWARNB\"	004bf398,
004c2bee	string	\"UUWARNC\"	004bf39c,
004c2bf6	string	\"UUWARND\"	004bf3a0,
004c2bfe	string	\"UUWARNE\"	004bf3a4,
004c2c06	string	\"UUGRANA\"	004bf3a8,
004c2c0e	string	\"UUGRANB\"	004bf3ac,
004c2c16	string	\"UUGRANC\"	004bf3b0,
004c2c1e	string	\"UUGRAND\"	004bf3b4,
004c2c26	string	\"UUGRANE\"	004bf3b8,
004c2c2e	string	\"UUBRANA\"	004bf3bc,
004c2c36	string	\"UUBRANB\"	004bf3c0,
004c2c3e	string	\"UUBRANC\"	004bf3c4,
004c2c46	string	\"UUBRAND\"	004bf3c8,
004c2c4e	string	\"UUBRANE\"	004bf3cc,
004c2c56	string	\"UUGCONA\"	004bf3d0,
004c2c5e	string	\"UUGCONB\"	004bf3d4,
004c2c66	string	\"UUGCONC\"	004bf3d8,
004c2c6e	string	\"UUGCOND\"	004bf3dc,
004c2c76	string	\"UUGCONE\"	004bf3e0,
004c2c7e	string	\"UUBCONA\"	004bf3e4,
004c2c86	string	\"UUBCONB\"	004bf3e8,
004c2c8e	string	\"UUBCONC\"	004bf3ec,
004c2c96	string	\"UUBCOND\"	004bf3f0,
004c2c9e	string	\"UUBCONE\"	004bf3f4,
004c2ca6	string	\"UUEVNTA\"	004bf3f8,
004c2cae	string	\"UUEVNTB\"	004bf3fc,
004c2cb6	string	\"UUEVNTC\"	004bf400,
004c2cbe	string	\"UUEVNTD\"	004bf404,
004c2cc6	string	\"UUEVNTE\"	004bf408,
004c2cce	string	\"UUXENOA\"	004bf40c,
004c2cd6	string	\"UUXENOB\"	004bf410,
004c2cde	string	\"UUXENOC\"	004bf414,
004c2ce6	string	\"UUXENOD\"	004bf418,
004c2cee	string	\"UUEXITA\"	004bf41c,
004c2cf6	string	\"UUEXITB\"	004bf420,
004c2cfe	string	\"UUEXITC\"	004bf424,
004c2d06	string	\"UUEXITD\"	004bf428,
004c2d0e	string	\"UUEXITE\"	004bf42c,
004c2d16	string	\"UUEXITF\"	004bf430,
004c2d1e	string	\"UUEXITG\"	004bf434,
004c2d26	string	\"UUEXITH\"	004bf438,
004c2d2e	string	\"UUEXITI\"	004bf43c,
004c2d36	string	\"UUEXITJ\"	004bf440,
004c2d3e	string	\"UUEXITK\"	004bf444,
004c2d46	string	\"UUEXITL\"	004bf448,
004c2d4e	string	\"UUCURRA\"	004bf44c,
004c2d56	string	\"UUCURRC\"	004bf450,
004c2d5e	string	\"UUCURRB\"	004bf454,
004c2d66	string	\"UUCURRD\"	004bf458,
004c2d6e	string	\"UUCURRE\"	004bf45c,
004c2d76	string	\"UUCURRF\"	004bf460,
004c2d7e	string	\"UUCURRG\"	004bf464,
004c2d86	string	\"UUCURRH\"	004bf468,
004c2d8e	string	\"UUCURRI\"	004bf46c,
004c2d96	string	\"UUTECHA\"	004bf470,
004c2d9e	string	\"UUTECHB\"	004bf474,
004c2da6	string	\"UUTECHC\"	004bf478,
004c2dae	string	\"UUTECHD\"	004bf47c,
004c2db6	string	\"UUTECHE\"	004bf480,
004c2dbe	string	\"UUTECHF\"	004bf484,
004c2dc6	string	\"UUTECHG\"	004bf488,
004c2dce	string	\"UUTECHH\"	004bf48c,
004c2dd6	string	\"UUTECHI\"	004bf490,
004c2dde	string	\"UUALLYA\"	004bf494,
004c2de6	string	\"UUALLYB\"	004bf498,
004c2dee	string	\"UUALLYC\"	004bf49c,
004c2df6	string	\"UUALLYD\"	004bf4a0,
004c2dfe	string	\"UUALLYE\"	004bf4a4,
004c2e06	string	\"UUALLYF\"	004bf4a8,
004c2e0e	string	\"UUALLYG\"	004bf4ac,
004c2e16	string	\"UUALLYH\"	004bf4b0,
004c2e1e	string	\"UUALLYI\"	004bf4b4,
004c2e26	string	\"UUALLYJ\"	004bf4b8,
004c2e2e	string	\"UUALLYK\"	004bf4bc,
004c2e36	string	\"UUALLYL\"	004bf4c0,
004c2e3e	string	\"UUALLYM\"	004bf4c4,
004c2e46	string	\"UUALLYN\"	004bf4c8,
004c2e4e	string	\"UUALLYO\"	004bf4cc,
004c2e56	string	\"UUPOLTA\"	004bf4d0,
004c2e5e	string	\"UUPOLTB\"	004bf4d4,
004c2e66	string	\"UUPOLTC\"	004bf4d8,
004c2e6e	string	\"UUPOLTD\"	004bf4dc,
004c2e76	string	\"UUPOLTE\"	004bf4e0,
004c2e7e	string	\"UUHRSHA\"	004bf4e4,
004c2e86	string	\"UUHRSHB\"	004bf4e8,
004c2e8e	string	\"UUHRSHC\"	004bf4ec,
004c2e96	string	\"UUHRSHD\"	004bf4f0,
004c2e9e	string	\"UUHRSHE\"	004bf4f4,
004c2ea6	string	\"UUACPTA\"	004bf4f8,
004c2eae	string	\"UUACPTB\"	004bf4fc,
004c2eb6	string	\"UUACPTC\"	004bf500,
004c2ebe	string	\"UUACPTD\"	004bf504,
004c2ec6	string	\"UUACPTE\"	004bf508,
004c2ece	string	\"UUBREKA\"	004bf50c,
004c2ed6	string	\"UUBREKB\"	004bf510,
004c2ede	string	\"UUBREKC\"	004bf514,
004c2ee6	string	\"UUBREKD\"	004bf518,
004c2eee	string	\"UUBREKE\"	004bf51c,
004c2ef6	string	\"UUQUITA\"	004bf520,
004c2efe	string	\"UUQUITB\"	004bf524,
004c2f06	string	\"UUQUITC\"	004bf528,
004c2f0e	string	\"UUQUITD\"	004bf52c,
004c2f16	string	\"UUQUITE\"	004bf530,
004c2f1e	string	\"UUDAMAA\"	004bf534,
004c2f26	string	\"UUDAMAB\"	004bf538,
004c2f2e	string	\"UUDAMAC\"	004bf53c,
004c2f36	string	\"UUDCDEA\"	004bf540,
004c2f3e	string	\"UUDCDEB\"	004bf544,
004c2f46	string	\"UUDCDEC\"	004bf548,
004c2f4e	string	\"UUWAITA\"	004bf54c,
004c2f56	string	\"UURSLTA\"	004bf550,
004c2f5e	string	\"UURSLTB\"	004bf554,
004c2f66	string	\"UUELIMD\"	004bf55c,
004c2f6e	string	\"UUELIMC\"	004bf560,
004c2f76	string	\"UUELIMA\"	004bf564,
004c2f7e	string	\"UUELIMB\"	004bf568,
004c2f86	string	\"UUELIMF\"	004bf56c,
004c2f8e	string	\"UUELIME\"	004bf570,
004c2f96	string	\"UUDFTWA\"	004bf574,
004c2f9e	string	\"UUDFTCA\"	004bf578,
004c2fa6	string	\"UUDFTSA\"	004bf57c,
004c2fae	string	\"UUVICA\"	004bf580,
004c2fb5	string	\"UUVICB\"	004bf584,
004c2fbc	string	\"UUCPGNA\"	004bf588,
004c2fc4	string	\"UUCPGNB\"	004bf58c,
004c2fcc	string	\"UUCPGNC\"	004bf590,
004c2fd4	string	\"UUCPGND\"	004bf594,
004c2fdc	string	\"UUCPGNE\"	004bf598,
004c2fe4	string	\"UUCPGNF\"	004bf59c,
004c2fec	string	\"UUINSTA\"	004bf5a0,
004c2ff4	string	\"UUINSTB\"	004bf5a4,
004c2ffc	string	\"UUINSTC\"	004bf5a8,
004c3004	string	\"UUINSTD\"	004bf5ac,
004c300c	string	\"UUINSTE\"	004bf5b0,
004c3014	string	\"UUINSTF\"	004bf5b4,
004c301c	string	\"UUINSTG\"	004bf5b8,
004c3024	string	\"UUINSTH\"	004bf5bc,
004c302c	string	\"UUINSTI\"	004bf5c0,
004c3034	string	\"UUINSTJ\"	004bf5c4,
004c303c	string	\"UUINSTK\"	004bf5c8,
004c3044	string	\"UUINSTL\"	004bf5cc,
004c304c	string	\"UUINSTM\"	004bf5d0,
004c3054	string	\"UUINSTN\"	004bf5d4,
004c305c	string	\"UUINSTO\"	004bf5d8,
004c3064	string	\"UUINSTP\"	004bf5dc,
004c306c	string	\"UUINSTQ\"	004bf5e0,
004c3074	string	\"UUINSTR\"	004bf5e4,
004c307c	string	\"UUINSTS\"	004bf5e8,
004c3084	string	\"UUINSTT\"	004bf5ec,
004c308c	string	\"UUINSTU\"	004bf5f0,
004c3094	string	\"UUINSTV\"	004bf5f4,
004c309c	string	\"UUINSTW\"	004bf5f8,
004c30a4	string	\"UUINSTX\"	004bf5fc,
004c30ac	string	\"UUINSTY\"	004bf600,
004c30b4	string	\"UUINSTZ\"	004bf604,
004c30bc	string	\"UUINSTAA\"	004bf608,
004c30c5	string	\"UUTHRTA\"	004bf60c,
004c30cd	string	\"UUTHRTB\"	004bf610,
004c30d5	string	\"UUTHRTC\"	004bf614,
004c30dd	string	\"UUTHRTD\"	004bf618,
004c30e5	string	\"UUTHRTE\"	004bf61c,
004c30ed	string	\"UUTHRTF\"	004bf620,
004c30f5	string	\"UUTHRTG\"	004bf624,
004c30fd	string	\"UUTHRTH\"	004bf628,
004c3105	string	\"UUTHRTI\"	004bf62c,
004c310d	string	\"UUTHRTJ\"	004bf630,
004c3115	string	\"UUTHRTK\"	004bf634,
004c311d	string	\"UUTHRTL\"	004bf638,
004c3125	string	\"UUTHRTM\"	004bf63c,
004c312d	string	\"UUTHRTN\"	004bf640,
004c3135	string	\"UUTHRTO\"	004bf644,
004c313d	string	\"UUTHRTP\"	004bf648,
004c3145	string	\"UUTHRTQ\"	004bf64c,
004c314d	string	\"UUTHRTR\"	004bf650,
004c3155	string	\"UUTHRTT\"	004bf654,
004c315d	string	\"UUTHRTU\"	004bf658,
004c3165	string	\"UUTHRTV\"	004bf65c,
004c316d	string	\"UUTHRTW\"	004bf660,
004c3175	string	\"UUTHRTX\"	004bf664,
004c317d	string	\"UUTHRTY\"	004bf668,
004c3185	string	\"UUTHRTZ \"	004bf66c,
004c318e	string	\"UUTHRTAA\"	004bf670,
004c3197	string	\"UUBRAGA\"	004bf674,
004c319f	string	\"UUBRAGB\"	004bf678,
004c31a7	string	\"UUBRAGC\"	004bf67c,
004c31af	string	\"UUBRAGD\"	004bf680,
004c31b7	string	\"UUBRAGE\"	004bf684,
004c31bf	string	\"UUBRAGF\"	004bf688,
004c31c7	string	\"UUBRAGG\"	004bf68c,
004c31cf	string	\"UUBRAGH\"	004bf690,
004c31d7	string	\"UUBRAGI\"	004bf694,
004c31df	string	\"UUBRAGK\"	004bf698,
004c31e7	string	\"UUBRAGL\"	004bf69c,
004c31ef	string	\"UUBRAGM\"	004bf6a0,
004c31f7	string	\"UUBRAGN\"	004bf6a4,
004c31ff	string	\"UUBRAGO\"	004bf6a8,
004c3207	string	\"UUBRAGP\"	004bf6ac,
004c320f	string	\"UUBRAGQ\"	004bf6b0,
004c3217	string	\"UUBRAGR\"	004bf6b4,
004c321f	string	\"UUBRAGS\"	004bf6b8,
004c3227	string	\"UUBRAGT\"	004bf6bc,
004c322f	string	\"UUBRAGU\"	004bf6c0,
004c3237	string	\"UUBRAGV\"	004bf6c4,
004c323f	string	\"UUBRAGW\"	004bf6c8,
004c3247	string	\"UUBRAGX\"	004bf6cc,
004c324f	string	\"UUBRAGY\"	004bf6d0,
004c3257	string	\"UUBRAGZ\"	004bf6d4,
004c325f	string	\"UUCMPTA\"	004bf6d8,
004c3267	string	\"UUCMPTB\"	004bf6dc,
004c326f	string	\"UUCMPTC\"	004bf6e0,
004c3277	string	\"UUCMPTD\"	004bf6e4,
004c327f	string	\"UUCMPTE\"	004bf6e8,
004c3287	string	\"UUCMPTF\"	004bf6ec,
004c328f	string	\"UUCMPTJ\"	004bf6f0,
004c3297	string	\"UUCMPTK\"	004bf6f4,
004c329f	string	\"UUCMPTL\"	004bf6f8,
004c32a7	string	\"UUCMPTM\"	004bf6fc,
004c32af	string	\"UUCMPTN\"	004bf700,
004c32b7	string	\"UUCMPTO\"	004bf704,
004c32bf	string	\"UUCMPTP\"	004bf708,
004c32c7	string	\"UUCMPTQ\"	004bf70c,
004c32cf	string	\"UUCMPTR\"	004bf710,
004c32d7	string	\"UUCMPTT\"	004bf714,
004c32df	string	\"UUCMPTU\"	004bf718,
004c32e7	string	\"UUCMPTV\"	004bf71c,
004c32ef	string	\"UUCMPTW\"	004bf720,
004c32f7	string	\"UUCMPTX\"	004bf724,
004c32ff	string	\"UUCMPTY\"	004bf728,
004c3307	string	\"UUCMPTZ\"	004bf72c,
004c330f	string	\"UUCMPTAA\"	004bf730,
004c3318	string	\"UUPRSEA\"	004bf734,
004c3320	string	\"UUPRSEB\"	004bf738,
004c3328	string	\"UUPRSEC\"	004bf73c,
004c3330	string	\"UUPRSED\"	004bf740,
004c3338	string	\"UUPRSEE\"	004bf744,
004c3340	string	\"UUPRSEF\"	004bf748,
004c3348	string	\"UUPRSEG\"	004bf74c,
004c3350	string	\"UUPRSEH\"	004bf750,
004c3358	string	\"UUPRSEI\"	004bf754,
004c3360	string	\"UUPRSEJ\"	004bf758,
004c3368	string	\"UUPRSEK\"	004bf75c,
004c3370	string	\"UUPRSEL\"	004bf760,
004c3378	string	\"UUPRSEM\"	004bf764,
004c3380	string	\"UUPRSEN\"	004bf768,
004c3388	string	\"UUPRSEO\"	004bf76c,
004c3390	string	\"UUPRSEP\"	004bf770,
004c3398	string	\"UUPRSEQ\"	004bf774,
004c33a0	string	\"UUPRSER\"	004bf778,
004c33a8	string	\"UUPRSES\"	004bf77c,
004c33b0	string	\"UUPRSET\"	004bf780,
004c33b8	string	\"UUCUSTA\"	004bf784,
004c33c0	string	\"UUCUSTB\"	004bf788,
004c33c8	string	\"UUCUSTC\"	004bf78c,
004c33d0	string	\"UUCUSTD\"	004bf790,
004c33d8	string	\"UUCUSTE\"	004bf794,
004c33e0	string	\"UUCUSTF\"	004bf798,
004c33e8	string	\"NNOPENA\"	004bf79c,
004c33f0	string	\"NNOPENB\"	004bf7a0,
004c33f8	string	\"NNOPENC\"	004bf7a4,
004c3400	string	\"NNOPEND\"	004bf7a8,
004c3408	string	\"NNOPENE\"	004bf7ac,
004c3410	string	\"NNOPENF\"	004bf7b0,
004c3418	string	\"NNCATAA\"	004bf7b4,
004c3420	string	\"NNCATAB\"	004bf7b8,
004c3428	string	\"NNCATAC\"	004bf7bc,
004c3430	string	\"NNCATAD\"	004bf7c0,
004c3438	string	\"NNCATAE\"	004bf7c4,
004c3440	string	\"NNCATAF\"	004bf7c8,
004c3448	string	\"NNCATAG\"	004bf7cc,
004c3450	string	\"NNCATAH\"	004bf7d0,
004c3458	string	\"NNCATAI\"	004bf7d4,
004c3460	string	\"NNCATAJ\"	004bf7d8,
004c3468	string	\"NNCATAK\"	004bf7dc,
004c3470	string	\"NNCATAL\"	004bf7e0,
004c3478	string	\"NNCATAM\"	004bf7e4,
004c3480	string	\"NNCATAN\"	004bf7e8,
004c3488	string	\"NNCATAO\"	004bf7ec,
004c3490	string	\"NNCATAP\"	004bf7f0,
004c3498	string	\"NNCOLAA\"	004bf7f4,
004c34a0	string	\"NNCOLAB\"	004bf7f8,
004c34a8	string	\"NNCOLAC\"	004bf7fc,
004c34b0	string	\"NNTERRA\"	004bf800,
004c34b8	string	\"NNTERRB\"	004bf804,
004c34c0	string	\"NNLOOPA\"	004bf808,
004c34c8	string	\"NNLOOPB\"	004bf80c,
004c34d0	string	\"NNLOOPC\"	004bf810,
004c34d8	string	\"NNEXITA\"	004bf814,
004c34e0	string	\"NNEXITB\"	004bf818,
004c34e8	string	\"NNEXITC\"	004bf81c,
004c34f0	string	\"NNEXITD\"	004bf820,
004c34f8	string	\"NNEXITE\"	004bf824,
004c3500	string	\"NNEXITF\"	004bf828,
004c3508	string	\"NNEXITG\"	004bf82c,
004c3510	string	\"NNEXITH\"	004bf830,
004c3518	string	\"SSHELLOA\"	004bf834,
004c3521	string	\"SSHELLOB\"	004bf838,
004c352a	string	\"SSHELLOC\"	004bf83c,
004c3533	string	\"SSHELLOD\"	004bf840,
004c353c	string	\"SSHELLOE\"	004bf844,
004c3545	string	\"SSHELLOF\"	004bf848,
004c354e	string	\"SSHELLOG\"	004bf84c,
004c3557	string	\"SSHELLOH\"	004bf850,
004c3560	string	\"SSHELLOI\"	004bf854,
004c3569	string	\"SSHELLOJ\"	004bf858,
004c3572	string	\"SSBLOWA\"	004bf85c,
004c357a	string	\"SSBLOWB\"	004bf860,
004c3582	string	\"SSBLOWC\"	004bf864,
004c358a	string	\"SSBLOWD\"	004bf868,
004c3592	string	\"SSBLOWE\"	004bf86c,
004c359a	string	\"SSBLOWF\"	004bf870,
004c35a2	string	\"SSBLOWG\"	004bf874,
004c35aa	string	\"SSBLOWH\"	004bf878,
004c35b2	string	\"SSBLOWI\"	004bf87c,
004c35ba	string	\"SSBLOWJ\"	004bf880,
004c35c2	string	\"SSENTRA\"	004bf884,
004c35ca	string	\"SSENTRB\"	004bf888,
004c35d2	string	\"SSENTRC\"	004bf88c,
004c35da	string	\"SSENTRD\"	004bf890,
004c35e2	string	\"SSENTRE\"	004bf894,
004c35ea	string	\"SSENTRF\"	004bf898,
004c35f2	string	\"SSENTRG\"	004bf89c,
004c35fa	string	\"SSENTRH\"	004bf8a0,
004c3602	string	\"SSENTRI\"	004bf8a4,
004c360a	string	\"SSENTRJ\"	004bf8a8,
004c3612	string	\"SSEXITA\"	004bf8ac,
004c361a	string	\"SSEXITB\"	004bf8b0,
004c3622	string	\"SSEXITC\"	004bf8b4,
004c362a	string	\"SSEXITD\"	004bf8b8,
004c3632	string	\"SSEXITE\"	004bf8bc,
004c363a	string	\"SSEXITF\"	004bf8c0,
004c3642	string	\"SSEXITG\"	004bf8c4,
004c364a	string	\"SSEXITH\"	004bf8c8,
004c3652	string	\"SSEXITI\"	004bf8cc,
004c365a	string	\"SSEXITJ\"	004bf8d0,
004c3688	string	\"SelRace\"	SelRace,
004c3690	string	\"RaceInit\"	RaceInit_dc94,RaceInit_dc94,RaceInit_dc94,
004c3699	string	\"Early Select Race\"	FUN_0042e244,
004c381c	string	\"G000G001G002G003G004G005\"	FUN_0042ee18,
004c3b51	string	\"DEADLOCK 2 - TEAM CYBERLORE\"	004c390c,
004c3b6d	string	\"Project Team\"	004c3914,
004c3b7a	string	\"Producer          Joe Minton\"	004c391c,
004c3b97	string	\"Lead Designer          Rob Caswell\"	004c3920,
004c3bba	string	\"Lead Programmer          Nathan Sitkoff\"	004c3924,
004c3be2	string	\"Lead Artist          Peter Lawson\"	004c3928,
004c3c04	string	\"Programmers\"	004c3934,
004c3c10	string	\"Chris Tohline\"	004c3938,
004c3c1e	string	\"Thomas Henderson\"	004c393c,
004c3c2f	string	\"Matt Kimmel\"	004c3940,
004c3c3b	string	\"Additional Programmers\"	004c3948,
004c3c52	string	\"Ken Grey\"	004c394c,
004c3c5b	string	\"Mike White\"	004c3950,
004c3c66	string	\"Artists\"	004c395c,
004c3c6e	string	\"Dave White\"	004c3960,
004c3c79	string	\"Sean Wang\"	004c3964,
004c3c83	string	\"Scott Creasy\"	004c3968,
004c3c90	string	\"Matt Skutnik\"	004c396c,
004c3c9d	string	\"Additional Artists\"	004c3974,
004c3cb0	string	\"Mike Baker\"	004c397c,
004c3cbb	string	\"Additional Design\"	004c3988,
004c3ccd	string	\"Bart Simon\"	004c398c,004c39c0,
004c3cd8	string	\"Lip Synching\"	004c3998,
004c3ce5	string	\"Jack Cameron\"	004c399c,004c39c4,
004c3cf2	string	\"Lead Playtester\"	004c39a8,
004c3d02	string	\"Joanne Delphia\"	004c39ac,
004c3d11	string	\"Playtesting\"	004c39b4,
004c3d1d	string	\"TJ Andrzejczyk\"	004c39b8,
004c3d2c	string	\"Fred Fredette\"	004c39bc,
004c3d3a	string	\"Additional Playtesting\"	004c39cc,
004c3d51	string	\"Jesse King\"	004c39d0,
004c3d5c	string	\"Jim DuBois\"	004c39d4,
004c3d67	string	\"Jacqueline Haney McDowell\"	004c39d8,
004c3d81	string	\"Clarinda Rose Merripen\"	004c39dc,
004c3d98	string	\"Cyberlore Management\"	004c39e8,
004c3dad	string	\"Executive Producer    Lester Humphreys\"	004c39ec,
004c3dd4	string	\"Programming Director    Ken Grey\"	004c39f0,
004c3df5	string	\"Production Manager    Joe Minton\"	004c39f4,
004c3e16	string	\"Art Director    Seth Spaulding\"	004c39f8,
004c3e35	string	\"DEADLOCK 2 - TEAM ACCOLADE\"	004c3a08,
004c3e50	string	\"Producer/Designer\"	004c3a14,
004c3e62	string	\"Ken Humphries\"	004c3a18,
004c3e70	string	\"Audio and Music Producer\"	004c3a20,
004c3e89	string	\"Voice Recording and Processing\"	004c3a24,
004c3ea8	string	\"Cinematic SFX, Voice, and Music Arrangement\"	004c3a28,
004c3ed4	string	\"Rick Kelly\"	004c3a2c,
004c3edf	string	\"Dialog, Game Text and Manual Writing\"	004c3a34,
004c3f04	string	\"Voice Casting and Direction\"	004c3a38,
004c3f20	string	\"Mark Jensen\"	004c3a3c,
004c3f2c	string	\"Installer Programmer\"	004c3a44,
004c3f41	string	\"Bobby Tait\"	004c3a48,
004c3f4c	string	\"Matching Service Programmers\"	004c3a50,
004c3f69	string	\"Kerry Bonin\"	004c3a54,
004c3f75	string	\"Gary Strawn\"	004c3a58,004c3b30,
004c3f81	string	\"Product Marketing Manager\"	004c3a60,
004c3f9b	string	\"Mike Sack\"	004c3a64,
004c3fa5	string	\"Manual Layout\"	004c3a6c,
004c3fb3	string	\"W.D. Robinson\"	004c3a70,
004c3fc1	string	\"Additional Marketing Support\"	004c3a78,
004c3fde	string	\"Matt Abrams\"	004c3a7c,
004c3fea	string	\"Mark Glover\"	004c3a80,
004c3ff6	string	\"Jill Dos Santos\"	004c3a84,
004c4006	string	\"Internet Marketing\"	004c3a8c,
004c4019	string	\"Laddie Ervin\"	004c3a90,
004c4026	string	\"Ray Massa\"	004c3a94,
004c4030	string	\"Public Relations\"	004c3a9c,
004c4041	string	\"Erica Krishnamurthy\"	004c3aa0,
004c4055	string	\"Bill Linn\"	004c3aa4,
004c405f	string	\"Rhoda Wawrzynski\"	004c3aa8,
004c4070	string	\"Test Manager\"	004c3ab0,
004c407d	string	\"Alex V. Cabal\"	004c3ab4,
004c408b	string	\"Test Supervisor\"	004c3abc,
004c409b	string	\"Matthew Guzenda\"	004c3ac0,
004c40ab	string	\"Compatability Coordinator\"	004c3ac8,
004c40c5	string	\"David Abrams\"	004c3acc,
004c40d2	string	\"Lead Tester\"	004c3ad4,
004c40de	string	\"Scott Barnes\"	004c3ad8,
004c40eb	string	\"Testers\"	004c3ae0,
004c40f3	string	\"Sam Newman\"	004c3ae4,
004c40fe	string	\"Arnold Galano\"	004c3ae8,
004c410c	string	\"Ben MacAskill\"	004c3aec,
004c411a	string	\"Stefano Canu\"	004c3af0,
004c4127	string	\"Steve Bruno\"	004c3af4,
004c4133	string	\"Jason Cordero\"	004c3af8,
004c4141	string	\"James Strawn\"	004c3afc,
004c414e	string	\"Play Balancing/Special Assistant\"	004c3b04,
004c416f	string	\"David Fung\"	004c3b08,
004c417a	string	\"Mastering\"	004c3b10,
004c4184	string	\"Luis Rivas\"	004c3b14,
004c418f	string	\"Original Deadlock Design Team/\"	004c3b1c,
004c41ae	string	\"Initial Game Design\"	004c3b20,
004c41c2	string	\"Russell Shiffer      Ken Capelli\"	004c3b24,
004c41e3	string	\"Dan Evans      Matthew Ford\"	004c3b28,
004c41ff	string	\"Mark Jensen      Paul Kwinn\"	004c3b2c,
004c4228	string	\"Sel Port Ter\"	FUN_0042f224,
004c4235	string	\"gpSelectPort NULL in gpSelectPort\"	FUN_0042f5d8,
004c42ac	string	\"CYHMRTUOSchat\"	
004c42c4	string	\"script\"	
004c42cb	string	\"sound\"	
004c4590	string	\"%s\\n%s\\n%s\"	FUN_00431534,
004c4599	string	\"%d Cr.\"	CheckSubRes,FUN_00431534,FUN_00431734,FUN_00431734,FUN_00431734,FUN_00434f28,FUN_00434f28,FUN_00434f28,FUN_00434f28,FUN_00434f28,FUN_00434f28,FUN_00434f28,FUN_00434f28,FUN_00434f28,FUN_00434f28,FUN_00434f28,FUN_00434f28,FUN_00434f28,FUN_00434f28,FUN_00434f28,FUN_00434f28,FUN_00434f28,FUN_00434f28,FUN_00434f28,FUN_00434f28,FUN_00434f28,FUN_00434f28,FUN_00432fc0,FUN_0043210c,FUN_0043242c,FUN_004326b0,FUN_004326b0,
004c45a0	string	\"%d %s\"	FUN_00431734,FUN_00431734,FUN_00431734,
004c45ab	string	\"%s %d\"	FUN_00432014,
004c45b5	string	\"Skirneen Info Ter\"	FUN_00432824,
004c45d0	string	\"gpSkirRes NULL in CheckSubRes()\"	CheckSubRes,
004c45f2	string	\"gpSkirInfo NULL in CheckSubInfo()\"	CheckSubInfo,
004c4614	string	\"gpSkirTech NULL in CheckSubTech()\"	CheckSubTech,
004c4636	string	\"gpSkirUnit NULL in CheckSubUnit()\"	CheckSubUnit,
004c469c	string	\"CHECKSUM.SAV\"	
004c46ac	string	\"%d %s\"	FUN_0043735c,
004c473c	string	\"%d %s\"	FUN_00437a3c,FUN_00437a3c,WriteUnitData,
004c4742	string	\"pColorList NULL in WriteUnitData()\"	WriteUnitData,
004c4765	string	\"gpUnitList NULL in CheckUnitList()\"	CheckUnitList,
004c47a0	string	\"%s*%s\"	FUN_00438b9c,
004c47a6	string	\"map%d%s\"	FUN_00438fe0,
004c47b3	string	\"maps\\\\\"	FUN_004393e8,FUN_00438fe0,
004c47b9	string	\"custom\\\\\"	FUN_004393e8,FUN_00438fe0,
004c47c7	string	\"saves\\\\\"	FUN_00438fe0,
004c47d3	string	\"campaign\\\\\"	FUN_00438fe0,
004c47e7	string	\"%s%s%s\"	FUN_004393e8,FUN_004393e8,FUN_00438fe0,
004c47ee	string	\"%sMyGame%s\"	FUN_00438fe0,
004c4810	string	\"%s*%s\"	FUN_004397a0,
004c4816	string	\"maps\\\\\"	FUN_004399dc,
004c4822	string	\"saves\\\\\"	FUN_004399dc,FUN_004399dc,FUN_00439e98,
004c4833	string	\"campaign\\\\\"	FUN_004399dc,FUN_00439e98,
004c4842	string	\"custom\\\\\"	FUN_004399dc,FUN_004399dc,FUN_00439e98,
004c484f	string	\"%s%s%s\"	FUN_00439e98,
004c485f	string	\"%s\\n\\n%s\\n\\n%s\"	FUN_0043a394,
004c486a	string	\"gpTechDet NULL in CheckTechDet()\"	CheckTechDet,
004c48cf	string	\"gpMainInterface NULL in DisableMainInterface()\"	DisableMainInterface,DisableMainInterface_c1a4,
004c492c	string	\"NULL pointers in CheckTechTree()\"	CheckTechTree,
004c499e	string	\"NULL anim in PauseWarrior\"	PauseWarrior,
004c49b8	string	\"NULL warrior in CreateHit\"	CreateHit,
004c49d2	string	\"NULL building in CreateBldgHit\"	CreateBldgHit,
004c49f1	string	\"NULL warrior in DestroyAnim\"	DestroyAnim,
004c4a0d	string	\"BirthCombatSprites: Missile from ?\"	BirthCombatSprites,
004c4a30	string	\"gpViewCombat NULL in CheckViewCombat()\"	CheckViewCombat,
004c4a68	string	\"Memory Allocation of %s buffer of %ld bytes failed! Error code %#08x\"	FUN_004418ec,
004c4aad	string	\"On AllocMem error:\\r\\n\"	FUN_004418ec,
004c4ac2	string	\"Too many Allocations to record!\"	FUN_004418ec,
004c4ae2	string	\"Number of allocations and de-allocations doesn't match!\"	FUN_004419c8,
004c4b64	string	\"Debug Region\\n\\nrNum\\t= %d\\ncNum\\t= %d\\nowner\\t= %d\\nnTer\\t= %d\\nneuBor\\t= %d\\neBor\\t= %d\\ntotB\\t= %d\\npop\\t= %d\\nnBld\\t= %d %d %d %d %d %d %d %d %d %d %d %d %d %d\\nprod\\t= %d %d %d %d %d %d %d %d %d %d\"	
004c4c1a	string	\"Continents Adjacent to this continent\"	
004c4c40	string	\"Adjacent Land Continents to this continent\"	
004c4c6b	string	\"Continents reachable by sea from this territory\"	
004c4c9b	string	\"Territories that can reach this continent by sea.\"	
004c4ccd	string	\"Teritories that can reach this territory by sea.\"	
004c4cfe	string	\"NO_PRESENCE\"	004c4b44,
004c4d0a	string	\"ON_ADJACENT_LAND\"	004c4b48,
004c4d1b	string	\"HAVE_PORT_TER\"	004c4b4c,
004c4d29	string	\"HAVE_PORT\"	004c4b50,
004c4d33	string	\"HAVE_SHIP\"	004c4b54,
004c4d3d	string	\"ON_CONTINENT\"	004c4b58,
004c4d4a	string	\"SETTLED_CONTINENT\"	004c4b5c,
004c4d5c	string	\"HAVE_CITY\"	004c4b60,
004c4d66	string	\"%s\\nfnBld\\t= %d %d %d %d %d %d %d %d %d %d %d %d %d %d\\nfUnits\\t= %d %d %d %d %d %d %d %d %d %d\\nfDef\\t= %d\\nfGnd\\t= %d\\nfTot\\t= %d\\nfMaxG\\t= %d\\nfMaxTo\\t= %d\\nfConG\\t= %d\\nfConTo\\t= %d\\n\\neUnits\\t= %d %d %d %d %d %d %d %d %d %d\\neDef\\t= %d\\neGnd\\t= %d\\neTot\\t= %d\\neMaxG\\t= %d\\neMaxTo\\t= %d\\n\"	
004c4e6c	string	\"cType\\t= %d\\npres\\t= %s %s %s %s\\n\\t   %s %s %s\\n\\nAdj\\t= %X\\nlndAd\\t= %X\\nnTer\\t= %d: F:%d  N:%d  E:%d\\nscore\\t= %d\\n\\ngndStr\\t= %d %d %d %d %d %d %d\\ntotStr\\t= %d %d %d %d %d %d %d\\n\\ncfConG\\t= %d\\ncfConT\\t= %d\\nceGnd \\t= %d\\nceTot\\t= %d\\n\\ncnBld0\\t= %d %d %d %d %d %d %d %d %d %d %d %d %d %d\\ncnBld1\\t= %d %d %d %d %d %d %d %d %d %d %d %d %d %d\\ncnBld2\\t= %d %d %d %d %d %d %d %d %d %d %d %d %d %d\\ncnBld3\\t= %d %d %d %d %d %d %d %d %d %d %d %d %d %d\\ncnBld4\\t= %d %d %d %d %d %d %d %d %d %d %d %d %d %d\\ncnBld5\\t= %d %d %d %d %d %d %d %d %d %d %d %d %d %d\\ncnBld6\\t= %d %d %d %d %d %d %d %d %d %d %d %d %d %d\\n\"	
004c50ac	string	\"Freeing an invalid ANIM.\"	FUN_00444ae4,
004c50c5	string	\"Sprite #%d, type#%d, has bad parent %d, type#%d\"	DrawSprite,
004c50f5	string	\"Null pointer in DrawSprite: sprite #%d, type#%d\"	DrawSprite,
004c5125	string	\"Null sprite in DrawSprite\"	DrawSprite,
004c52dc	string	\"freeArmies[6] is invalid.\"	FUN_0044577c,
004c52f6	string	\"Freeing invalid army in DeleteArmy\"	DeleteArmy,
004c5319	string	\"Re-linking invalid army in ReLinkArmy\"	ReLinkArmy,
004c533f	string	\"%s %s #%d\"	FUN_00445d30,
004c5349	string	\"Deleted unit not in specified territory in DeleteUnit\"	DeleteUnit,
004c537f	string	\"_MoveUnit: %s in %s without transport.\\nFound while moving %s to %s.\"	FUN_00446084,FUN_00446084,FUN_00446084,FUN_00446084,
004c53c3	string	\"NULL territory in DetectsShrine()\"	DetectsShrine,
004c53e5	string	\"CheckDiscovery\"	CheckDiscovery,
004c5bca	string	\"World Map\"	
004c5bd4	string	\"Satellite Map\"	
004c5c00	string	\"Housing\"	
004c5c08	string	\"People Avaiable Row 1\"	
004c5c1e	string	\"People Avaiable Row 2\"	
004c5c34	string	\"People Avaiable Row 3\"	
004c5c4a	string	\"People Avaiable Row 4\"	
004c5c60	string	\"People Avaiable Row 5\"	
004c5c76	string	\"Unit Row 1 \"	
004c5c82	string	\"Unit Row 2 \"	
004c5c8e	string	\"Unit Row 3 \"	
004c5c9a	string	\"CA Task1\"	
004c5ca3	string	\"CA Task2\"	
004c5cac	string	\"CA Task3\"	
004c5cb5	string	\"CA Task4\"	
004c5cbe	string	\"CA Task5\"	
004c5cc7	string	\"CA Task6\"	
004c5cd0	string	\"CA Task7\"	
004c5cd9	string	\"CA Task8\"	
004c5ce2	string	\"CA Task9\"	
004c5ceb	string	\"CA Task10\"	
004c5cf5	string	\"CA Task11\"	
004c5cff	string	\"CA Task12\"	
004c5d09	string	\"CA Task13\"	
004c5d13	string	\"CA Task14\"	
004c5d1d	string	\"CA Task15\"	
004c5d27	string	\"CA Task16\"	
004c5d31	string	\"CA Task17\"	
004c5d3b	string	\"CA Task18\"	
004c5d45	string	\"CA Task19\"	
004c5d4f	string	\"CA Task20\"	
004c5d59	string	\"CA Task21\"	
004c5d63	string	\"CA Task22\"	
004c5d6d	string	\"CA Task23\"	
004c5d77	string	\"CA Task24\"	
004c5d81	string	\"Set stack1\"	
004c5d8c	string	\"Set stack2\"	
004c5d97	string	\"Set stack3\"	
004c5da2	string	\"Set stack4\"	
004c5dad	string	\"Set stack5\"	
004c5db8	string	\"Set Enemy stack1\"	
004c5dc9	string	\"Set Enemy stack2\"	
004c5dda	string	\"Set Enemy stack3\"	
004c5deb	string	\"Set Enemy stack4\"	
004c5dfc	string	\"Set Enemy stack5\"	
004c5e0d	string	\"Set Enemy stack6\"	
004c5e1e	string	\"SPRITENW.DAT\"	DrawSpriteCentered,
004c5e38	string	\"Couldn't Create Balloon Help\"	FUN_0044b544,
004c5f00	string	\"NULL pTerritory in TotalUnitLabor()\"	TotalUnitLabor,
004c5f24	string	\"Invalid uqThis in TotalUnitLabor()\"	TotalUnitLabor,
004c5f47	string	\"NULL pTerritory in TotalTaskLabor()\"	TotalTaskLabor,
004c5f6b	string	\"Invalid pTerritory in TotalTaskLabor()\"	TotalTaskLabor,
004c5f92	string	\"Invalid arguments in MoveLaborToHousing()\"	MoveLaborToHousing,
004c5fbc	string	\"No labor in MoveLaborToHousing()\"	MoveLaborToHousing,
004c5fdd	string	\"Invalid building in IsBuildTaskDifferent()\"	IsBuildTaskDifferent,
004c6008	string	\"Invalid arguments in MoveLaborToHousingNoNet\"	MoveLaborToHousingNoNet,
004c6035	string	\"Non-existant building passed to _SetBuildingFlags\"	FUN_0044c44c,
004c6067	string	\"NULL building in CanUpgradeBuilding()\"	CanUpgradeBuilding,
004c608d	string	\"Invalid arguments to MoveHousingLabor()\"	MoveHousingLabor,
004c60b5	string	\"Invalid building in _DeleteBuilding\"	_DeleteBuilding,
004c60d9	string	\"Invalid building in _DemolishBuilding\"	_DemolishBuilding,
004c60ff	string	\"FindConstructionSite\"	FindConstructionSite,
004c6114	string	\"No Free Buildings!\"	FUN_0044db50,
004c6127	string	\"Invalid territory in ProduceUnits()\"	ProduceUnits,
004c614b	string	\"No queue in ProduceUnits()\"	ProduceUnits,
004c6166	string	\"Invalid building in GetBuildingTasks()\"	GetBuildingTasks,
004cacd4	string	\"CCSTARA\"	004c85dc,
004cacdc	string	\"CCSTARB\"	004c85e0,
004cace4	string	\"CCSTARC\"	004c85e4,
004cacec	string	\"CCWARNA\"	004c85e8,
004cacf4	string	\"CCWARNB\"	004c85ec,
004cacfc	string	\"CCWARNC\"	004c85f0,
004cad04	string	\"CCWARND\"	004c85f4,
004cad0c	string	\"CCWARNE\"	004c85f8,
004cad14	string	\"CCGRANA\"	004c85fc,
004cad1c	string	\"CCGRANB\"	004c8600,
004cad24	string	\"CCGRANC\"	004c8604,
004cad2c	string	\"CCGRAND\"	004c8608,
004cad34	string	\"CCGRANE\"	004c860c,
004cad3c	string	\"CCBRANA\"	004c8610,
004cad44	string	\"CCBRANB\"	004c8614,
004cad4c	string	\"CCBRANC\"	004c8618,
004cad54	string	\"CCBRAND\"	004c861c,
004cad5c	string	\"CCBRANE\"	004c8620,
004cad64	string	\"CCGCONA\"	004c8624,
004cad6c	string	\"CCGCONB\"	004c8628,
004cad74	string	\"CCGCONC\"	004c862c,
004cad7c	string	\"CCGCOND\"	004c8630,
004cad84	string	\"CCGCONE\"	004c8634,
004cad8c	string	\"CCBCONA\"	004c8638,
004cad94	string	\"CCBCONB\"	004c863c,
004cad9c	string	\"CCBCONC\"	004c8640,
004cada4	string	\"CCBCOND\"	004c8644,
004cadac	string	\"CCBCONE\"	004c8648,
004cadb4	string	\"CCEVNTA\"	004c864c,
004cadbc	string	\"CCEVNTB\"	004c8650,
004cadc4	string	\"CCEVNTC\"	004c8654,
004cadcc	string	\"CCEVNTD\"	004c8658,
004cadd4	string	\"CCEVNTE\"	004c865c,
004caddc	string	\"CCXENOA\"	004c8660,
004cade4	string	\"CCXENOB\"	004c8664,
004cadec	string	\"CCXENOC\"	004c8668,
004cadf4	string	\"CCXENOD\"	004c866c,
004cadfc	string	\"CCEXITA\"	004c8670,
004cae04	string	\"CCEXITB\"	004c8674,
004cae0c	string	\"CCEXITC\"	004c8678,
004cae14	string	\"CCEXITD\"	004c867c,
004cae1c	string	\"CCEXITE\"	004c8680,
004cae24	string	\"CCEXITF\"	004c8684,
004cae2c	string	\"CCEXITG\"	004c8688,
004cae34	string	\"CCEXITH\"	004c868c,
004cae3c	string	\"CCEXITI\"	004c8690,
004cae44	string	\"CCEXITJ\"	004c8694,
004cae4c	string	\"CCEXITK\"	004c8698,
004cae54	string	\"CCEXITL\"	004c869c,
004cae5c	string	\"CCCURRA\"	004c86a0,
004cae64	string	\"CCCURRC\"	004c86a4,
004cae6c	string	\"CCCURRB\"	004c86a8,
004cae74	string	\"CCCURRD\"	004c86ac,
004cae7c	string	\"CCCURRE\"	004c86b0,
004cae84	string	\"CCCURRF\"	004c86b4,
004cae8c	string	\"CCCURRG\"	004c86b8,
004cae94	string	\"CCCURRH\"	004c86bc,
004cae9c	string	\"CCCURRI\"	004c86c0,
004caea4	string	\"CCTECHA\"	004c86c4,
004caeac	string	\"CCTECHB\"	004c86c8,
004caeb4	string	\"CCTECHC\"	004c86cc,
004caebc	string	\"CCTECHD\"	004c86d0,
004caec4	string	\"CCTECHE\"	004c86d4,
004caecc	string	\"CCTECHF\"	004c86d8,
004caed4	string	\"CCTECHG\"	004c86dc,
004caedc	string	\"CCTECHH\"	004c86e0,
004caee4	string	\"CCTECHI\"	004c86e4,
004caeec	string	\"CCALLYA\"	004c86e8,
004caef4	string	\"CCALLYB\"	004c86ec,
004caefc	string	\"CCALLYC\"	004c86f0,
004caf04	string	\"CCALLYD\"	004c86f4,
004caf0c	string	\"CCALLYE\"	004c86f8,
004caf14	string	\"CCALLYF\"	004c86fc,
004caf1c	string	\"CCALLYG\"	004c8700,
004caf24	string	\"CCALLYH\"	004c8704,
004caf2c	string	\"CCALLYI\"	004c8708,
004caf34	string	\"CCALLYJ\"	004c870c,
004caf3c	string	\"CCALLYK\"	004c8710,
004caf44	string	\"CCALLYL\"	004c8714,
004caf4c	string	\"CCALLYM\"	004c8718,
004caf54	string	\"CCALLYN\"	004c871c,
004caf5c	string	\"CCPOLTA\"	004c8720,
004caf64	string	\"CCPOLTB\"	004c8724,
004caf6c	string	\"CCPOLTC\"	004c8728,
004caf74	string	\"CCPOLTD\"	004c872c,
004caf7c	string	\"CCPOLTE\"	004c8730,
004caf84	string	\"CCHRSHA\"	004c8734,
004caf8c	string	\"CCHRSHB\"	004c8738,
004caf94	string	\"CCHRSHC\"	004c873c,
004caf9c	string	\"CCHRSHD\"	004c8740,
004cafa4	string	\"CCHRSHE\"	004c8744,
004cafac	string	\"CCACPTA\"	004c8748,
004cafb4	string	\"CCACPTB\"	004c874c,
004cafbc	string	\"CCACPTC\"	004c8750,
004cafc4	string	\"CCACPTD\"	004c8754,
004cafcc	string	\"CCACPTE\"	004c8758,
004cafd4	string	\"CCBREKA\"	004c875c,
004cafdc	string	\"CCBREKB\"	004c8760,
004cafe4	string	\"CCBREKC\"	004c8764,
004cafec	string	\"CCBREKD\"	004c8768,
004caff4	string	\"CCBREKE\"	004c876c,
004caffc	string	\"CCQUITA\"	004c8770,
004cb004	string	\"CCQUITB\"	004c8774,
004cb00c	string	\"CCQUITC\"	004c8778,
004cb014	string	\"CCQUITD\"	004c877c,
004cb01c	string	\"CCQUITE\"	004c8780,
004cb024	string	\"CCDAMAA\"	004c8784,
004cb02c	string	\"CCDAMAB\"	004c8788,
004cb034	string	\"CCDAMAC\"	004c878c,
004cb03c	string	\"CCDCDEA\"	004c8790,
004cb044	string	\"CCDCDEB\"	004c8794,
004cb04c	string	\"CCDCDEC\"	004c8798,
004cb054	string	\"CCWAITA\"	004c879c,
004cb05c	string	\"CCRSLTA\"	004c87a0,
004cb064	string	\"CCRSLTB\"	004c87a4,
004cb06c	string	\"CCELIMD\"	004c87ac,004cac04,
004cb074	string	\"CCELIMC\"	004c87b0,004cac08,
004cb07c	string	\"CCELIMA\"	004c87b4,004cac0c,
004cb084	string	\"CCELIMB\"	004c87b8,004cac14,
004cb08c	string	\"CCELIMF\"	004c87bc,004cac10,
004cb094	string	\"CCELIME\"	004c87c0,004cac18,
004cb09c	string	\"CCDFTWA\"	004c87c4,
004cb0a4	string	\"CCDFTCA\"	004c87c8,
004cb0ac	string	\"CCDFTSA\"	004c87cc,
004cb0b4	string	\"CCVICA\"	004c87d0,
004cb0bb	string	\"CCVICB\"	004c87d4,
004cb0c2	string	\"CCCPGNA\"	004c87d8,
004cb0ca	string	\"CCCPGNB\"	004c87dc,
004cb0d2	string	\"CCCPGNC\"	004c87e0,
004cb0da	string	\"CCCPGND\"	004c87e4,
004cb0e2	string	\"CCCPGNE\"	004c87e8,
004cb0ea	string	\"CCCPGNF\"	004c87ec,
004cb0f2	string	\"CCINSTA\"	004c87f0,
004cb0fa	string	\"CCINSTB\"	004c87f4,
004cb102	string	\"CCINSTC\"	004c87f8,
004cb10a	string	\"CCINSTD\"	004c87fc,
004cb112	string	\"CCINSTE\"	004c8800,
004cb11a	string	\"CCINSTF\"	004c8804,
004cb122	string	\"CCINSTG\"	004c8808,
004cb12a	string	\"CCINSTH\"	004c880c,
004cb132	string	\"CCINSTI\"	004c8810,
004cb13a	string	\"CCINSTJ\"	004c8814,
004cb142	string	\"CCINSTK\"	004c8818,
004cb14a	string	\"CCINSTL\"	004c881c,
004cb152	string	\"CCINSTM\"	004c8820,
004cb15a	string	\"CCINSTN\"	004c8824,
004cb162	string	\"CCINSTO\"	004c8828,
004cb16a	string	\"CCINSTP\"	004c882c,
004cb172	string	\"CCINSTQ\"	004c8830,
004cb17a	string	\"CCINSTR\"	004c8834,
004cb182	string	\"CCINSTS\"	004c8838,
004cb18a	string	\"CCINSTT\"	004c883c,
004cb192	string	\"CCINSTU\"	004c8840,
004cb19a	string	\"CCINSTV\"	004c8844,
004cb1a2	string	\"CCINSTW\"	004c8848,
004cb1aa	string	\"CCINSTX\"	004c884c,
004cb1b2	string	\"CCINSTY\"	004c8850,
004cb1ba	string	\"CCINSTZ\"	004c8854,
004cb1c2	string	\"CCTHRTA\"	004c8858,
004cb1ca	string	\"CCTHRTB\"	004c885c,
004cb1d2	string	\"CCTHRTC\"	004c8860,
004cb1da	string	\"CCTHRTD\"	004c8864,
004cb1e2	string	\"CCTHRTE\"	004c8868,
004cb1ea	string	\"CCTHRTF\"	004c886c,
004cb1f2	string	\"CCTHRTH\"	004c8870,
004cb1fa	string	\"CCTHRTI\"	004c8874,
004cb202	string	\"CCTHRTJ\"	004c8878,
004cb20a	string	\"CCTHRTK\"	004c887c,
004cb212	string	\"CCTHRTL\"	004c8880,
004cb21a	string	\"CCTHRTM\"	004c8884,
004cb222	string	\"CCTHRTN\"	004c8888,
004cb22a	string	\"CCTHRTQ\"	004c888c,
004cb232	string	\"CCTHRTR\"	004c8890,
004cb23a	string	\"CCTHRTS\"	004c8894,
004cb242	string	\"CCTHRTT\"	004c8898,
004cb24a	string	\"CCTHRTU\"	004c889c,
004cb252	string	\"CCTHRTV\"	004c88a0,
004cb25a	string	\"CCTHRTW\"	004c88a4,
004cb262	string	\"CCTHRTX\"	004c88a8,
004cb26a	string	\"CCTHRTY\"	004c88ac,
004cb272	string	\"CCTHRTZ \"	004c88b0,
004cb27b	string	\"CCTHRTAA\"	004c88b4,
004cb284	string	\"CCBRAGA\"	004c88b8,
004cb28c	string	\"CCBRAGB\"	004c88bc,
004cb294	string	\"CCBRAGC\"	004c88c0,
004cb29c	string	\"CCBRAGD\"	004c88c4,
004cb2a4	string	\"CCBRAGE\"	004c88c8,
004cb2ac	string	\"CCBRAGF\"	004c88cc,
004cb2b4	string	\"CCBRAGG\"	004c88d0,
004cb2bc	string	\"CCBRAGH\"	004c88d4,
004cb2c4	string	\"CCBRAGI\"	004c88d8,
004cb2cc	string	\"CCBRAGJ\"	004c88dc,
004cb2d4	string	\"CCBRAGK\"	004c88e0,
004cb2dc	string	\"CCBRAGL\"	004c88e4,
004cb2e4	string	\"CCBRAGM\"	004c88e8,
004cb2ec	string	\"CCBRAGN\"	004c88ec,
004cb2f4	string	\"CCBRAGO\"	004c88f0,
004cb2fc	string	\"CCBRAGP\"	004c88f4,
004cb304	string	\"CCBRAGQ\"	004c88f8,
004cb30c	string	\"CCBRAGR\"	004c88fc,
004cb314	string	\"CCBRAGS\"	004c8900,
004cb31c	string	\"CCBRAGT\"	004c8904,
004cb324	string	\"CCBRAGU\"	004c8908,
004cb32c	string	\"CCBRAGV\"	004c890c,
004cb334	string	\"CCBRAGW\"	004c8910,
004cb33c	string	\"CCBRAGX\"	004c8914,
004cb344	string	\"CCBRAGY\"	004c8918,
004cb34c	string	\"CCBRAGZ\"	004c891c,
004cb354	string	\"CCBRAGAA\"	004c8920,
004cb35d	string	\"CCCMPTA\"	004c8924,
004cb365	string	\"CCCMPTB\"	004c8928,
004cb36d	string	\"CCCMPTC\"	004c892c,
004cb375	string	\"CCCMPTD\"	004c8930,
004cb37d	string	\"CCCMPTE\"	004c8934,
004cb385	string	\"CCCMPTF\"	004c8938,
004cb38d	string	\"CCCMPTJ\"	004c893c,
004cb395	string	\"CCCMPTK\"	004c8940,
004cb39d	string	\"CCCMPTL\"	004c8944,
004cb3a5	string	\"CCCMPTM\"	004c8948,
004cb3ad	string	\"CCCMPTN\"	004c894c,
004cb3b5	string	\"CCCMPTO\"	004c8950,
004cb3bd	string	\"CCCMPTP\"	004c8954,
004cb3c5	string	\"CCCMPTQ\"	004c8958,
004cb3cd	string	\"CCCMPTR\"	004c895c,
004cb3d5	string	\"CCCMPTS\"	004c8960,
004cb3dd	string	\"CCCMPTT\"	004c8964,
004cb3e5	string	\"CCCMPTU\"	004c8968,
004cb3ed	string	\"CCCMPTV\"	004c896c,
004cb3f5	string	\"CCCMPTW\"	004c8970,
004cb3fd	string	\"CCCMPTX\"	004c8974,
004cb405	string	\"CCCMPTY\"	004c8978,
004cb40d	string	\"CCCMPTZ\"	004c897c,
004cb415	string	\"CCPRSEA\"	004c8980,
004cb41d	string	\"CCPRSEB\"	004c8984,
004cb425	string	\"CCPRSEC\"	004c8988,
004cb42d	string	\"CCPRSED\"	004c898c,
004cb435	string	\"CCPRSEE\"	004c8990,
004cb43d	string	\"CCPRSEF\"	004c8994,
004cb445	string	\"CCPRSEG\"	004c8998,
004cb44d	string	\"CCPRSEH\"	004c899c,
004cb455	string	\"CCPRSEI\"	004c89a0,
004cb45d	string	\"CCPRSEJ\"	004c89a4,
004cb465	string	\"CCPRSEK\"	004c89a8,
004cb46d	string	\"CCPRSEL\"	004c89ac,
004cb475	string	\"CCPRSEM\"	004c89b0,
004cb47d	string	\"CCPRSEN\"	004c89b4,
004cb485	string	\"CCPRSEO\"	004c89b8,
004cb48d	string	\"CCPRSEP\"	004c89bc,
004cb495	string	\"CCPRSEQ\"	004c89c0,
004cb49d	string	\"CCPRSER\"	004c89c4,
004cb4a5	string	\"CCPRSES\"	004c89c8,
004cb4ad	string	\"CCPRSET\"	004c89cc,
004cb4b5	string	\"CCCUSTA\"	004c89d0,
004cb4bd	string	\"CCCUSTB\"	004c89d4,
004cb4c5	string	\"CCCUSTC\"	004c89d8,
004cb4cd	string	\"CCCUSTD\"	004c89dc,
004cb4d5	string	\"CCCUSTE\"	004c89e0,
004cb4dd	string	\"CCCUSTF\"	004c89e4,
004cb4e5	string	\"YYSTARA\"	004c89e8,
004cb4ed	string	\"YYSTARB\"	004c89ec,
004cb4f5	string	\"YYSTARC\"	004c89f0,
004cb4fd	string	\"YYWARNA\"	004c89f4,
004cb505	string	\"YYWARNB\"	004c89f8,
004cb50d	string	\"YYWARNC\"	004c89fc,
004cb515	string	\"YYWARND\"	004c8a00,
004cb51d	string	\"YYWARNE\"	004c8a04,
004cb525	string	\"YYGRANA\"	004c8a08,
004cb52d	string	\"YYGRANB\"	004c8a0c,
004cb535	string	\"YYGRANC\"	004c8a10,
004cb53d	string	\"YYGRAND\"	004c8a14,
004cb545	string	\"YYGRANE\"	004c8a18,
004cb54d	string	\"YYBRANA\"	004c8a1c,
004cb555	string	\"YYBRANB\"	004c8a20,
004cb55d	string	\"YYBRANC\"	004c8a24,
004cb565	string	\"YYBRAND\"	004c8a28,
004cb56d	string	\"YYBRANE\"	004c8a2c,
004cb575	string	\"YYGCONA\"	004c8a30,
004cb57d	string	\"YYGCONB\"	004c8a34,
004cb585	string	\"YYGCONC\"	004c8a38,
004cb58d	string	\"YYGCOND\"	004c8a3c,
004cb595	string	\"YYGCONE\"	004c8a40,
004cb59d	string	\"YYBCONA\"	004c8a44,
004cb5a5	string	\"YYBCONB\"	004c8a48,
004cb5ad	string	\"YYBCONC\"	004c8a4c,
004cb5b5	string	\"YYBCOND\"	004c8a50,
004cb5bd	string	\"YYBCONE\"	004c8a54,
004cb5c5	string	\"YYEVNTA\"	004c8a58,
004cb5cd	string	\"YYEVNTB\"	004c8a5c,
004cb5d5	string	\"YYEVNTC\"	004c8a60,
004cb5dd	string	\"YYEVNTD\"	004c8a64,
004cb5e5	string	\"YYEVNTE\"	004c8a68,
004cb5ed	string	\"YYXENOA\"	004c8a6c,
004cb5f5	string	\"YYXENOB\"	004c8a70,
004cb5fd	string	\"YYXENOC\"	004c8a74,
004cb605	string	\"YYXENOD\"	004c8a78,
004cb60d	string	\"YYEXITA\"	004c8a7c,
004cb615	string	\"YYEXITB\"	004c8a80,
004cb61d	string	\"YYEXITC\"	004c8a84,
004cb625	string	\"YYEXITD\"	004c8a88,
004cb62d	string	\"YYEXITE\"	004c8a8c,
004cb635	string	\"YYEXITF\"	004c8a90,
004cb63d	string	\"YYEXITG\"	004c8a94,
004cb645	string	\"YYEXITH\"	004c8a98,
004cb64d	string	\"YYEXITI\"	004c8a9c,
004cb655	string	\"YYEXITJ\"	004c8aa0,
004cb65d	string	\"YYEXITK\"	004c8aa4,
004cb665	string	\"YYEXITL\"	004c8aa8,
004cb66d	string	\"YYCURRA\"	004c8aac,
004cb675	string	\"YYCURRC\"	004c8ab0,
004cb67d	string	\"YYCURRB\"	004c8ab4,
004cb685	string	\"YYCURRD\"	004c8ab8,
004cb68d	string	\"YYCURRE\"	004c8abc,
004cb695	string	\"YYCURRF\"	004c8ac0,
004cb69d	string	\"YYCURRG\"	004c8ac4,
004cb6a5	string	\"YYCURRH\"	004c8ac8,
004cb6ad	string	\"YYCURRI\"	004c8acc,
004cb6b5	string	\"YYTECHA\"	004c8ad0,
004cb6bd	string	\"YYTECHB\"	004c8ad4,
004cb6c5	string	\"YYTECHC\"	004c8ad8,
004cb6cd	string	\"YYTECHD\"	004c8adc,
004cb6d5	string	\"YYTECHE\"	004c8ae0,
004cb6dd	string	\"YYTECHF\"	004c8ae4,
004cb6e5	string	\"YYTECHG\"	004c8ae8,
004cb6ed	string	\"YYTECHH\"	004c8aec,
004cb6f5	string	\"YYTECHI\"	004c8af0,
004cb6fd	string	\"YYALLYA\"	004c8af4,
004cb705	string	\"YYALLYB\"	004c8af8,
004cb70d	string	\"YYALLYC\"	004c8afc,
004cb715	string	\"YYALLYD\"	004c8b00,
004cb71d	string	\"YYALLYE\"	004c8b04,
004cb725	string	\"YYALLYF\"	004c8b08,
004cb72d	string	\"YYALLYG\"	004c8b0c,
004cb735	string	\"YYALLYH\"	004c8b10,
004cb73d	string	\"YYALLYI\"	004c8b14,
004cb745	string	\"YYALLYJ\"	004c8b18,
004cb74d	string	\"YYALLYK\"	004c8b1c,
004cb755	string	\"YYALLYL\"	004c8b20,
004cb75d	string	\"YYALLYM\"	004c8b24,
004cb765	string	\"YYALLYN\"	004c8b28,
004cb76d	string	\"YYALLYO\"	004c8b2c,
004cb775	string	\"YYPOLTA\"	004c8b30,
004cb77d	string	\"YYPOLTB\"	004c8b34,
004cb785	string	\"YYPOLTC\"	004c8b38,
004cb78d	string	\"YYPOLTD\"	004c8b3c,
004cb795	string	\"YYPOLTE\"	004c8b40,
004cb79d	string	\"YYHRSHA\"	004c8b44,
004cb7a5	string	\"YYHRSHB\"	004c8b48,
004cb7ad	string	\"YYHRSHC\"	004c8b4c,
004cb7b5	string	\"YYHRSHD\"	004c8b50,
004cb7bd	string	\"YYHRSHE\"	004c8b54,
004cb7c5	string	\"YYACPTA\"	004c8b58,
004cb7cd	string	\"YYACPTB\"	004c8b5c,
004cb7d5	string	\"YYACPTC\"	004c8b60,
004cb7dd	string	\"YYACPTD\"	004c8b64,
004cb7e5	string	\"YYACPTE\"	004c8b68,
004cb7ed	string	\"YYBREKA\"	004c8b6c,
004cb7f5	string	\"YYBREKB\"	004c8b70,
004cb7fd	string	\"YYBREKC\"	004c8b74,
004cb805	string	\"YYBREKD\"	004c8b78,
004cb80d	string	\"YYBREKE\"	004c8b7c,
004cb815	string	\"YYQUITA\"	004c8b80,
004cb81d	string	\"YYQUITB\"	004c8b84,
004cb825	string	\"YYQUITC\"	004c8b88,
004cb82d	string	\"YYQUITD\"	004c8b8c,
004cb835	string	\"YYQUITE\"	004c8b90,
004cb83d	string	\"YYDAMAA\"	004c8b94,
004cb845	string	\"YYDAMAB\"	004c8b98,
004cb84d	string	\"YYDAMAC\"	004c8b9c,
004cb855	string	\"YYDCDEA\"	004c8ba0,
004cb85d	string	\"YYDCDEB\"	004c8ba4,
004cb865	string	\"YYDCDEC\"	004c8ba8,
004cb86d	string	\"YYWAITA\"	004c8bac,
004cb875	string	\"YYRSLTA\"	004c8bb0,
004cb87d	string	\"YYRSLTB\"	004c8bb4,
004cb885	string	\"YYELIMD\"	004c8bbc,004cac34,
004cb88d	string	\"YYELIMC\"	004c8bc0,004cac30,
004cb895	string	\"YYELIMA\"	004c8bc4,004cac28,
004cb89d	string	\"YYELIMB\"	004c8bc8,004cac24,
004cb8a5	string	\"YYELIMF\"	004c8bcc,004cac1c,
004cb8ad	string	\"YYELIME\"	004c8bd0,004cac2c,
004cb8b5	string	\"YYDFTWA\"	004c8bd4,
004cb8bd	string	\"YYDFTCA\"	004c8bd8,
004cb8c5	string	\"YYDFTSA\"	004c8bdc,
004cb8cd	string	\"YYVICA\"	004c8be0,
004cb8d4	string	\"YYVICB\"	004c8be4,
004cb8db	string	\"YYCPGNA\"	004c8be8,
004cb8e3	string	\"YYCPGNB\"	004c8bec,
004cb8eb	string	\"YYCPGNC\"	004c8bf0,
004cb8f3	string	\"YYCPGND\"	004c8bf4,
004cb8fb	string	\"YYCPGNE\"	004c8bf8,
004cb903	string	\"YYCPGNF\"	004c8bfc,
004cb90b	string	\"YYINSTA\"	004c8c00,
004cb913	string	\"YYINSTB\"	004c8c04,
004cb91b	string	\"YYINSTC\"	004c8c08,
004cb923	string	\"YYINSTD\"	004c8c0c,
004cb92b	string	\"YYINSTE\"	004c8c10,
004cb933	string	\"YYINSTF\"	004c8c14,
004cb93b	string	\"YYINSTG\"	004c8c18,
004cb943	string	\"YYINSTH\"	004c8c1c,
004cb94b	string	\"YYINSTI\"	004c8c20,
004cb953	string	\"YYINSTJ\"	004c8c24,
004cb95b	string	\"YYINSTK\"	004c8c28,
004cb963	string	\"YYINSTL\"	004c8c2c,
004cb96b	string	\"YYINSTM\"	004c8c30,
004cb973	string	\"YYINSTN\"	004c8c34,
004cb97b	string	\"YYINSTO\"	004c8c38,
004cb983	string	\"YYINSTP\"	004c8c3c,
004cb98b	string	\"YYINSTQ\"	004c8c40,
004cb993	string	\"YYINSTR\"	004c8c44,
004cb99b	string	\"YYINSTS\"	004c8c48,
004cb9a3	string	\"YYINSTT\"	004c8c4c,
004cb9ab	string	\"YYINSTU\"	004c8c50,
004cb9b3	string	\"YYINSTV\"	004c8c54,
004cb9bb	string	\"YYINSTW\"	004c8c58,
004cb9c3	string	\"YYINSTX\"	004c8c5c,
004cb9cb	string	\"YYINSTY\"	004c8c60,
004cb9d3	string	\"YYINSTZ\"	004c8c64,
004cb9db	string	\"YYTHRTA\"	004c8c68,
004cb9e3	string	\"YYTHRTB\"	004c8c6c,
004cb9eb	string	\"YYTHRTC\"	004c8c70,
004cb9f3	string	\"YYTHRTD\"	004c8c74,
004cb9fb	string	\"YYTHRTE\"	004c8c78,
004cba03	string	\"YYTHRTF\"	004c8c7c,
004cba0b	string	\"YYTHRTG\"	004c8c80,
004cba13	string	\"YYTHRTH\"	004c8c84,
004cba1b	string	\"YYTHRTI\"	004c8c88,
004cba23	string	\"YYTHRTJ\"	004c8c8c,
004cba2b	string	\"YYTHRTK\"	004c8c90,
004cba33	string	\"YYTHRTL\"	004c8c94,
004cba3b	string	\"YYTHRTM\"	004c8c98,
004cba43	string	\"YYTHRTN\"	004c8c9c,
004cba4b	string	\"YYTHRTO\"	004c8ca0,
004cba53	string	\"YYTHRTP\"	004c8ca4,
004cba5b	string	\"YYTHRTQ\"	004c8ca8,
004cba63	string	\"YYTHRTR\"	004c8cac,
004cba6b	string	\"YYTHRTS\"	004c8cb0,
004cba73	string	\"YYTHRTT\"	004c8cb4,
004cba7b	string	\"YYTHRTU\"	004c8cb8,
004cba83	string	\"YYTHRTV\"	004c8cbc,
004cba8b	string	\"YYTHRTW\"	004c8cc0,
004cba93	string	\"YYTHRTX\"	004c8cc4,
004cba9b	string	\"YYTHRTY\"	004c8cc8,
004cbaa3	string	\"YYTHRTZ \"	004c8ccc,
004cbaac	string	\"YYTHRTAA\"	004c8cd0,
004cbab5	string	\"YYTHRTBB\"	004c8cd4,
004cbabe	string	\"YYBRAGA\"	004c8cd8,
004cbac6	string	\"YYBRAGB\"	004c8cdc,
004cbace	string	\"YYBRAGC\"	004c8ce0,
004cbad6	string	\"YYBRAGD\"	004c8ce4,
004cbade	string	\"YYBRAGE\"	004c8ce8,
004cbae6	string	\"YYBRAGF\"	004c8cec,
004cbaee	string	\"YYBRAGG\"	004c8cf0,
004cbaf6	string	\"YYBRAGH\"	004c8cf4,
004cbafe	string	\"YYBRAGI\"	004c8cf8,
004cbb06	string	\"YYBRAGJ\"	004c8cfc,
004cbb0e	string	\"YYBRAGK\"	004c8d00,
004cbb16	string	\"YYBRAGL\"	004c8d04,
004cbb1e	string	\"YYBRAGM\"	004c8d08,
004cbb26	string	\"YYBRAGN\"	004c8d0c,
004cbb2e	string	\"YYBRAGO\"	004c8d10,
004cbb36	string	\"YYBRAGP\"	004c8d14,
004cbb3e	string	\"YYBRAGQ\"	004c8d18,
004cbb46	string	\"YYBRAGR\"	004c8d1c,
004cbb4e	string	\"YYBRAGS\"	004c8d20,
004cbb56	string	\"YYBRAGT\"	004c8d24,
004cbb5e	string	\"YYBRAGU\"	004c8d28,
004cbb66	string	\"YYBRAGV\"	004c8d2c,
004cbb6e	string	\"YYBRAGW\"	004c8d30,
004cbb76	string	\"YYBRAGX\"	004c8d34,
004cbb7e	string	\"YYBRAGY\"	004c8d38,
004cbb86	string	\"YYBRAGZ\"	004c8d3c,
004cbb8e	string	\"YYCMPTA\"	004c8d40,
004cbb96	string	\"YYCMPTB\"	004c8d44,
004cbb9e	string	\"YYCMPTC\"	004c8d48,
004cbba6	string	\"YYCMPTD\"	004c8d4c,
004cbbae	string	\"YYCMPTE\"	004c8d50,
004cbbb6	string	\"YYCMPTF\"	004c8d54,
004cbbbe	string	\"YYCMPTJ\"	004c8d58,
004cbbc6	string	\"YYCMPTK\"	004c8d5c,
004cbbce	string	\"YYCMPTL\"	004c8d60,
004cbbd6	string	\"YYCMPTM\"	004c8d64,
004cbbde	string	\"YYCMPTN\"	004c8d68,
004cbbe6	string	\"YYCMPTO\"	004c8d6c,
004cbbee	string	\"YYCMPTP\"	004c8d70,
004cbbf6	string	\"YYCMPTQ\"	004c8d74,
004cbbfe	string	\"YYCMPTR\"	004c8d78,
004cbc06	string	\"YYCMPTS\"	004c8d7c,
004cbc0e	string	\"YYCMPTT\"	004c8d80,
004cbc16	string	\"YYCMPTU\"	004c8d84,
004cbc1e	string	\"YYCMPTV\"	004c8d88,
004cbc26	string	\"YYCMPTW\"	004c8d8c,
004cbc2e	string	\"YYCMPTX\"	004c8d90,
004cbc36	string	\"YYCMPTY\"	004c8d94,
004cbc3e	string	\"YYCMPTZ\"	004c8d98,
004cbc46	string	\"YYPRSEA\"	004c8d9c,
004cbc4e	string	\"YYPRSEB\"	004c8da0,
004cbc56	string	\"YYPRSEC\"	004c8da4,
004cbc5e	string	\"YYPRSED\"	004c8da8,
004cbc66	string	\"YYPRSEE\"	004c8dac,
004cbc6e	string	\"YYPRSEF\"	004c8db0,
004cbc76	string	\"YYPRSEG\"	004c8db4,
004cbc7e	string	\"YYPRSEH\"	004c8db8,
004cbc86	string	\"YYPRSEI\"	004c8dbc,
004cbc8e	string	\"YYPRSEJ\"	004c8dc0,
004cbc96	string	\"YYPRSEK\"	004c8dc4,
004cbc9e	string	\"YYPRSEL\"	004c8dc8,
004cbca6	string	\"YYPRSEM\"	004c8dcc,
004cbcae	string	\"YYPRSEN\"	004c8dd0,
004cbcb6	string	\"YYPRSEO\"	004c8dd4,
004cbcbe	string	\"YYPRSEP\"	004c8dd8,
004cbcc6	string	\"YYPRSEQ\"	004c8ddc,
004cbcce	string	\"YYPRSER\"	004c8de0,
004cbcd6	string	\"YYPRSES\"	004c8de4,
004cbcde	string	\"YYPRSET\"	004c8de8,
004cbce6	string	\"YYCUSTA\"	004c8dec,
004cbcee	string	\"YYCUSTB\"	004c8df0,
004cbcf6	string	\"YYCUSTC\"	004c8df4,
004cbcfe	string	\"YYCUSTD\"	004c8df8,
004cbd06	string	\"YYCUSTE\"	004c8dfc,
004cbd0e	string	\"YYCUSTF\"	004c8e00,
004cbd16	string	\"HHSTARA\"	004c8e04,
004cbd1e	string	\"HHSTARB\"	004c8e08,
004cbd26	string	\"HHSTARC\"	004c8e0c,
004cbd2e	string	\"HHWARNA\"	004c8e10,
004cbd36	string	\"HHWARNB\"	004c8e14,
004cbd3e	string	\"HHWARNC\"	004c8e18,
004cbd46	string	\"HHWARND\"	004c8e1c,
004cbd4e	string	\"HHWARNE\"	004c8e20,
004cbd56	string	\"HHGRANA\"	004c8e24,
004cbd5e	string	\"HHGRANB\"	004c8e28,
004cbd66	string	\"HHGRANC\"	004c8e2c,
004cbd6e	string	\"HHGRAND\"	004c8e30,
004cbd76	string	\"HHGRANE\"	004c8e34,
004cbd7e	string	\"HHBRANA\"	004c8e38,
004cbd86	string	\"HHBRANB\"	004c8e3c,
004cbd8e	string	\"HHBRANC\"	004c8e40,
004cbd96	string	\"HHBRAND\"	004c8e44,
004cbd9e	string	\"HHBRANE\"	004c8e48,
004cbda6	string	\"HHGCONA\"	004c8e4c,
004cbdae	string	\"HHGCONB\"	004c8e50,
004cbdb6	string	\"HHGCONC\"	004c8e54,
004cbdbe	string	\"HHGCOND\"	004c8e58,
004cbdc6	string	\"HHGCONE\"	004c8e5c,
004cbdce	string	\"HHBCONA\"	004c8e60,
004cbdd6	string	\"HHBCONB\"	004c8e64,
004cbdde	string	\"HHBCONC\"	004c8e68,
004cbde6	string	\"HHBCOND\"	004c8e6c,
004cbdee	string	\"HHBCONE\"	004c8e70,
004cbdf6	string	\"HHEVENTA\"	004c8e74,
004cbdff	string	\"HHEVENTB\"	004c8e78,
004cbe08	string	\"HHEVENTC\"	004c8e7c,
004cbe11	string	\"HHEVENTD\"	004c8e80,
004cbe1a	string	\"HHEVENTE\"	004c8e84,
004cbe23	string	\"HHXENOA\"	004c8e88,
004cbe2b	string	\"HHXENOB\"	004c8e8c,
004cbe33	string	\"HHXENOC\"	004c8e90,
004cbe3b	string	\"HHXENOD\"	004c8e94,
004cbe43	string	\"HHEXITA\"	004c8e98,
004cbe4b	string	\"HHEXITB\"	004c8e9c,
004cbe53	string	\"HHEXITC\"	004c8ea0,
004cbe5b	string	\"HHEXITD\"	004c8ea4,
004cbe63	string	\"HHEXITE\"	004c8ea8,
004cbe6b	string	\"HHEXITF\"	004c8eac,
004cbe73	string	\"HHEXITG\"	004c8eb0,
004cbe7b	string	\"HHEXITH\"	004c8eb4,
004cbe83	string	\"HHEXITI\"	004c8eb8,
004cbe8b	string	\"HHEXITJ\"	004c8ebc,
004cbe93	string	\"HHEXITK\"	004c8ec0,
004cbe9b	string	\"HHEXITL\"	004c8ec4,
004cbea3	string	\"HHCURRA\"	004c8ec8,
004cbeab	string	\"HHCURRC\"	004c8ecc,
004cbeb3	string	\"HHCURRB\"	004c8ed0,
004cbebb	string	\"HHCURRD\"	004c8ed4,
004cbec3	string	\"HHCURRE\"	004c8ed8,
004cbecb	string	\"HHCURRF\"	004c8edc,
004cbed3	string	\"HHCURRG\"	004c8ee0,
004cbedb	string	\"HHCURRH\"	004c8ee4,
004cbee3	string	\"HHCURRI\"	004c8ee8,
004cbeeb	string	\"HHTECHA\"	004c8eec,
004cbef3	string	\"HHTECHB\"	004c8ef0,
004cbefb	string	\"HHTECHC\"	004c8ef4,
004cbf03	string	\"HHTECHD\"	004c8ef8,
004cbf0b	string	\"HHTECHE\"	004c8efc,
004cbf13	string	\"HHTECHF\"	004c8f00,
004cbf1b	string	\"HHTECHG\"	004c8f04,
004cbf23	string	\"HHTECHH\"	004c8f08,
004cbf2b	string	\"HHTECHI\"	004c8f0c,
004cbf33	string	\"HHALLYA\"	004c8f10,
004cbf3b	string	\"HHALLYB\"	004c8f14,
004cbf43	string	\"HHALLYC\"	004c8f18,
004cbf4b	string	\"HHALLYD\"	004c8f1c,
004cbf53	string	\"HHALLYE\"	004c8f20,
004cbf5b	string	\"HHALLYF\"	004c8f24,
004cbf63	string	\"HHALLYG\"	004c8f28,
004cbf6b	string	\"HHALLYH\"	004c8f2c,
004cbf73	string	\"HHALLYI\"	004c8f30,
004cbf7b	string	\"HHALLYJ\"	004c8f34,
004cbf83	string	\"HHALLYK\"	004c8f38,
004cbf8b	string	\"HHALLYL\"	004c8f3c,
004cbf93	string	\"HHALLYM\"	004c8f40,
004cbf9b	string	\"HHALLYN\"	004c8f44,
004cbfa3	string	\"HHALLYO\"	004c8f48,
004cbfab	string	\"HHPOLTA\"	004c8f4c,
004cbfb3	string	\"HHPOLTB\"	004c8f50,
004cbfbb	string	\"HHPOLTC\"	004c8f54,
004cbfc3	string	\"HHPOLTD\"	004c8f58,
004cbfcb	string	\"HHPOLTE\"	004c8f5c,
004cbfd3	string	\"HHHRSHA\"	004c8f60,
004cbfdb	string	\"HHHRSHB\"	004c8f64,
004cbfe3	string	\"HHHRSHC\"	004c8f68,
004cbfeb	string	\"HHHRSHD\"	004c8f6c,
004cbff3	string	\"HHHRSHE\"	004c8f70,
004cbffb	string	\"HHACPTA\"	004c8f74,
004cc003	string	\"HHACPTB\"	004c8f78,
004cc00b	string	\"HHACPTC\"	004c8f7c,
004cc013	string	\"HHACPTD\"	004c8f80,
004cc01b	string	\"HHACPTE\"	004c8f84,
004cc023	string	\"HHBREKA\"	004c8f88,
004cc02b	string	\"HHBREKB\"	004c8f8c,
004cc033	string	\"HHBREKC\"	004c8f90,
004cc03b	string	\"HHBREKD\"	004c8f94,
004cc043	string	\"HHBREKE\"	004c8f98,
004cc04b	string	\"HHQUITA\"	004c8f9c,
004cc053	string	\"HHQUITB\"	004c8fa0,
004cc05b	string	\"HHQUITC\"	004c8fa4,
004cc063	string	\"HHQUITD\"	004c8fa8,
004cc06b	string	\"HHQUITE\"	004c8fac,
004cc073	string	\"HHDAMAA\"	004c8fb0,
004cc07b	string	\"HHDAMAB\"	004c8fb4,
004cc083	string	\"HHDAMAC\"	004c8fb8,
004cc08b	string	\"HHDCDEA\"	004c8fbc,
004cc093	string	\"HHDCDEB\"	004c8fc0,
004cc09b	string	\"HHDCDEC\"	004c8fc4,
004cc0a3	string	\"HHWAITA\"	004c8fc8,
004cc0ab	string	\"HHRSLTA\"	004c8fcc,
004cc0b3	string	\"HHRSLTB\"	004c8fd0,
004cc0bb	string	\"HHELIMD\"	004c8fd8,004cac38,
004cc0c3	string	\"HHELIMC\"	004c8fdc,004cac4c,
004cc0cb	string	\"HHELIMA\"	004c8fe0,004cac48,
004cc0d3	string	\"HHELIMB\"	004c8fe4,004cac3c,
004cc0db	string	\"HHELIMF\"	004c8fe8,004cac44,
004cc0e3	string	\"HHELIME\"	004c8fec,004cac50,
004cc0eb	string	\"HHDFTWA\"	004c8ff0,
004cc0f3	string	\"HHDFTCA\"	004c8ff4,
004cc0fb	string	\"HHDFTSA\"	004c8ff8,
004cc103	string	\"HHVICA\"	004c8ffc,
004cc10a	string	\"HHVICB\"	004c9000,
004cc111	string	\"HHCPGNA\"	004c9004,
004cc119	string	\"HHCPGNB\"	004c9008,
004cc121	string	\"HHCPGNC\"	004c900c,
004cc129	string	\"HHCPGND\"	004c9010,
004cc131	string	\"HHCPGNE\"	004c9014,
004cc139	string	\"HHCPGNF\"	004c9018,
004cc141	string	\"HHINSTA\"	004c901c,
004cc149	string	\"HHINSTB\"	004c9020,
004cc151	string	\"HHINSTC\"	004c9024,
004cc159	string	\"HHINSTD\"	004c9028,
004cc161	string	\"HHINSTE\"	004c902c,
004cc169	string	\"HHINSTF\"	004c9030,
004cc171	string	\"HHINSTG\"	004c9034,
004cc179	string	\"HHINSTH\"	004c9038,
004cc181	string	\"HHINSTI\"	004c903c,
004cc189	string	\"HHINSTJ\"	004c9040,
004cc191	string	\"HHINSTK\"	004c9044,
004cc199	string	\"HHINSTL\"	004c9048,
004cc1a1	string	\"HHINSTM\"	004c904c,
004cc1a9	string	\"HHINSTN\"	004c9050,
004cc1b1	string	\"HHINSTO\"	004c9054,
004cc1b9	string	\"HHINSTP\"	004c9058,
004cc1c1	string	\"HHINSTQ\"	004c905c,
004cc1c9	string	\"HHINSTR\"	004c9060,
004cc1d1	string	\"HHINSTS\"	004c9064,
004cc1d9	string	\"HHINSTT\"	004c9068,
004cc1e1	string	\"HHINSTU\"	004c906c,
004cc1e9	string	\"HHINSTV\"	004c9070,
004cc1f1	string	\"HHINSTW\"	004c9074,
004cc1f9	string	\"HHINSTX\"	004c9078,
004cc201	string	\"HHINSTY\"	004c907c,
004cc209	string	\"HHINSTZ\"	004c9080,
004cc211	string	\"HHTHRTA\"	004c9084,
004cc219	string	\"HHTHRTB\"	004c9088,
004cc221	string	\"HHTHRTC\"	004c908c,
004cc229	string	\"HHTHRTD\"	004c9090,
004cc231	string	\"HHTHRTE\"	004c9094,
004cc239	string	\"HHTHRTF\"	004c9098,
004cc241	string	\"HHTHRTG\"	004c909c,
004cc249	string	\"HHTHRTH\"	004c90a0,
004cc251	string	\"HHTHRTI\"	004c90a4,
004cc259	string	\"HHTHRTJ\"	004c90a8,
004cc261	string	\"HHTHRTK\"	004c90ac,
004cc269	string	\"HHTHRTL\"	004c90b0,
004cc271	string	\"HHTHRTM\"	004c90b4,
004cc279	string	\"HHTHRTN\"	004c90b8,
004cc281	string	\"HHTHRTO\"	004c90bc,
004cc289	string	\"HHTHRTP\"	004c90c0,
004cc291	string	\"HHTHRTQ\"	004c90c4,
004cc299	string	\"HHTHRTR\"	004c90c8,
004cc2a1	string	\"HHTHRTS\"	004c90cc,
004cc2a9	string	\"HHTHRTT\"	004c90d0,
004cc2b1	string	\"HHTHRTU\"	004c90d4,
004cc2b9	string	\"HHTHRTV\"	004c90d8,
004cc2c1	string	\"HHTHRTW\"	004c90dc,
004cc2c9	string	\"HHTHRTX\"	004c90e0,
004cc2d1	string	\"HHTHRTY\"	004c90e4,
004cc2d9	string	\"HHTHRTZ \"	004c90e8,
004cc2e2	string	\"HHBRAGA\"	004c90ec,
004cc2ea	string	\"HHBRAGB\"	004c90f0,
004cc2f2	string	\"HHBRAGC\"	004c90f4,
004cc2fa	string	\"HHBRAGD\"	004c90f8,
004cc302	string	\"HHBRAGE\"	004c90fc,
004cc30a	string	\"HHBRAGF\"	004c9100,
004cc312	string	\"HHBRAGG\"	004c9104,
004cc31a	string	\"HHBRAGH\"	004c9108,
004cc322	string	\"HHBRAGI\"	004c910c,
004cc32a	string	\"HHBRAGJ\"	004c9110,
004cc332	string	\"HHBRAGK\"	004c9114,
004cc33a	string	\"HHBRAGL\"	004c9118,
004cc342	string	\"HHBRAGM\"	004c911c,
004cc34a	string	\"HHBRAGN\"	004c9120,
004cc352	string	\"HHBRAGO\"	004c9124,
004cc35a	string	\"HHBRAGP\"	004c9128,
004cc362	string	\"HHBRAGQ\"	004c912c,
004cc36a	string	\"HHBRAGR\"	004c9130,
004cc372	string	\"HHBRAGS\"	004c9134,
004cc37a	string	\"HHBRAGT\"	004c9138,
004cc382	string	\"HHBRAGU\"	004c913c,
004cc38a	string	\"HHBRAGV\"	004c9140,
004cc392	string	\"HHBRAGW\"	004c9144,
004cc39a	string	\"HHBRAGX\"	004c9148,
004cc3a2	string	\"HHBRAGY\"	004c914c,
004cc3aa	string	\"HHBRAGZ\"	004c9150,
004cc3b2	string	\"HHCMPTA\"	004c9154,
004cc3ba	string	\"HHCMPTB\"	004c9158,
004cc3c2	string	\"HHCMPTC\"	004c915c,
004cc3ca	string	\"HHCMPTD\"	004c9160,
004cc3d2	string	\"HHCMPTE\"	004c9164,
004cc3da	string	\"HHCMPTF\"	004c9168,
004cc3e2	string	\"HHCMPTJ\"	004c916c,
004cc3ea	string	\"HHCMPTK\"	004c9170,
004cc3f2	string	\"HHCMPTL\"	004c9174,
004cc3fa	string	\"HHCMPTM\"	004c9178,
004cc402	string	\"HHCMPTN\"	004c917c,
004cc40a	string	\"HHCMPTO\"	004c9180,
004cc412	string	\"HHCMPTP\"	004c9184,
004cc41a	string	\"HHCMPTQ\"	004c9188,
004cc422	string	\"HHCMPTR\"	004c918c,
004cc42a	string	\"HHCMPTS\"	004c9190,
004cc432	string	\"HHCMPTT\"	004c9194,
004cc43a	string	\"HHCMPTU\"	004c9198,
004cc442	string	\"HHCMPTV\"	004c919c,
004cc44a	string	\"HHCMPTW\"	004c91a0,
004cc452	string	\"HHCMPTX\"	004c91a4,
004cc45a	string	\"HHCMPTY\"	004c91a8,
004cc462	string	\"HHCMPTZ\"	004c91ac,
004cc46a	string	\"HHCMPTAA\"	004c91b0,
004cc473	string	\"HHPRSEA\"	004c91b4,
004cc47b	string	\"HHPRSEB\"	004c91b8,
004cc483	string	\"HHPRSEC\"	004c91bc,
004cc48b	string	\"HHPRSED\"	004c91c0,
004cc493	string	\"HHPRSEE\"	004c91c4,
004cc49b	string	\"HHPRSEF\"	004c91c8,
004cc4a3	string	\"HHPRSEG\"	004c91cc,
004cc4ab	string	\"HHPRSEH\"	004c91d0,
004cc4b3	string	\"HHPRSEI\"	004c91d4,
004cc4bb	string	\"HHPRSEJ\"	004c91d8,
004cc4c3	string	\"HHPRSEK\"	004c91dc,
004cc4cb	string	\"HHPRSEL\"	004c91e0,
004cc4d3	string	\"HHPRSEM\"	004c91e4,
004cc4db	string	\"HHPRSEN\"	004c91e8,
004cc4e3	string	\"HHPRSEO\"	004c91ec,
004cc4eb	string	\"HHPRSEP\"	004c91f0,
004cc4f3	string	\"HHPRSEQ\"	004c91f4,
004cc4fb	string	\"HHPRSER\"	004c91f8,
004cc503	string	\"HHPRSES\"	004c91fc,
004cc50b	string	\"HHPRSET\"	004c9200,
004cc513	string	\"HHCUSTA\"	004c9204,
004cc51b	string	\"HHCUSTB\"	004c9208,
004cc523	string	\"HHCUSTC\"	004c920c,
004cc52b	string	\"HHCUSTD\"	004c9210,
004cc533	string	\"HHCUSTE\"	004c9214,
004cc53b	string	\"HHCUSTF\"	004c9218,
004cc543	string	\"MMSTARA\"	004c921c,
004cc54b	string	\"MMSTARB\"	004c9220,
004cc553	string	\"MMSTARC\"	004c9224,
004cc55b	string	\"MMWARNA\"	004c9228,
004cc563	string	\"MMWARNB\"	004c922c,
004cc56b	string	\"MMWARNC\"	004c9230,
004cc573	string	\"MMWARND\"	004c9234,
004cc57b	string	\"MMWARNE\"	004c9238,
004cc583	string	\"MMGRANA\"	004c923c,
004cc58b	string	\"MMGRANB\"	004c9240,
004cc593	string	\"MMGRANC\"	004c9244,
004cc59b	string	\"MMGRAND\"	004c9248,
004cc5a3	string	\"MMGRANE\"	004c924c,
004cc5ab	string	\"MMBRANA\"	004c9250,
004cc5b3	string	\"MMBRANB\"	004c9254,
004cc5bb	string	\"MMBRANC\"	004c9258,
004cc5c3	string	\"MMBRAND\"	004c925c,
004cc5cb	string	\"MMBRANE\"	004c9260,
004cc5d3	string	\"MMGCONA\"	004c9264,
004cc5db	string	\"MMGCONB\"	004c9268,
004cc5e3	string	\"MMGCONC\"	004c926c,
004cc5eb	string	\"MMGCOND\"	004c9270,
004cc5f3	string	\"MMGCONE\"	004c9274,
004cc5fb	string	\"MMBCONA\"	004c9278,
004cc603	string	\"MMBCONB\"	004c927c,
004cc60b	string	\"MMBCONC\"	004c9280,
004cc613	string	\"MMBCOND\"	004c9284,
004cc61b	string	\"MMBCONE\"	004c9288,
004cc623	string	\"MMEVNTA\"	004c928c,
004cc62b	string	\"MMEVNTB\"	004c9290,
004cc633	string	\"MMEVNTC\"	004c9294,
004cc63b	string	\"MMEVNTD\"	004c9298,
004cc643	string	\"MMEVNTE\"	004c929c,
004cc64b	string	\"MMXENOA\"	004c92a0,
004cc653	string	\"MMXENOB\"	004c92a4,
004cc65b	string	\"MMXENOC\"	004c92a8,
004cc663	string	\"MMXENOD\"	004c92ac,
004cc66b	string	\"MMEXITA\"	004c92b0,
004cc673	string	\"MMEXITB\"	004c92b4,
004cc67b	string	\"MMEXITC\"	004c92b8,
004cc683	string	\"MMEXITD\"	004c92bc,
004cc68b	string	\"MMEXITE\"	004c92c0,
004cc693	string	\"MMEXITF\"	004c92c4,
004cc69b	string	\"MMEXITG\"	004c92c8,
004cc6a3	string	\"MMEXITH\"	004c92cc,
004cc6ab	string	\"MMEXITI\"	004c92d0,
004cc6b3	string	\"MMEXITJ\"	004c92d4,
004cc6bb	string	\"MMEXITK\"	004c92d8,
004cc6c3	string	\"MMEXITL\"	004c92dc,
004cc6cb	string	\"MMCURRA\"	004c92e0,
004cc6d3	string	\"MMCURRC\"	004c92e4,
004cc6db	string	\"MMCURRB\"	004c92e8,
004cc6e3	string	\"MMCURRD\"	004c92ec,
004cc6eb	string	\"MMCURRE\"	004c92f0,
004cc6f3	string	\"MMCURRF\"	004c92f4,
004cc6fb	string	\"MMCURRG\"	004c92f8,
004cc703	string	\"MMCURRH\"	004c92fc,
004cc70b	string	\"MMCURRI\"	004c9300,
004cc713	string	\"MMTECHA\"	004c9304,
004cc71b	string	\"MMTECHB\"	004c9308,
004cc723	string	\"MMTECHC\"	004c930c,
004cc72b	string	\"MMTECHD\"	004c9310,
004cc733	string	\"MMTECHE\"	004c9314,
004cc73b	string	\"MMTECHF\"	004c9318,
004cc743	string	\"MMTECHG\"	004c931c,
004cc74b	string	\"MMTECMH\"	004c9320,
004cc753	string	\"MMTECHI\"	004c9324,
004cc75b	string	\"MMALLYA\"	004c9328,
004cc763	string	\"MMALLYB\"	004c932c,
004cc76b	string	\"MMALLYC\"	004c9330,
004cc773	string	\"MMALLYD\"	004c9334,
004cc77b	string	\"MMALLYE\"	004c9338,
004cc783	string	\"MMALLYF\"	004c933c,
004cc78b	string	\"MMALLYG\"	004c9340,
004cc793	string	\"MMALLYH\"	004c9344,
004cc79b	string	\"MMALLYI\"	004c9348,
004cc7a3	string	\"MMALLYJ\"	004c934c,
004cc7ab	string	\"MMALLYK\"	004c9350,
004cc7b3	string	\"MMALLYL\"	004c9354,
004cc7bb	string	\"MMALLYM\"	004c9358,
004cc7c3	string	\"MMALLYN\"	004c935c,
004cc7cb	string	\"MMALLYO\"	004c9360,
004cc7d3	string	\"MMPOLTA\"	004c9364,
004cc7db	string	\"MMPOLTB\"	004c9368,
004cc7e3	string	\"MMPOLTC\"	004c936c,
004cc7eb	string	\"MMPOLTD\"	004c9370,
004cc7f3	string	\"MMPOLTE\"	004c9374,
004cc7fb	string	\"MMHRSHA\"	004c9378,
004cc803	string	\"MMHRSHB\"	004c937c,
004cc80b	string	\"MMHRSHC\"	004c9380,
004cc813	string	\"MMHRSHD\"	004c9384,
004cc81b	string	\"MMHRSHE\"	004c9388,
004cc823	string	\"MMACPTA\"	004c938c,
004cc82b	string	\"MMACPTB\"	004c9390,
004cc833	string	\"MMACPTC\"	004c9394,
004cc83b	string	\"MMACPTD\"	004c9398,
004cc843	string	\"MMACPTE\"	004c939c,
004cc84b	string	\"MMBREKA\"	004c93a0,
004cc853	string	\"MMBREKB\"	004c93a4,
004cc85b	string	\"MMBREKC\"	004c93a8,
004cc863	string	\"MMBREKD\"	004c93ac,
004cc86b	string	\"MMBREKE\"	004c93b0,
004cc873	string	\"MMQUITA\"	004c93b4,
004cc87b	string	\"MMQUITB\"	004c93b8,
004cc883	string	\"MMQUITC\"	004c93bc,
004cc88b	string	\"MMQUITD\"	004c93c0,
004cc893	string	\"MMQUITE\"	004c93c4,
004cc89b	string	\"MMDAMAA\"	004c93c8,
004cc8a3	string	\"MMDAMAB\"	004c93cc,
004cc8ab	string	\"MMDAMAC\"	004c93d0,
004cc8b3	string	\"MMDCDEA\"	004c93d4,
004cc8bb	string	\"MMDCDEB\"	004c93d8,
004cc8c3	string	\"MMDCDEC\"	004c93dc,
004cc8cb	string	\"MMWAITA\"	004c93e0,
004cc8d3	string	\"MMRSLTA\"	004c93e4,
004cc8db	string	\"MMRSLTB\"	004c93e8,
004cc8e3	string	\"MMELIMD\"	004c93f0,004cac68,
004cc8eb	string	\"MMELIMC\"	004c93f4,004cac64,
004cc8f3	string	\"MMELIMA\"	004c93f8,004cac5c,
004cc8fb	string	\"MMELIMB\"	004c93fc,004cac58,
004cc903	string	\"MMELIMF\"	004c9400,004cac54,
004cc90b	string	\"MMELIME\"	004c9404,004cac6c,
004cc913	string	\"MMDFTWA\"	004c9408,
004cc91b	string	\"MMDFTCA\"	004c940c,
004cc923	string	\"MMDFTSA\"	004c9410,
004cc92b	string	\"MMVICA\"	004c9414,
004cc932	string	\"MMVICB\"	004c9418,
004cc939	string	\"MMCPGNA\"	004c941c,
004cc941	string	\"MMCPGNB\"	004c9420,
004cc949	string	\"MMCPGNC\"	004c9424,
004cc951	string	\"MMCPGND\"	004c9428,
004cc959	string	\"MMCPGNE\"	004c942c,
004cc961	string	\"MMCPGNF\"	004c9430,
004cc969	string	\"MMINSTA\"	004c9434,
004cc971	string	\"MMINSTB\"	004c9438,
004cc979	string	\"MMINSTC\"	004c943c,
004cc981	string	\"MMINSTD\"	004c9440,
004cc989	string	\"MMINSTE\"	004c9444,
004cc991	string	\"MMINSTF\"	004c9448,
004cc999	string	\"MMINSTG\"	004c944c,
004cc9a1	string	\"MMINSTH\"	004c9450,
004cc9a9	string	\"MMINSTI\"	004c9454,
004cc9b1	string	\"MMINSTJ\"	004c9458,
004cc9b9	string	\"MMINSTK\"	004c945c,
004cc9c1	string	\"MMINSTL\"	004c9460,
004cc9c9	string	\"MMINSTM\"	004c9464,
004cc9d1	string	\"MMINSTN\"	004c9468,
004cc9d9	string	\"MMINSTO\"	004c946c,
004cc9e1	string	\"MMINSTP\"	004c9470,
004cc9e9	string	\"MMINSTQ\"	004c9474,
004cc9f1	string	\"MMINSTR\"	004c9478,
004cc9f9	string	\"MMINSTS\"	004c947c,
004cca01	string	\"MMINSTT\"	004c9480,
004cca09	string	\"MMINSTU\"	004c9484,
004cca11	string	\"MMINSTV\"	004c9488,
004cca19	string	\"MMINSTW\"	004c948c,
004cca21	string	\"MMINSTX\"	004c9490,
004cca29	string	\"MMINSTY\"	004c9494,
004cca31	string	\"MMINSTZ\"	004c9498,
004cca39	string	\"MMTHRTA\"	004c949c,
004cca41	string	\"MMTHRTB\"	004c94a0,
004cca49	string	\"MMTHRTC\"	004c94a4,
004cca51	string	\"MMTHRTD\"	004c94a8,
004cca59	string	\"MMTHRTE\"	004c94ac,
004cca61	string	\"MMTHRTF\"	004c94b0,
004cca69	string	\"MMTHRTG\"	004c94b4,
004cca71	string	\"MMTHRTH\"	004c94b8,
004cca79	string	\"MMTHRTI\"	004c94bc,
004cca81	string	\"MMTHRTJ\"	004c94c0,
004cca89	string	\"MMTHRTL\"	004c94c4,
004cca91	string	\"MMTHRTM\"	004c94c8,
004cca99	string	\"MMTHRTN\"	004c94cc,
004ccaa1	string	\"MMTHRTO\"	004c94d0,
004ccaa9	string	\"MMTHRTP\"	004c94d4,
004ccab1	string	\"MMTHRTQ\"	004c94d8,
004ccab9	string	\"MMTHRTR\"	004c94dc,
004ccac1	string	\"MMTHRTS\"	004c94e0,
004ccac9	string	\"MMTHRTT\"	004c94e4,
004ccad1	string	\"MMTHRTU\"	004c94e8,
004ccad9	string	\"MMTHRTV\"	004c94ec,
004ccae1	string	\"MMTHRTW\"	004c94f0,
004ccae9	string	\"MMTHRTX\"	004c94f4,
004ccaf1	string	\"MMTHRTY\"	004c94f8,
004ccaf9	string	\"MMTHRTZ \"	004c94fc,
004ccb02	string	\"MMBRAGA\"	004c9500,
004ccb0a	string	\"MMBRAGB\"	004c9504,
004ccb12	string	\"MMBRAGC\"	004c9508,
004ccb1a	string	\"MMBRAGD\"	004c950c,
004ccb22	string	\"MMBRAGE\"	004c9510,
004ccb2a	string	\"MMBRAGF\"	004c9514,
004ccb32	string	\"MMBRAGG\"	004c9518,
004ccb3a	string	\"MMBRAGH\"	004c951c,
004ccb42	string	\"MMBRAGI\"	004c9520,
004ccb4a	string	\"MMBRAGJ\"	004c9524,
004ccb52	string	\"MMBRAGK\"	004c9528,
004ccb5a	string	\"MMBRAGL\"	004c952c,
004ccb62	string	\"MMBRAGM\"	004c9530,
004ccb6a	string	\"MMBRAGN\"	004c9534,
004ccb72	string	\"MMBRAGO\"	004c9538,
004ccb7a	string	\"MMBRAGP\"	004c953c,
004ccb82	string	\"MMBRAGQ\"	004c9540,
004ccb8a	string	\"MMBRAGR\"	004c9544,
004ccb92	string	\"MMBRAGS\"	004c9548,
004ccb9a	string	\"MMBRAGT\"	004c954c,
004ccba2	string	\"MMBRAGU\"	004c9550,
004ccbaa	string	\"MMBRAGV\"	004c9554,
004ccbb2	string	\"MMBRAGW\"	004c9558,
004ccbba	string	\"MMBRAGX\"	004c955c,
004ccbc2	string	\"MMBRAGY\"	004c9560,
004ccbca	string	\"MMBRAGZ\"	004c9564,
004ccbd2	string	\"MMCMPTA\"	004c9568,
004ccbda	string	\"MMCMPTB\"	004c956c,
004ccbe2	string	\"MMCMPTC\"	004c9570,
004ccbea	string	\"MMCMPTD\"	004c9574,
004ccbf2	string	\"MMCMPTE\"	004c9578,
004ccbfa	string	\"MMCMPTF\"	004c957c,
004ccc02	string	\"MMCMPTJ\"	004c9580,
004ccc0a	string	\"MMCMPTK\"	004c9584,
004ccc12	string	\"MMCMPTL\"	004c9588,
004ccc1a	string	\"MMCMPTM\"	004c958c,
004ccc22	string	\"MMCMPTN\"	004c9590,
004ccc2a	string	\"MMCMPTO\"	004c9594,
004ccc32	string	\"MMCMPTP\"	004c9598,
004ccc3a	string	\"MMCMPTQ\"	004c959c,
004ccc42	string	\"MMCMPTR\"	004c95a0,
004ccc4a	string	\"MMCMPTS\"	004c95a4,
004ccc52	string	\"MMCMPTT\"	004c95a8,
004ccc5a	string	\"MMCMPTU\"	004c95ac,
004ccc62	string	\"MMCMPTV\"	004c95b0,
004ccc6a	string	\"MMCMPTW\"	004c95b4,
004ccc72	string	\"MMCMPTX\"	004c95b8,
004ccc7a	string	\"MMCMPTY\"	004c95bc,
004ccc82	string	\"MMCMPTZ\"	004c95c0,
004ccc8a	string	\"MMCMPTAA\"	004c95c4,
004ccc93	string	\"MMPRSEA\"	004c95c8,
004ccc9b	string	\"MMPRSEB\"	004c95cc,
004ccca3	string	\"MMPRSEC\"	004c95d0,
004cccab	string	\"MMPRSED\"	004c95d4,
004cccb3	string	\"MMPRSEE\"	004c95d8,
004cccbb	string	\"MMPRSEF\"	004c95dc,
004cccc3	string	\"MMPRSEG\"	004c95e0,
004ccccb	string	\"MMPRSEH\"	004c95e4,
004cccd3	string	\"MMPRSEI\"	004c95e8,
004cccdb	string	\"MMPRSEJ\"	004c95ec,
004ccce3	string	\"MMPRSEK\"	004c95f0,
004ccceb	string	\"MMPRSEL\"	004c95f4,
004cccf3	string	\"MMPRSEM\"	004c95f8,
004cccfb	string	\"MMPRSEN\"	004c95fc,
004ccd03	string	\"MMPRSEO\"	004c9600,
004ccd0b	string	\"MMPRSEP\"	004c9604,
004ccd13	string	\"MMPRSEQ\"	004c9608,
004ccd1b	string	\"MMPRSER\"	004c960c,
004ccd23	string	\"MMPRSES\"	004c9610,
004ccd2b	string	\"MMPRSET\"	004c9614,
004ccd33	string	\"MMCUSTA\"	004c9618,
004ccd3b	string	\"MMCUSTB\"	004c961c,
004ccd43	string	\"MMCUSTC\"	004c9620,
004ccd4b	string	\"MMCUSTD\"	004c9624,
004ccd53	string	\"MMCUSTE\"	004c9628,
004ccd5b	string	\"MMCUSTF\"	004c962c,
004ccd63	string	\"RRSTARA\"	004c9630,
004ccd6b	string	\"RRSTARB\"	004c9634,
004ccd73	string	\"RRSTARC\"	004c9638,
004ccd7b	string	\"RRWARNA\"	004c963c,
004ccd83	string	\"RRWARNB\"	004c9640,
004ccd8b	string	\"RRWARNC\"	004c9644,
004ccd93	string	\"RRWARND\"	004c9648,
004ccd9b	string	\"RRWARNE\"	004c964c,
004ccda3	string	\"RRGRANA\"	004c9650,
004ccdab	string	\"RRGRANB\"	004c9654,
004ccdb3	string	\"RRGRANC\"	004c9658,
004ccdbb	string	\"RRGRAND\"	004c965c,
004ccdc3	string	\"RRGRANE\"	004c9660,
004ccdcb	string	\"RRBRANA\"	004c9664,
004ccdd3	string	\"RRBRANB\"	004c9668,
004ccddb	string	\"RRBRANC\"	004c966c,
004ccde3	string	\"RRBRAND\"	004c9670,
004ccdeb	string	\"RRBRANE\"	004c9674,
004ccdf3	string	\"RRGCONA\"	004c9678,
004ccdfb	string	\"RRGCONB\"	004c967c,
004cce03	string	\"RRGCONC\"	004c9680,
004cce0b	string	\"RRGCOND\"	004c9684,
004cce13	string	\"RRGCONE\"	004c9688,
004cce1b	string	\"RRBCONA\"	004c968c,
004cce23	string	\"RRBCONB\"	004c9690,
004cce2b	string	\"RRBCONC\"	004c9694,
004cce33	string	\"RRBCOND\"	004c9698,
004cce3b	string	\"RRBCONE\"	004c969c,
004cce43	string	\"RREVNTA\"	004c96a0,
004cce4b	string	\"RREVNTB\"	004c96a4,
004cce53	string	\"RREVNTC\"	004c96a8,
004cce5b	string	\"RREVNTD\"	004c96ac,
004cce63	string	\"RREVNTE\"	004c96b0,
004cce6b	string	\"RRXENOA\"	004c96b4,
004cce73	string	\"RRXENOB\"	004c96b8,
004cce7b	string	\"RRXENOC\"	004c96bc,
004cce83	string	\"RRXENOD\"	004c96c0,
004cce8b	string	\"RREXITA\"	004c96c4,
004cce93	string	\"RREXITB\"	004c96c8,
004cce9b	string	\"RREXITC\"	004c96cc,
004ccea3	string	\"RREXITD\"	004c96d0,
004cceab	string	\"RREXITE\"	004c96d4,
004cceb3	string	\"RREXITF\"	004c96d8,
004ccebb	string	\"RREXITG\"	004c96dc,
004ccec3	string	\"RREXITH\"	004c96e0,
004ccecb	string	\"RREXITI\"	004c96e4,
004cced3	string	\"RREXITJ\"	004c96e8,
004ccedb	string	\"RREXITK\"	004c96ec,
004ccee3	string	\"RREXITL\"	004c96f0,
004cceeb	string	\"RRCURRA\"	004c96f4,
004ccef3	string	\"RRCURRC\"	004c96f8,
004ccefb	string	\"RRCURRB\"	004c96fc,
004ccf03	string	\"RRCURRD\"	004c9700,
004ccf0b	string	\"RRCURRE\"	004c9704,
004ccf13	string	\"RRCURRF\"	004c9708,
004ccf1b	string	\"RRCURRG\"	004c970c,
004ccf23	string	\"RRCURRH\"	004c9710,
004ccf2b	string	\"RRCURRI\"	004c9714,
004ccf33	string	\"RRTECHA\"	004c9718,
004ccf3b	string	\"RRTECHB\"	004c971c,
004ccf43	string	\"RRTECHC\"	004c9720,
004ccf4b	string	\"RRTECHD\"	004c9724,
004ccf53	string	\"RRTECHE\"	004c9728,
004ccf5b	string	\"RRTECHF\"	004c972c,
004ccf63	string	\"RRTECHG\"	004c9730,
004ccf6b	string	\"RRTECHI\"	004c9734,004c9738,
004ccf73	string	\"RRALLYA\"	004c973c,
004ccf7b	string	\"RRALLYB\"	004c9740,
004ccf83	string	\"RRALLYC\"	004c9744,
004ccf8b	string	\"RRALLYD\"	004c9748,
004ccf93	string	\"RRALLYE\"	004c974c,
004ccf9b	string	\"RRALLYF\"	004c9750,
004ccfa3	string	\"RRALLYG\"	004c9754,
004ccfab	string	\"RRALLYH\"	004c9758,
004ccfb3	string	\"RRALLYI\"	004c975c,
004ccfbb	string	\"RRALLYJ\"	004c9760,
004ccfc3	string	\"RRALLYK\"	004c9764,
004ccfcb	string	\"RRALLYL\"	004c9768,
004ccfd3	string	\"RRALLYM\"	004c976c,
004ccfdb	string	\"RRALLYN\"	004c9770,
004ccfe3	string	\"RRALLYO\"	004c9774,
004ccfeb	string	\"RRPOLTA\"	004c9778,
004ccff3	string	\"RRPOLTB\"	004c977c,
004ccffb	string	\"RRPOLTC\"	004c9780,
004cd003	string	\"RRPOLTD\"	004c9784,
004cd00b	string	\"RRPOLTE\"	004c9788,
004cd013	string	\"RRHRSHA\"	004c978c,
004cd01b	string	\"RRHRSHB\"	004c9790,
004cd023	string	\"RRHRSHC\"	004c9794,
004cd02b	string	\"RRHRSHD\"	004c9798,
004cd033	string	\"RRHRSHE\"	004c979c,
004cd03b	string	\"RRACPTA\"	004c97a0,
004cd043	string	\"RRACPTB\"	004c97a4,
004cd04b	string	\"RRACPTC\"	004c97a8,
004cd053	string	\"RRACPTD\"	004c97ac,
004cd05b	string	\"RRACPTE\"	004c97b0,
004cd063	string	\"RRBREKA\"	004c97b4,
004cd06b	string	\"RRBREKB\"	004c97b8,
004cd073	string	\"RRBREKC\"	004c97bc,
004cd07b	string	\"RRBREKD\"	004c97c0,
004cd083	string	\"RRBREKE\"	004c97c4,
004cd08b	string	\"RRQUITA\"	004c97c8,
004cd093	string	\"RRQUITB\"	004c97cc,
004cd09b	string	\"RRQUITC\"	004c97d0,
004cd0a3	string	\"RRQUITD\"	004c97d4,
004cd0ab	string	\"RRQUITE\"	004c97d8,
004cd0b3	string	\"RRDAMAA\"	004c97dc,
004cd0bb	string	\"RRDAMAB\"	004c97e0,
004cd0c3	string	\"RRDAMAC\"	004c97e4,
004cd0cb	string	\"RRDCDEA\"	004c97e8,
004cd0d3	string	\"RRDCDEB\"	004c97ec,
004cd0db	string	\"RRDCDEC\"	004c97f0,
004cd0e3	string	\"RRWAITA\"	004c97f4,
004cd0eb	string	\"RRRSLTA\"	004c97f8,
004cd0f3	string	\"RRRSLTB\"	004c97fc,
004cd0fb	string	\"RRELIMD\"	004c9804,004cac70,
004cd103	string	\"RRELIMC\"	004c9808,004cac88,
004cd10b	string	\"RRELIMA\"	004c980c,004cac74,
004cd113	string	\"RRELIMB\"	004c9810,004cac7c,
004cd11b	string	\"RRELIMF\"	004c9814,004cac84,
004cd123	string	\"RRELIME\"	004c9818,004cac78,
004cd12b	string	\"RRDFTWA\"	004c981c,
004cd133	string	\"RRDFTCA\"	004c9820,
004cd13b	string	\"RRDFTSA\"	004c9824,
004cd143	string	\"RRVICA\"	004c9828,
004cd14a	string	\"RRVICB\"	004c982c,
004cd151	string	\"RRCPGNA\"	004c9830,
004cd159	string	\"RRCPGNB\"	004c9834,
004cd161	string	\"RRCPGNC\"	004c9838,
004cd169	string	\"RRCPGND\"	004c983c,
004cd171	string	\"RRCPGNE\"	004c9840,
004cd179	string	\"RRCPGNF\"	004c9844,
004cd181	string	\"RRINSTA\"	004c9848,
004cd189	string	\"RRINSTB\"	004c984c,
004cd191	string	\"RRINSTC\"	004c9850,
004cd199	string	\"RRINSTD\"	004c9854,
004cd1a1	string	\"RRINSTE\"	004c9858,
004cd1a9	string	\"RRINSTF\"	004c985c,
004cd1b1	string	\"RRINSTG\"	004c9860,
004cd1b9	string	\"RRINSTH\"	004c9864,
004cd1c1	string	\"RRINSTI\"	004c9868,
004cd1c9	string	\"RRINSTJ\"	004c986c,
004cd1d1	string	\"RRINSTK\"	004c9870,
004cd1d9	string	\"RRINSTL\"	004c9874,
004cd1e1	string	\"RRINSTM\"	004c9878,
004cd1e9	string	\"RRINSTN\"	004c987c,
004cd1f1	string	\"RRINSTO\"	004c9880,
004cd1f9	string	\"RRINSTP\"	004c9884,
004cd201	string	\"RRINSTQ\"	004c9888,
004cd209	string	\"RRINSTR\"	004c988c,
004cd211	string	\"RRINSTS\"	004c9890,
004cd219	string	\"RRINSTT\"	004c9894,
004cd221	string	\"RRINSTU\"	004c9898,
004cd229	string	\"RRINSTV\"	004c989c,
004cd231	string	\"RRINSTW\"	004c98a0,
004cd239	string	\"RRINSTX\"	004c98a4,
004cd241	string	\"RRINSTY\"	004c98a8,
004cd249	string	\"RRINSTZ\"	004c98ac,
004cd251	string	\"RRTHRTA\"	004c98b0,
004cd259	string	\"RRTHRTB\"	004c98b4,
004cd261	string	\"RRTHRTC\"	004c98b8,
004cd269	string	\"RRTHRTD\"	004c98bc,
004cd271	string	\"RRTHRTE\"	004c98c0,
004cd279	string	\"RRTHRTF\"	004c98c4,
004cd281	string	\"RRTHRTG\"	004c98c8,
004cd289	string	\"RRTHRTH\"	004c98cc,
004cd291	string	\"RRTHRTJ\"	004c98d0,
004cd299	string	\"RRTHRTL\"	004c98d4,
004cd2a1	string	\"RRTHRTM\"	004c98d8,
004cd2a9	string	\"RRTHRTN\"	004c98dc,
004cd2b1	string	\"RRTHRTO\"	004c98e0,
004cd2b9	string	\"RRTHRTP\"	004c98e4,
004cd2c1	string	\"RRTHRTQ\"	004c98e8,
004cd2c9	string	\"RRTHRTR\"	004c98ec,
004cd2d1	string	\"RRTHRTS\"	004c98f0,
004cd2d9	string	\"RRTHRTT\"	004c98f4,
004cd2e1	string	\"RRTHRTU\"	004c98f8,
004cd2e9	string	\"RRTHRTV\"	004c98fc,
004cd2f1	string	\"RRTHRTW\"	004c9900,
004cd2f9	string	\"RRTHRTX\"	004c9904,
004cd301	string	\"RRTHRTY\"	004c9908,
004cd309	string	\"RRTHRTZ \"	004c990c,
004cd312	string	\"RRBRAGA\"	004c9910,
004cd31a	string	\"RRBRAGB\"	004c9914,
004cd322	string	\"RRBRAGC\"	004c9918,
004cd32a	string	\"RRBRAGD\"	004c991c,
004cd332	string	\"RRBRAGE\"	004c9920,
004cd33a	string	\"RRBRAGF\"	004c9924,
004cd342	string	\"RRBRAGG\"	004c9928,
004cd34a	string	\"RRBRAGH\"	004c992c,
004cd352	string	\"RRBRAGI\"	004c9930,
004cd35a	string	\"RRBRAGJ\"	004c9934,
004cd362	string	\"RRBRAGK\"	004c9938,
004cd36a	string	\"RRBRAGL\"	004c993c,
004cd372	string	\"RRBRAGM\"	004c9940,
004cd37a	string	\"RRBRAGN\"	004c9944,
004cd382	string	\"RRBRAGO\"	004c9948,
004cd38a	string	\"RRBRAGP\"	004c994c,
004cd392	string	\"RRBRAGQ\"	004c9950,
004cd39a	string	\"RRBRAGR\"	004c9954,
004cd3a2	string	\"RRBRAGS\"	004c9958,
004cd3aa	string	\"RRBRAGT\"	004c995c,
004cd3b2	string	\"RRBRAGU\"	004c9960,
004cd3ba	string	\"RRBRAGV\"	004c9964,
004cd3c2	string	\"RRBRAGW\"	004c9968,
004cd3ca	string	\"RRBRAGX\"	004c996c,
004cd3d2	string	\"RRBRAGY\"	004c9970,
004cd3da	string	\"RRBRAGZ\"	004c9974,
004cd3e2	string	\"RRBRAGAA\"	004c9978,
004cd3eb	string	\"RRCMPTA\"	004c997c,
004cd3f3	string	\"RRCMPTB\"	004c9980,
004cd3fb	string	\"RRCMPTC\"	004c9984,
004cd403	string	\"RRCMPTD\"	004c9988,
004cd40b	string	\"RRCMPTE\"	004c998c,
004cd413	string	\"RRCMPTF\"	004c9990,
004cd41b	string	\"RRCMPTJ\"	004c9994,
004cd423	string	\"RRCMPTK\"	004c9998,
004cd42b	string	\"RRCMPTL\"	004c999c,
004cd433	string	\"RRCMPTM\"	004c99a0,
004cd43b	string	\"RRCMPTN\"	004c99a4,
004cd443	string	\"RRCMPTO\"	004c99a8,
004cd44b	string	\"RRCMPTR\"	004c99ac,
004cd453	string	\"RRCMPTS\"	004c99b0,
004cd45b	string	\"RRCMPTT\"	004c99b4,
004cd463	string	\"RRCMPTU\"	004c99b8,
004cd46b	string	\"RRCMPTV\"	004c99bc,
004cd473	string	\"RRCMPTW\"	004c99c0,
004cd47b	string	\"RRCMPTX\"	004c99c4,
004cd483	string	\"RRCMPTY\"	004c99c8,
004cd48b	string	\"RRCMPTZ\"	004c99cc,
004cd493	string	\"RRCMPTAA\"	004c99d0,
004cd49c	string	\"RRCMPTBB\"	004c99d4,
004cd4a5	string	\"RRPRSEA\"	004c99d8,
004cd4ad	string	\"RRPRSEB\"	004c99dc,
004cd4b5	string	\"RRPRSEC\"	004c99e0,
004cd4bd	string	\"RRPRSED\"	004c99e4,
004cd4c5	string	\"RRPRSEE\"	004c99e8,
004cd4cd	string	\"RRPRSEF\"	004c99ec,
004cd4d5	string	\"RRPRSEG\"	004c99f0,
004cd4dd	string	\"RRPRSEH\"	004c99f4,
004cd4e5	string	\"RRPRSEI\"	004c99f8,
004cd4ed	string	\"RRPRSEJ\"	004c99fc,
004cd4f5	string	\"RRPRSEK\"	004c9a00,
004cd4fd	string	\"RRPRSEL\"	004c9a04,
004cd505	string	\"RRPRSEM\"	004c9a08,
004cd50d	string	\"RRPRSEN\"	004c9a0c,
004cd515	string	\"RRPRSEO\"	004c9a10,
004cd51d	string	\"RRPRSEP\"	004c9a14,
004cd525	string	\"RRPRSEQ\"	004c9a18,
004cd52d	string	\"RRPRSER\"	004c9a1c,
004cd535	string	\"RRPRSES\"	004c9a20,
004cd53d	string	\"RRPRSET\"	004c9a24,
004cd545	string	\"RRCUSTA\"	004c9a28,
004cd54d	string	\"RRCUSTB\"	004c9a2c,
004cd555	string	\"RRCUSTC\"	004c9a30,
004cd55d	string	\"RRCUSTD\"	004c9a34,
004cd565	string	\"RRCUSTE\"	004c9a38,
004cd56d	string	\"RRCUSTF\"	004c9a3c,
004cd575	string	\"TTSTARA\"	004c9a40,
004cd57d	string	\"TTSTARB\"	004c9a44,
004cd585	string	\"TTSTARC\"	004c9a48,
004cd58d	string	\"TTWARNA\"	004c9a4c,
004cd595	string	\"TTWARNB\"	004c9a50,
004cd59d	string	\"TTWARNC\"	004c9a54,
004cd5a5	string	\"TTWARND\"	004c9a58,
004cd5ad	string	\"TTWARNE\"	004c9a5c,
004cd5b5	string	\"TTGRANA\"	004c9a60,
004cd5bd	string	\"TTGRANB\"	004c9a64,
004cd5c5	string	\"TTGRANC\"	004c9a68,
004cd5cd	string	\"TTGRAND\"	004c9a6c,
004cd5d5	string	\"TTGRANE\"	004c9a70,
004cd5dd	string	\"TTBRANA\"	004c9a74,
004cd5e5	string	\"TTBRANB\"	004c9a78,
004cd5ed	string	\"TTBRANC\"	004c9a7c,
004cd5f5	string	\"TTBRAND\"	004c9a80,
004cd5fd	string	\"TTBRANE\"	004c9a84,
004cd605	string	\"TTGCONA\"	004c9a88,
004cd60d	string	\"TTGCONB\"	004c9a8c,
004cd615	string	\"TTGCONC\"	004c9a90,
004cd61d	string	\"TTGCOND\"	004c9a94,
004cd625	string	\"TTGCONE\"	004c9a98,
004cd62d	string	\"TTBCONA\"	004c9a9c,
004cd635	string	\"TTBCONB\"	004c9aa0,
004cd63d	string	\"TTBCONC\"	004c9aa4,
004cd645	string	\"TTBCOND\"	004c9aa8,
004cd64d	string	\"TTBCONE\"	004c9aac,
004cd655	string	\"TTEVNTA\"	004c9ab0,
004cd65d	string	\"TTEVNTB\"	004c9ab4,
004cd665	string	\"TTEVNTC\"	004c9ab8,
004cd66d	string	\"TTEVNTD\"	004c9abc,
004cd675	string	\"TTEVNTE\"	004c9ac0,
004cd67d	string	\"TTXENOA\"	004c9ac4,
004cd685	string	\"TTXENOB\"	004c9ac8,
004cd68d	string	\"TTXENOC\"	004c9acc,
004cd695	string	\"TTXENOD\"	004c9ad0,
004cd69d	string	\"TTEXITA\"	004c9ad4,
004cd6a5	string	\"TTEXITB\"	004c9ad8,
004cd6ad	string	\"TTEXITC\"	004c9adc,
004cd6b5	string	\"TTEXITD\"	004c9ae0,
004cd6bd	string	\"TTEXITE\"	004c9ae4,
004cd6c5	string	\"TTEXITF\"	004c9ae8,
004cd6cd	string	\"TTEXITG\"	004c9aec,
004cd6d5	string	\"TTEXITH\"	004c9af0,
004cd6dd	string	\"TTEXITI\"	004c9af4,
004cd6e5	string	\"TTEXITJ\"	004c9af8,
004cd6ed	string	\"TTEXITK\"	004c9afc,
004cd6f5	string	\"TTEXITL\"	004c9b00,
004cd6fd	string	\"TTCURRA\"	004c9b04,
004cd705	string	\"TTCURRC\"	004c9b08,
004cd70d	string	\"TTCURRB\"	004c9b0c,
004cd715	string	\"TTCURRD\"	004c9b10,
004cd71d	string	\"TTCURRE\"	004c9b14,
004cd725	string	\"TTCURRF\"	004c9b18,
004cd72d	string	\"TTCURRG\"	004c9b1c,
004cd735	string	\"TTCURRH\"	004c9b20,
004cd73d	string	\"TTCURRI\"	004c9b24,
004cd745	string	\"TTTECHA\"	004c9b28,
004cd74d	string	\"TTTECHB\"	004c9b2c,
004cd755	string	\"TTTECHC\"	004c9b30,
004cd75d	string	\"TTTECHD\"	004c9b34,
004cd765	string	\"TTTECHE\"	004c9b38,
004cd76d	string	\"TTTECHF\"	004c9b3c,
004cd775	string	\"TTTECHG\"	004c9b40,
004cd77d	string	\"TTTECHI\"	004c9b44,004c9b48,
004cd785	string	\"TTALLYA\"	004c9b4c,
004cd78d	string	\"TTALLYB\"	004c9b50,
004cd795	string	\"TTALLYC\"	004c9b54,
004cd79d	string	\"TTALLYD\"	004c9b58,
004cd7a5	string	\"TTALLYE\"	004c9b5c,
004cd7ad	string	\"TTALLYF\"	004c9b60,
004cd7b5	string	\"TTALLYG\"	004c9b64,
004cd7bd	string	\"TTALLYH\"	004c9b68,
004cd7c5	string	\"TTALLYI\"	004c9b6c,
004cd7cd	string	\"TTALLYJ\"	004c9b70,
004cd7d5	string	\"TTALLYK\"	004c9b74,
004cd7dd	string	\"TTALLYL\"	004c9b78,
004cd7e5	string	\"TTALLYM\"	004c9b7c,
004cd7ed	string	\"TTALLYN\"	004c9b80,
004cd7f5	string	\"TTALLYO\"	004c9b84,
004cd7fd	string	\"TTPOLTA\"	004c9b88,
004cd805	string	\"TTPOLTB\"	004c9b8c,
004cd80d	string	\"TTPOLTC\"	004c9b90,
004cd815	string	\"TTPOLTD\"	004c9b94,
004cd81d	string	\"TTPOLTE\"	004c9b98,
004cd825	string	\"TTHRSHA\"	004c9b9c,
004cd82d	string	\"TTHRSHB\"	004c9ba0,
004cd835	string	\"TTHRSHC\"	004c9ba4,
004cd83d	string	\"TTHRSHD\"	004c9ba8,
004cd845	string	\"TTHRSHE\"	004c9bac,
004cd84d	string	\"TTACPTA\"	004c9bb0,
004cd855	string	\"TTACPTB\"	004c9bb4,
004cd85d	string	\"TTACPTC\"	004c9bb8,
004cd865	string	\"TTACPTD\"	004c9bbc,
004cd86d	string	\"TTACPTE\"	004c9bc0,
004cd875	string	\"TTBREKA\"	004c9bc4,
004cd87d	string	\"TTBREKB\"	004c9bc8,
004cd885	string	\"TTBREKC\"	004c9bcc,
004cd88d	string	\"TTBREKD\"	004c9bd0,
004cd895	string	\"TTBREKE\"	004c9bd4,
004cd89d	string	\"TTQUITA\"	004c9bd8,
004cd8a5	string	\"TTQUITB\"	004c9bdc,
004cd8ad	string	\"TTQUITC\"	004c9be0,
004cd8b5	string	\"TTQUITD\"	004c9be4,
004cd8bd	string	\"TTQUITE\"	004c9be8,
004cd8c5	string	\"TTDAMAA\"	004c9bec,
004cd8cd	string	\"TTDAMAB\"	004c9bf0,
004cd8d5	string	\"TTDAMAC\"	004c9bf4,
004cd8dd	string	\"TTDCDEA\"	004c9bf8,
004cd8e5	string	\"TTDCDEB\"	004c9bfc,
004cd8ed	string	\"TTDCDEC\"	004c9c00,
004cd8f5	string	\"TTWAITA\"	004c9c04,
004cd8fd	string	\"TTRSLTA\"	004c9c08,
004cd905	string	\"TTRSLTB\"	004c9c0c,
004cd90d	string	\"TTELIMD\"	004c9c14,004cac8c,
004cd915	string	\"TTELIMC\"	004c9c18,004cac94,
004cd91d	string	\"TTELIMA\"	004c9c1c,004cac98,
004cd925	string	\"TTELIMB\"	004c9c20,004cac9c,
004cd92d	string	\"TTELIMF\"	004c9c24,004caca4,
004cd935	string	\"TTELIME\"	004c9c28,004cac90,
004cd93d	string	\"TTDFTWA\"	004c9c2c,
004cd945	string	\"TTDFTCA\"	004c9c30,
004cd94d	string	\"TTDFTSA\"	004c9c34,
004cd955	string	\"TTVICA\"	004c9c38,
004cd95c	string	\"TTVICB\"	004c9c3c,
004cd963	string	\"TTCPGNA\"	004c9c40,
004cd96b	string	\"TTCPGNB\"	004c9c44,
004cd973	string	\"TTCPGNC\"	004c9c48,
004cd97b	string	\"TTCPGND\"	004c9c4c,
004cd983	string	\"TTCPGNE\"	004c9c50,
004cd98b	string	\"TTCPGNF\"	004c9c54,
004cd993	string	\"TTCPGNG\"	004c9c58,
004cd99b	string	\"TTINSTA\"	004c9c5c,
004cd9a3	string	\"TTINSTB\"	004c9c60,
004cd9ab	string	\"TTINSTC\"	004c9c64,
004cd9b3	string	\"TTINSTD\"	004c9c68,
004cd9bb	string	\"TTINSTE\"	004c9c6c,
004cd9c3	string	\"TTINSTF\"	004c9c70,
004cd9cb	string	\"TTINSTG\"	004c9c74,
004cd9d3	string	\"TTINSTH\"	004c9c78,
004cd9db	string	\"TTINSTI\"	004c9c7c,
004cd9e3	string	\"TTINSTJ\"	004c9c80,
004cd9eb	string	\"TTINSTK\"	004c9c84,
004cd9f3	string	\"TTINSTL\"	004c9c88,
004cd9fb	string	\"TTINSTM\"	004c9c8c,
004cda03	string	\"TTINSTN\"	004c9c90,
004cda0b	string	\"TTINSTO\"	004c9c94,
004cda13	string	\"TTINSTP\"	004c9c98,
004cda1b	string	\"TTINSTQ\"	004c9c9c,
004cda23	string	\"TTINSTR\"	004c9ca0,
004cda2b	string	\"TTINSTS\"	004c9ca4,
004cda33	string	\"TTINSTT\"	004c9ca8,
004cda3b	string	\"TTINSTU\"	004c9cac,
004cda43	string	\"TTINSTV\"	004c9cb0,
004cda4b	string	\"TTINSTW\"	004c9cb4,
004cda53	string	\"TTINSTX\"	004c9cb8,
004cda5b	string	\"TTINSTY\"	004c9cbc,
004cda63	string	\"TTINSTZ\"	004c9cc0,
004cda6b	string	\"TTTHRTA\"	004c9cc4,
004cda73	string	\"TTTHRTB\"	004c9cc8,
004cda7b	string	\"TTTHRTC\"	004c9ccc,
004cda83	string	\"TTTHRTD\"	004c9cd0,
004cda8b	string	\"TTTHRTE\"	004c9cd4,
004cda93	string	\"TTTHRTF\"	004c9cd8,
004cda9b	string	\"TTTHRTG\"	004c9cdc,
004cdaa3	string	\"TTTHRTH\"	004c9ce0,
004cdaab	string	\"TTTHRTI\"	004c9ce4,
004cdab3	string	\"TTTHRTJ\"	004c9ce8,
004cdabb	string	\"TTTHRTK\"	004c9cec,
004cdac3	string	\"TTTHRTL\"	004c9cf0,
004cdacb	string	\"TTTHRTM\"	004c9cf4,
004cdad3	string	\"TTTHRTN\"	004c9cf8,
004cdadb	string	\"TTTHRTO\"	004c9cfc,
004cdae3	string	\"TTTHRTP\"	004c9d00,
004cdaeb	string	\"TTTHRTQ\"	004c9d04,
004cdaf3	string	\"TTTHRTR\"	004c9d08,
004cdafb	string	\"TTTHRTS\"	004c9d0c,
004cdb03	string	\"TTTHRTT\"	004c9d10,
004cdb0b	string	\"TTTHRTU\"	004c9d14,
004cdb13	string	\"TTTHRTV\"	004c9d18,
004cdb1b	string	\"TTTHRTW\"	004c9d1c,
004cdb23	string	\"TTTHRTX\"	004c9d20,
004cdb2b	string	\"TTTHRTY\"	004c9d24,
004cdb33	string	\"TTTHRTAA\"	004c9d28,
004cdb3c	string	\"TTTHRTBB\"	004c9d2c,
004cdb45	string	\"TTBRAGA\"	004c9d30,
004cdb4d	string	\"TTBRAGB\"	004c9d34,
004cdb55	string	\"TTBRAGC\"	004c9d38,
004cdb5d	string	\"TTBRAGD\"	004c9d3c,
004cdb65	string	\"TTBRAGE\"	004c9d40,
004cdb6d	string	\"TTBRAGF\"	004c9d44,
004cdb75	string	\"TTBRAGG\"	004c9d48,
004cdb7d	string	\"TTBRAGH\"	004c9d4c,
004cdb85	string	\"TTBRAGI\"	004c9d50,
004cdb8d	string	\"TTBRAGJ\"	004c9d54,
004cdb95	string	\"TTBRAGK\"	004c9d58,
004cdb9d	string	\"TTBRAGL\"	004c9d5c,
004cdba5	string	\"TTBRAGM\"	004c9d60,
004cdbad	string	\"TTBRAGN\"	004c9d64,
004cdbb5	string	\"TTBRAGO\"	004c9d68,
004cdbbd	string	\"TTBRAGP\"	004c9d6c,
004cdbc5	string	\"TTBRAGQ\"	004c9d70,
004cdbcd	string	\"TTBRAGR\"	004c9d74,
004cdbd5	string	\"TTBRAGS\"	004c9d78,
004cdbdd	string	\"TTBRAGT\"	004c9d7c,
004cdbe5	string	\"TTBRAGU\"	004c9d80,
004cdbed	string	\"TTBRAGV\"	004c9d84,
004cdbf5	string	\"TTBRAGW\"	004c9d88,
004cdbfd	string	\"TTBRAGX\"	004c9d8c,
004cdc05	string	\"TTBRAGY\"	004c9d90,
004cdc0d	string	\"TTBRAGZ\"	004c9d94,
004cdc15	string	\"TTCMPTA\"	004c9d98,
004cdc1d	string	\"TTCMPTB\"	004c9d9c,
004cdc25	string	\"TTCMPTC\"	004c9da0,
004cdc2d	string	\"TTCMPTD\"	004c9da4,
004cdc35	string	\"TTCMPTE\"	004c9da8,
004cdc3d	string	\"TTCMPTF\"	004c9dac,
004cdc45	string	\"TTCMPTJ\"	004c9db0,
004cdc4d	string	\"TTCMPTK\"	004c9db4,
004cdc55	string	\"TTCMPTL\"	004c9db8,
004cdc5d	string	\"TTCMPTM\"	004c9dbc,
004cdc65	string	\"TTCMPTN\"	004c9dc0,
004cdc6d	string	\"TTCMPTO\"	004c9dc4,
004cdc75	string	\"TTCMPTP\"	004c9dc8,
004cdc7d	string	\"TTCMPTQ\"	004c9dcc,
004cdc85	string	\"TTCMPTR\"	004c9dd0,
004cdc8d	string	\"TTCMPTS\"	004c9dd4,
004cdc95	string	\"TTCMPTT\"	004c9dd8,
004cdc9d	string	\"TTCMPTU\"	004c9ddc,
004cdca5	string	\"TTCMPTV\"	004c9de0,
004cdcad	string	\"TTCMPTW\"	004c9de4,
004cdcb5	string	\"TTCMPTX\"	004c9de8,
004cdcbd	string	\"TTCMPTY\"	004c9dec,
004cdcc5	string	\"TTCMPTZ\"	004c9df0,
004cdccd	string	\"TTCMPTAA\"	004c9df4,
004cdcd6	string	\"TTPRSEA\"	004c9df8,
004cdcde	string	\"TTPRSEB\"	004c9dfc,
004cdce6	string	\"TTPRSEC\"	004c9e00,
004cdcee	string	\"TTPRSED\"	004c9e04,
004cdcf6	string	\"TTPRSEE\"	004c9e08,
004cdcfe	string	\"TTPRSEF\"	004c9e0c,
004cdd06	string	\"TTPRSEG\"	004c9e10,
004cdd0e	string	\"TTPRSEH\"	004c9e14,
004cdd16	string	\"TTPRSEI\"	004c9e18,
004cdd1e	string	\"TTPRSEJ\"	004c9e1c,
004cdd26	string	\"TTPRSEK\"	004c9e20,
004cdd2e	string	\"TTPRSEL\"	004c9e24,
004cdd36	string	\"TTPRSEM\"	004c9e28,
004cdd3e	string	\"TTPRSEN\"	004c9e2c,
004cdd46	string	\"TTPRSEO\"	004c9e30,
004cdd4e	string	\"TTPRSEP\"	004c9e34,
004cdd56	string	\"TTPRSEQ\"	004c9e38,
004cdd5e	string	\"TTPRSER\"	004c9e3c,
004cdd66	string	\"TTPRSES\"	004c9e40,
004cdd6e	string	\"TTPRSET\"	004c9e44,
004cdd76	string	\"TTCUSTA\"	004c9e48,
004cdd7e	string	\"TTCUSTB\"	004c9e4c,
004cdd86	string	\"TTCUSTC\"	004c9e50,
004cdd8e	string	\"TTCUSTD\"	004c9e54,
004cdd96	string	\"TTCUSTE\"	004c9e58,
004cdd9e	string	\"TTCUSTF\"	004c9e5c,
004cdda6	string	\"UUSTARA\"	004c9e60,
004cddae	string	\"UUSTARB\"	004c9e64,
004cddb6	string	\"UUSTARC\"	004c9e68,
004cddbe	string	\"UUWARNA\"	004c9e6c,
004cddc6	string	\"UUWARNB\"	004c9e70,
004cddce	string	\"UUWARNC\"	004c9e74,
004cddd6	string	\"UUWARND\"	004c9e78,
004cddde	string	\"UUWARNE\"	004c9e7c,
004cdde6	string	\"UUGRANA\"	004c9e80,
004cddee	string	\"UUGRANB\"	004c9e84,
004cddf6	string	\"UUGRANC\"	004c9e88,
004cddfe	string	\"UUGRAND\"	004c9e8c,
004cde06	string	\"UUGRANE\"	004c9e90,
004cde0e	string	\"UUBRANA\"	004c9e94,
004cde16	string	\"UUBRANB\"	004c9e98,
004cde1e	string	\"UUBRANC\"	004c9e9c,
004cde26	string	\"UUBRAND\"	004c9ea0,
004cde2e	string	\"UUBRANE\"	004c9ea4,
004cde36	string	\"UUGCONA\"	004c9ea8,
004cde3e	string	\"UUGCONB\"	004c9eac,
004cde46	string	\"UUGCONC\"	004c9eb0,
004cde4e	string	\"UUGCOND\"	004c9eb4,
004cde56	string	\"UUGCONE\"	004c9eb8,
004cde5e	string	\"UUBCONA\"	004c9ebc,
004cde66	string	\"UUBCONB\"	004c9ec0,
004cde6e	string	\"UUBCONC\"	004c9ec4,
004cde76	string	\"UUBCOND\"	004c9ec8,
004cde7e	string	\"UUBCONE\"	004c9ecc,
004cde86	string	\"UUEVNTA\"	004c9ed0,
004cde8e	string	\"UUEVNTB\"	004c9ed4,
004cde96	string	\"UUEVNTC\"	004c9ed8,
004cde9e	string	\"UUEVNTD\"	004c9edc,
004cdea6	string	\"UUEVNTE\"	004c9ee0,
004cdeae	string	\"UUXENOA\"	004c9ee4,
004cdeb6	string	\"UUXENOB\"	004c9ee8,
004cdebe	string	\"UUXENOC\"	004c9eec,
004cdec6	string	\"UUXENOD\"	004c9ef0,
004cdece	string	\"UUEXITA\"	004c9ef4,
004cded6	string	\"UUEXITB\"	004c9ef8,
004cdede	string	\"UUEXITC\"	004c9efc,
004cdee6	string	\"UUEXITD\"	004c9f00,
004cdeee	string	\"UUEXITE\"	004c9f04,
004cdef6	string	\"UUEXITF\"	004c9f08,
004cdefe	string	\"UUEXITG\"	004c9f0c,
004cdf06	string	\"UUEXITH\"	004c9f10,
004cdf0e	string	\"UUEXITI\"	004c9f14,
004cdf16	string	\"UUEXITJ\"	004c9f18,
004cdf1e	string	\"UUEXITK\"	004c9f1c,
004cdf26	string	\"UUEXITL\"	004c9f20,
004cdf2e	string	\"UUCURRA\"	004c9f24,
004cdf36	string	\"UUCURRC\"	004c9f28,
004cdf3e	string	\"UUCURRB\"	004c9f2c,
004cdf46	string	\"UUCURRD\"	004c9f30,
004cdf4e	string	\"UUCURRE\"	004c9f34,
004cdf56	string	\"UUCURRF\"	004c9f38,
004cdf5e	string	\"UUCURRG\"	004c9f3c,
004cdf66	string	\"UUCURRH\"	004c9f40,
004cdf6e	string	\"UUCURRI\"	004c9f44,
004cdf76	string	\"UUTECHA\"	004c9f48,
004cdf7e	string	\"UUTECHB\"	004c9f4c,
004cdf86	string	\"UUTECHC\"	004c9f50,
004cdf8e	string	\"UUTECHD\"	004c9f54,
004cdf96	string	\"UUTECHE\"	004c9f58,
004cdf9e	string	\"UUTECHF\"	004c9f5c,
004cdfa6	string	\"UUTECHG\"	004c9f60,
004cdfae	string	\"UUTECHH\"	004c9f64,
004cdfb6	string	\"UUTECHI\"	004c9f68,
004cdfbe	string	\"UUALLYA\"	004c9f6c,
004cdfc6	string	\"UUALLYB\"	004c9f70,
004cdfce	string	\"UUALLYC\"	004c9f74,
004cdfd6	string	\"UUALLYD\"	004c9f78,
004cdfde	string	\"UUALLYE\"	004c9f7c,
004cdfe6	string	\"UUALLYF\"	004c9f80,
004cdfee	string	\"UUALLYG\"	004c9f84,
004cdff6	string	\"UUALLYH\"	004c9f88,
004cdffe	string	\"UUALLYI\"	004c9f8c,
004ce006	string	\"UUALLYJ\"	004c9f90,
004ce00e	string	\"UUALLYK\"	004c9f94,
004ce016	string	\"UUALLYL\"	004c9f98,
004ce01e	string	\"UUALLYM\"	004c9f9c,
004ce026	string	\"UUALLYN\"	004c9fa0,
004ce02e	string	\"UUALLYO\"	004c9fa4,
004ce036	string	\"UUPOLTA\"	004c9fa8,
004ce03e	string	\"UUPOLTB\"	004c9fac,
004ce046	string	\"UUPOLTC\"	004c9fb0,
004ce04e	string	\"UUPOLTD\"	004c9fb4,
004ce056	string	\"UUPOLTE\"	004c9fb8,
004ce05e	string	\"UUHRSHA\"	004c9fbc,
004ce066	string	\"UUHRSHB\"	004c9fc0,
004ce06e	string	\"UUHRSHC\"	004c9fc4,
004ce076	string	\"UUHRSHD\"	004c9fc8,
004ce07e	string	\"UUHRSHE\"	004c9fcc,
004ce086	string	\"UUACPTA\"	004c9fd0,
004ce08e	string	\"UUACPTB\"	004c9fd4,
004ce096	string	\"UUACPTC\"	004c9fd8,
004ce09e	string	\"UUACPTD\"	004c9fdc,
004ce0a6	string	\"UUACPTE\"	004c9fe0,
004ce0ae	string	\"UUBREKA\"	004c9fe4,
004ce0b6	string	\"UUBREKB\"	004c9fe8,
004ce0be	string	\"UUBREKC\"	004c9fec,
004ce0c6	string	\"UUBREKD\"	004c9ff0,
004ce0ce	string	\"UUBREKE\"	004c9ff4,
004ce0d6	string	\"UUQUITA\"	004c9ff8,
004ce0de	string	\"UUQUITB\"	004c9ffc,
004ce0e6	string	\"UUQUITC\"	004ca000,
004ce0ee	string	\"UUQUITD\"	004ca004,
004ce0f6	string	\"UUQUITE\"	004ca008,
004ce0fe	string	\"UUDAMAA\"	004ca00c,
004ce106	string	\"UUDAMAB\"	004ca010,
004ce10e	string	\"UUDAMAC\"	004ca014,
004ce116	string	\"UUDCDEA\"	004ca018,
004ce11e	string	\"UUDCDEB\"	004ca01c,
004ce126	string	\"UUDCDEC\"	004ca020,
004ce12e	string	\"UUWAITA\"	004ca024,
004ce136	string	\"UURSLTA\"	004ca028,
004ce13e	string	\"UURSLTB\"	004ca02c,
004ce146	string	\"UUELIMD\"	004ca034,004cacb0,
004ce14e	string	\"UUELIMC\"	004ca038,004cacac,
004ce156	string	\"UUELIMA\"	004ca03c,004cacb8,
004ce15e	string	\"UUELIMB\"	004ca040,004cacbc,
004ce166	string	\"UUELIMF\"	004ca044,004caca8,
004ce16e	string	\"UUELIME\"	004ca048,004cacb4,
004ce176	string	\"UUDFTWA\"	004ca04c,
004ce17e	string	\"UUDFTCA\"	004ca050,
004ce186	string	\"UUDFTSA\"	004ca054,
004ce18e	string	\"UUVICA\"	004ca058,
004ce195	string	\"UUVICB\"	004ca05c,
004ce19c	string	\"UUCPGNA\"	004ca060,
004ce1a4	string	\"UUCPGNB\"	004ca064,
004ce1ac	string	\"UUCPGNC\"	004ca068,
004ce1b4	string	\"UUCPGND\"	004ca06c,
004ce1bc	string	\"UUCPGNE\"	004ca070,
004ce1c4	string	\"UUCPGNF\"	004ca074,
004ce1cc	string	\"UUINSTA\"	004ca078,
004ce1d4	string	\"UUINSTB\"	004ca07c,
004ce1dc	string	\"UUINSTC\"	004ca080,
004ce1e4	string	\"UUINSTD\"	004ca084,
004ce1ec	string	\"UUINSTE\"	004ca088,
004ce1f4	string	\"UUINSTF\"	004ca08c,
004ce1fc	string	\"UUINSTG\"	004ca090,
004ce204	string	\"UUINSTH\"	004ca094,
004ce20c	string	\"UUINSTI\"	004ca098,
004ce214	string	\"UUINSTJ\"	004ca09c,
004ce21c	string	\"UUINSTK\"	004ca0a0,
004ce224	string	\"UUINSTL\"	004ca0a4,
004ce22c	string	\"UUINSTM\"	004ca0a8,
004ce234	string	\"UUINSTN\"	004ca0ac,
004ce23c	string	\"UUINSTO\"	004ca0b0,
004ce244	string	\"UUINSTP\"	004ca0b4,
004ce24c	string	\"UUINSTQ\"	004ca0b8,
004ce254	string	\"UUINSTR\"	004ca0bc,
004ce25c	string	\"UUINSTS\"	004ca0c0,
004ce264	string	\"UUINSTT\"	004ca0c4,
004ce26c	string	\"UUINSTU\"	004ca0c8,
004ce274	string	\"UUINSTV\"	004ca0cc,
004ce27c	string	\"UUINSTW\"	004ca0d0,
004ce284	string	\"UUINSTX\"	004ca0d4,
004ce28c	string	\"UUINSTY\"	004ca0d8,
004ce294	string	\"UUINSTZ\"	004ca0dc,
004ce29c	string	\"UUINSTAA\"	004ca0e0,
004ce2a5	string	\"UUTHRTA\"	004ca0e4,
004ce2ad	string	\"UUTHRTB\"	004ca0e8,
004ce2b5	string	\"UUTHRTC\"	004ca0ec,
004ce2bd	string	\"UUTHRTD\"	004ca0f0,
004ce2c5	string	\"UUTHRTE\"	004ca0f4,
004ce2cd	string	\"UUTHRTF\"	004ca0f8,
004ce2d5	string	\"UUTHRTG\"	004ca0fc,
004ce2dd	string	\"UUTHRTH\"	004ca100,
004ce2e5	string	\"UUTHRTI\"	004ca104,
004ce2ed	string	\"UUTHRTJ\"	004ca108,
004ce2f5	string	\"UUTHRTK\"	004ca10c,
004ce2fd	string	\"UUTHRTL\"	004ca110,
004ce305	string	\"UUTHRTM\"	004ca114,
004ce30d	string	\"UUTHRTN\"	004ca118,
004ce315	string	\"UUTHRTO\"	004ca11c,
004ce31d	string	\"UUTHRTP\"	004ca120,
004ce325	string	\"UUTHRTQ\"	004ca124,
004ce32d	string	\"UUTHRTR\"	004ca128,
004ce335	string	\"UUTHRTT\"	004ca12c,
004ce33d	string	\"UUTHRTU\"	004ca130,
004ce345	string	\"UUTHRTV\"	004ca134,
004ce34d	string	\"UUTHRTW\"	004ca138,
004ce355	string	\"UUTHRTX\"	004ca13c,
004ce35d	string	\"UUTHRTY\"	004ca140,
004ce365	string	\"UUTHRTZ \"	004ca144,
004ce36e	string	\"UUTHRTAA\"	004ca148,
004ce377	string	\"UUBRAGA\"	004ca14c,
004ce37f	string	\"UUBRAGB\"	004ca150,
004ce387	string	\"UUBRAGC\"	004ca154,
004ce38f	string	\"UUBRAGD\"	004ca158,
004ce397	string	\"UUBRAGE\"	004ca15c,
004ce39f	string	\"UUBRAGF\"	004ca160,
004ce3a7	string	\"UUBRAGG\"	004ca164,
004ce3af	string	\"UUBRAGH\"	004ca168,
004ce3b7	string	\"UUBRAGI\"	004ca16c,
004ce3bf	string	\"UUBRAGK\"	004ca170,
004ce3c7	string	\"UUBRAGL\"	004ca174,
004ce3cf	string	\"UUBRAGM\"	004ca178,
004ce3d7	string	\"UUBRAGN\"	004ca17c,
004ce3df	string	\"UUBRAGO\"	004ca180,
004ce3e7	string	\"UUBRAGP\"	004ca184,
004ce3ef	string	\"UUBRAGQ\"	004ca188,
004ce3f7	string	\"UUBRAGR\"	004ca18c,
004ce3ff	string	\"UUBRAGS\"	004ca190,
004ce407	string	\"UUBRAGT\"	004ca194,
004ce40f	string	\"UUBRAGU\"	004ca198,
004ce417	string	\"UUBRAGV\"	004ca19c,
004ce41f	string	\"UUBRAGW\"	004ca1a0,
004ce427	string	\"UUBRAGX\"	004ca1a4,
004ce42f	string	\"UUBRAGY\"	004ca1a8,
004ce437	string	\"UUBRAGZ\"	004ca1ac,
004ce43f	string	\"UUCMPTA\"	004ca1b0,
004ce447	string	\"UUCMPTB\"	004ca1b4,
004ce44f	string	\"UUCMPTC\"	004ca1b8,
004ce457	string	\"UUCMPTD\"	004ca1bc,
004ce45f	string	\"UUCMPTE\"	004ca1c0,
004ce467	string	\"UUCMPTF\"	004ca1c4,
004ce46f	string	\"UUCMPTJ\"	004ca1c8,
004ce477	string	\"UUCMPTK\"	004ca1cc,
004ce47f	string	\"UUCMPTL\"	004ca1d0,
004ce487	string	\"UUCMPTM\"	004ca1d4,
004ce48f	string	\"UUCMPTN\"	004ca1d8,
004ce497	string	\"UUCMPTO\"	004ca1dc,
004ce49f	string	\"UUCMPTP\"	004ca1e0,
004ce4a7	string	\"UUCMPTQ\"	004ca1e4,
004ce4af	string	\"UUCMPTR\"	004ca1e8,
004ce4b7	string	\"UUCMPTT\"	004ca1ec,
004ce4bf	string	\"UUCMPTU\"	004ca1f0,
004ce4c7	string	\"UUCMPTV\"	004ca1f4,
004ce4cf	string	\"UUCMPTW\"	004ca1f8,
004ce4d7	string	\"UUCMPTX\"	004ca1fc,
004ce4df	string	\"UUCMPTY\"	004ca200,
004ce4e7	string	\"UUCMPTZ\"	004ca204,
004ce4ef	string	\"UUCMPTAA\"	004ca208,
004ce4f8	string	\"UUPRSEA\"	004ca20c,
004ce500	string	\"UUPRSEB\"	004ca210,
004ce508	string	\"UUPRSEC\"	004ca214,
004ce510	string	\"UUPRSED\"	004ca218,
004ce518	string	\"UUPRSEE\"	004ca21c,
004ce520	string	\"UUPRSEF\"	004ca220,
004ce528	string	\"UUPRSEG\"	004ca224,
004ce530	string	\"UUPRSEH\"	004ca228,
004ce538	string	\"UUPRSEI\"	004ca22c,
004ce540	string	\"UUPRSEJ\"	004ca230,
004ce548	string	\"UUPRSEK\"	004ca234,
004ce550	string	\"UUPRSEL\"	004ca238,
004ce558	string	\"UUPRSEM\"	004ca23c,
004ce560	string	\"UUPRSEN\"	004ca240,
004ce568	string	\"UUPRSEO\"	004ca244,
004ce570	string	\"UUPRSEP\"	004ca248,
004ce578	string	\"UUPRSEQ\"	004ca24c,
004ce580	string	\"UUPRSER\"	004ca250,
004ce588	string	\"UUPRSES\"	004ca254,
004ce590	string	\"UUPRSET\"	004ca258,
004ce598	string	\"UUCUSTA\"	004ca25c,
004ce5a0	string	\"UUCUSTB\"	004ca260,
004ce5a8	string	\"UUCUSTC\"	004ca264,
004ce5b0	string	\"UUCUSTD\"	004ca268,
004ce5b8	string	\"UUCUSTE\"	004ca26c,
004ce5c0	string	\"UUCUSTF\"	004ca270,
004ce5c8	string	\"NNOPENA\"	004ca274,
004ce5d0	string	\"NNOPENB\"	004ca278,
004ce5d8	string	\"NNOPENC\"	004ca27c,
004ce5e0	string	\"NNOPEND\"	004ca280,
004ce5e8	string	\"NNOPENE\"	004ca284,
004ce5f0	string	\"NNOPENF\"	004ca288,
004ce5f8	string	\"NNCATAA\"	004ca28c,
004ce600	string	\"NNCATAB\"	004ca290,
004ce608	string	\"NNCATAC\"	004ca294,
004ce610	string	\"NNCATAD\"	004ca298,
004ce618	string	\"NNCATAE\"	004ca29c,
004ce620	string	\"NNCATAF\"	004ca2a0,
004ce628	string	\"NNCATAG\"	004ca2a4,
004ce630	string	\"NNCATAH\"	004ca2a8,
004ce638	string	\"NNCATAI\"	004ca2ac,
004ce640	string	\"NNCATAJ\"	004ca2b0,
004ce648	string	\"NNCATAK\"	004ca2b4,
004ce650	string	\"NNCATAL\"	004ca2b8,
004ce658	string	\"NNCATAM\"	004ca2bc,
004ce660	string	\"NNCATAN\"	004ca2c0,
004ce668	string	\"NNCATAO\"	004ca2c4,
004ce670	string	\"NNCATAP\"	004ca2c8,
004ce678	string	\"NNCOLAA\"	004ca2cc,
004ce680	string	\"NNCOLAB\"	004ca2d0,
004ce688	string	\"NNCOLAC\"	004ca2d4,
004ce690	string	\"NNTERRA\"	004ca2d8,
004ce698	string	\"NNTERRB\"	004ca2dc,
004ce6a0	string	\"NNLOOPA\"	004ca2e0,
004ce6a8	string	\"NNLOOPB\"	004ca2e4,
004ce6b0	string	\"NNLOOPC\"	004ca2e8,
004ce6b8	string	\"NNEXITA\"	004ca2ec,
004ce6c0	string	\"NNEXITB\"	004ca2f0,
004ce6c8	string	\"NNEXITC\"	004ca2f4,
004ce6d0	string	\"NNEXITD\"	004ca2f8,
004ce6d8	string	\"NNEXITE\"	004ca2fc,
004ce6e0	string	\"NNEXITF\"	004ca300,
004ce6e8	string	\"NNEXITG\"	004ca304,
004ce6f0	string	\"NNEXITH\"	004ca308,
004ce6f8	string	\"SSHELLOA\"	004ca30c,
004ce701	string	\"SSHELLOB\"	004ca310,
004ce70a	string	\"SSHELLOC\"	004ca314,
004ce713	string	\"SSHELLOD\"	004ca318,
004ce71c	string	\"SSHELLOE\"	004ca31c,
004ce725	string	\"SSHELLOF\"	004ca320,
004ce72e	string	\"SSHELLOG\"	004ca324,
004ce737	string	\"SSHELLOH\"	004ca328,
004ce740	string	\"SSHELLOI\"	004ca32c,
004ce749	string	\"SSHELLOJ\"	004ca330,
004ce752	string	\"SSBLOWA\"	004ca334,
004ce75a	string	\"SSBLOWB\"	004ca338,
004ce762	string	\"SSBLOWC\"	004ca33c,
004ce76a	string	\"SSBLOWD\"	004ca340,
004ce772	string	\"SSBLOWE\"	004ca344,
004ce77a	string	\"SSBLOWF\"	004ca348,
004ce782	string	\"SSBLOWG\"	004ca34c,
004ce78a	string	\"SSBLOWH\"	004ca350,
004ce792	string	\"SSBLOWI\"	004ca354,
004ce79a	string	\"SSBLOWJ\"	004ca358,
004ce7a2	string	\"SSENTRA\"	004ca35c,
004ce7aa	string	\"SSENTRB\"	004ca360,
004ce7b2	string	\"SSENTRC\"	004ca364,
004ce7ba	string	\"SSENTRD\"	004ca368,
004ce7c2	string	\"SSENTRE\"	004ca36c,
004ce7ca	string	\"SSENTRF\"	004ca370,
004ce7d2	string	\"SSENTRG\"	004ca374,
004ce7da	string	\"SSENTRH\"	004ca378,
004ce7e2	string	\"SSENTRI\"	004ca37c,
004ce7ea	string	\"SSENTRJ\"	004ca380,
004ce7f2	string	\"SSEXITA\"	004ca384,
004ce7fa	string	\"SSEXITB\"	004ca388,
004ce802	string	\"SSEXITC\"	004ca38c,
004ce80a	string	\"SSEXITD\"	004ca390,
004ce812	string	\"SSEXITE\"	004ca394,
004ce81a	string	\"SSEXITF\"	004ca398,
004ce822	string	\"SSEXITG\"	004ca39c,
004ce82a	string	\"SSEXITH\"	004ca3a0,
004ce832	string	\"SSEXITI\"	004ca3a4,
004ce83a	string	\"SSEXITJ\"	004ca3a8,
004ce842	string	\"Custom Chat\"	FUN_0045093c,
004d0228	string	\"REPLAY.TXT\"	
004d0238	string	\"COMBAT.TXT\"	
004d0243	string	\"Invalid plane parent or parent territory in SetRetreat()\"	SetRetreat,
004d027c	string	\" and \"	FUN_00452594,
004d0285	string	\"unit is\"	FUN_004526b0,FUN_004526b0,FUN_004526b0,FUN_004526b0,
004d028d	string	\"units are\"	FUN_004526b0,FUN_004526b0,FUN_004526b0,FUN_004526b0,
004d029c	string	\"units\"	FUN_004526b0,FUN_004526b0,FUN_004526b0,FUN_004526b0,
004d02af	string	\"Combat\"	FUN_00457624,
004d02c0	string	\".\\\\\\\\DEADCINE.CAM\"	FUN_00457864,FUN_00457864,
004d02d0	string	\".\\\\\\\\DEADLOCK.TXT\"	FUN_00457864,
004d02e4	string	\".\\\\\\\\DEADCINE.CAM\"	FUN_004579a4,FUN_004579a4,
004d172c	string	\"Deadlock 2 Host\"	FUN_004582e0,FUN_00458640,FUN_00458640,
004d173c	string	\"Closed Deadlock 2 Host\"	FUN_00458640,FUN_00458640,
004d1753	string	\"NetPlayerDisconnect\"	NetPlayerDisconnect,
004d1767	string	\"NetReceiveCapsule\"	NetReceiveCapsule,NetReceiveCapsule,
004d1779	string	\"Deadlock 2 Player\"	FUN_00458434,
004d179c	string	\"DEBUG.TXT\"	DumpGameOptions,InitDebugLogs,DebugLog,
004d17a8	string	\"Debug Messages Received\\n\"	InitDebugLogs,
004d17c1	string	\"Deadlock 2 v%d.%d%d\\n\\n\"	InitDebugLogs,InitDebugLogs,InitDebugLogs,
004d17d7	string	\"COMBAT.TXT\"	InitDebugLogs,
004d17e2	string	\"Combat Messages Received\\n\"	InitDebugLogs,
004d17fc	string	\"REPLAY.TXT\"	InitDebugLogs,
004d1807	string	\"Replay Messages Received\\n\"	InitDebugLogs,
004d1823	string	\"Turn %3d: \"	DebugLog,
004d1832	string	\"----------------------------------\\nPlayers\\t\\t: %d\\nWorld W.\\t: %d\\nWorld H.\\t: %d\\nHumans\\t\\t: %d\\nCities\\t\\t: %d\\nlowMem\\t\\t: %s\\nSmall Spr.\\t: %s\\nNetGame\\t\\t: %s\\nFast Prod\\t: %s\\nMusic On\\t: %s\\nSound On\\t: %s\\nVideo On\\t: %s\\nAlliances On\\t: %s\\nVictory Conditions: %s\\nShrine Conditions : %d for %d turns\\n----------------------------------\\n\"	DumpGameOptions,
004d196e	string	\"Windows 3.1 and Win32s\"	FUN_004589b0,
004d1985	string	\"Windows 95?\"	FUN_004589b0,FUN_004589b0,
004d1991	string	\"Windows NT\"	FUN_004589b0,FUN_004589b0,
004d199c	string	\"%s version %d.%d build %d\\n%s\"	FUN_004589b0,
004d19b9	string	\"Milliseconds: %ld\"	
004d19d2	string	\"Palette Size:\\t\\t%d\\nNumber of Colors:\\t\\t%d\\nReserved Colors:\\t\\t%d\\nColor Planes:\\t\\t%d\\nBits per Pixel:\\t\\t%d\\nBits per color:\\t\\t%d\\nPalette Device:\\t\\t%s\\n\\n%s\\n\\nTotal Physical Memory:\\t\\t%ld\\nLargest Physical Block:\\t\\t%ld\\nNum Allocations %ld\\n\"	FUN_00458a5c,
004d1ab0	string	\"Debug Message\"	FUN_00458b54,
004d1bd8	string	\"Null Road Pointer.\"	FUN_0045a038,
004d1c8c	string	\"Viewing settlement production not implemented\"	
004d1cba	string	\"blow away mines?\"	FUN_0045d984,
004d1ccb	string	\"View Chat Not implemented.\"	
004d1ce6	string	\"After AI turns\"	RunAITurns,
004d1cfd	string	\"saves\\\\\"	ChCht,ChCht,
004d1d04	string	\"campaign\\\\\"	ChCht,ChCht,
004d1d0e	string	\"%s%03d\"	ChCht,
004d1d24	string	\"SaveGame\"	ChCht,
004d1d2d	string	\"%sBackup.bak\"	ChCht,ChCht,ChCht,
004d1d40	string	\"Deadlock 2  (c)1997 Accolade Inc.  All Rights Reserved.\\nPre-release version S (7/21/97)\"	FUN_00461ff4,
004d1d98	string	\"Deadlock 2  (c)1997 Accolade Inc.  All Rights Reserved.\\nPre-release version T (7/31/97)\"	FUN_00461ff4,
004d1df0	string	\"Deadlock 2  (c)1997 Accolade Inc.  All Rights Reserved.\\nPre-release version U (8/04/97)\"	FUN_00461ff4,
004d1e48	string	\"Deadlock 2  (c)1997 Accolade Inc.  All Rights Reserved.\\nPre-release version V (9/05/97)\"	FUN_00461ff4,
004d1ea0	string	\"Deadlock 2  (c)1997 Accolade Inc.  All Rights Reserved.\\nPre-release version XXXXXXXXXXX\"	FUN_00461f74,FUN_00461ff4,FUN_00461ff4,FUN_00461f74,
004d1f18	string	\"Unassigned tile at (%d, %d)\\nWorldSeed1 = %lX\\nWorldSeed2 = %lX\"	FUN_004632f4,
004d2378	string	\"Null Pointer in ClipBlit!\"	BlitSprite8,
004d2392	string	\"SPRITENW.DAT\"	FUN_00465070,FUN_00464cbc,
004d4db0	string	\"hiscore.dat\"	GetHighScores,GetHighScores,GetHighScores,FUN_004657e0,FUN_004657e0,FUN_0046578c,
004d4dbf	string	\"GetHighScores\"	GetHighScores,
004d4e64	string	\"Could not load Settlement Phase sprites.\"	FUN_004658a8,
004d4e8d	string	\"Could not load Control Phase sprites.\"	FUN_00465ac8,
004d4eb3	string	\"LoadCombatSprites: Missile from ?\"	LoadCombatSprites,
004d4ed5	string	\"Could not load Combat Phase sprites.\"	LoadCombatSprites,
004d4efa	string	\"Could not load global sprites.\"	PreloadSprite2,
004d50f8	string	\"Place\"	FUN_00466508,
004d50fe	string	\"Place3\"	FUN_00466508,
004d5105	string	\"Place4\"	FUN_00466508,
004d510c	string	\"Place5\"	FUN_00466508,
004d5118	string	\"RemoveB\"	FUN_0046681c,
004d5125	string	\"SBld2\"	FUN_0046686c,
004d5134	string	\"DL2.PRF\"	LoadPrefs,SavePrefs,
004d51a4	string	\"XenoWinG\"	StillPic,
004d51ad	string	\"StillPic\"	StillPic,
004d51b6	string	\"SPRITENW.DAT\"	StillPic,
004d51c3	string	\"SOFTWARE\\\\Accolade\\\\NetAccolade\"	FUN_00467884,
004d51e6	string	\"\\\\MClient.exe\"	FUN_00467884,
004d51fc	string	\"deadlock.ini\"	FUN_00467884,FUN_00467884,
004d5209	string	\"%stutorial.SAV\"	00467db1,
004d5220	string	\"CHCHT\"	004d5188,
004d522b	string	\"HUMAN\"	004d5190,
004d523b	string	\"TARTH\"	004d519c,
004d5247	string	\"levels\"	FUN_00467e58,FUN_00467e58,
004d5258	string	\"%sAUTOSAVE%s\"	FUN_00467e58,
004d5265	string	\"campaign\\\\\"	FUN_00467e58,
004d5277	string	\".\\\\deadlock.ini\"	FUN_004684d0,FUN_00468214,FUN_00468394,FUN_00468800,FUN_00468470,FUN_00468d3c,
004d5286	string	\"Not Implemented.\"	FUN_00468384,
004d57d4	string	\"Height Map\"	FUN_0046a844,
004d57df	string	\"Color Map\"	FUN_0046a844,
004d5870	string	\"Invalid building in _MovePopulation()\"	_MovePopulation,
004d5896	string	\"NULL territory in ConsumeFood()\"	ConsumeFood,
004d58b6	string	\"DoRiot\"	DoRiot,
004d58bd	string	\"Revolt\"	FUN_0046c49c,
004d58c4	string	\"Revolt2\"	FUN_0046c49c,
004d58cc	string	\"Revolt3\"	FUN_0046c49c,
004d5920	string	\"CYHMRTUOSchat\"	OpenDataFiles,OpenDataFiles,
004d5938	string	\"script\"	OpenDataFiles,OpenDataFiles,
004d593f	string	\"sound\"	OpenDataFiles,OpenDataFiles,
004d594c	string	\"XenoMainWnd\"	WinMain,RegisterWindowClasses,CreateMainWindow,
004d5958	string	\"XenoBackground\"	RegisterWindowClasses,XenoBackground,
004d5967	string	\"XenoIntro\"	XenoIntro,RegisterWindowClasses,
004d5c2c	string	\"CHECKSUM.SAV\"	
004d5c39	string	\"BWCC32.DLL\"	FUN_0046cc14,
004d5c44	string	\"BWCCRegister\"	FUN_0046cc14,
004d5c51	string	\"At start\\r\\n\"	FUN_0046cc6c,
004d5c5c	string	\"At end\\r\\n\"	ShutdownGame,
004d5c65	string	\"GameSeed\"	ResetVariables,
004d5c6e	string	\"FindTresure\"	FindTresure,
004d5c7a	string	\"FindArtifact\"	FindArtifact,
004d5c87	string	\"WaitSync in %s\"	WaitSync,
004d5c96	string	\"WaitSync\"	WaitSync,WaitSync,
004d5c9f	string	\"Reseed\"	WaitSync,
004d5ca6	string	\"SyncBeginTurn1\"	SyncBeginTurn,
004d5cb5	string	\"SyncBeginTurn2\"	SyncBeginTurn,
004d5cc4	string	\"TestWaitSync\"	TestWaitSync,
004d5cd1	string	\"Random Number sync at %d = %ld %d\"	TestWaitSync,
004d5cf3	string	\"SeaManipulationFlagTerritories\"	SeaManipulationFlagTerritories,
004d5d12	string	\"SeaManipulationEffects\"	SeaManipulationEffects,SeaManipulationEffects,
004d5d36	string	\"-debug\"	FUN_0046fae4,
004d5d49	string	\"-nosound\"	FUN_0046fae4,
004d5d52	string	\"Unknown parameter %s\\n\"	FUN_0046fae4,
004d5d68	string	\"Unable to load needed CAM, %s\"	FUN_0046fc70,
004d5d86	string	\"deadcyb.cam\"	InitCYGame,
004d5d92	string	\"deadtext.cam\"	InitCYGame,
004d5da4	string	\"dl2sound.cam\"	InitCYGame,
004d5db1	string	\"FindCD\"	InitCYGame,
004d5db8	string	\"dl2music.cam\"	InitCYGame,
004d5dc5	string	\"dl2segue.cam\"	InitCYGame,InitCYGame,
004d5dd2	string	\"deadanim.cam\"	InitCYGame,InitCYGame,
004d5ddf	string	\"deadcine.cam\"	InitCYGame,
004d5dee	string	\"%c%dN\"	OpenDataFiles,
004d5df4	string	\".\\\\deadlock.ini\"	GetNetGameOptions,GetNetGameOptions,GetNetGameOptions,GetNetGameOptions,GetNetGameOptions,
004d5e03	string	\"%sAUTOSAVE%s\"	AutoSave,AutoSave,AutoSave,
004d5e10	string	\"campaign\\\\\"	AutoSave,
004d5e20	string	\"saves\\\\\"	AutoSave,
004d5e2c	string	\"GetDeviceCaps\"	WinMain,
004d5e3a	string	\"Intro\"	WinMain,
004d5e40	string	\"FreeSmacker\"	WinMain,
004d5e4c	string	\"LoadSmacker\"	WinMain,
004d5e58	string	\"TestMemory\"	WinMain,
004d5e63	string	\"InitHelp\"	WinMain,
004d5e6c	string	\"PreloadSprite2\"	WinMain,
004d5e7b	string	\"ResetVariables\"	WinMain,
004d5e8a	string	\"GetGameOptions\"	WinMain,
004d5ebd	string	\"WndMain--SynchronizeGame After LogisticsPhase\"	WinMain,WinMain,
004d5efd	string	\"WndMain--Before SynchronizeGame at end of turn\"	WinMain,
004d5f2c	string	\"WndMain--After SynchronizeGame at end of turn\"	WinMain,
004d606d	string	\"Scenario Options\"	FUN_00471170,FUN_00471170,FUN_00471170,FUN_00471170,FUN_00471170,FUN_00471170,FUN_00471170,FUN_00471170,FUN_00471170,FUN_00471170,FUN_00471170,FUN_00471170,FUN_00471170,FUN_00471170,FUN_00471170,004d5f60,
004d607e	string	\"World\"	FUN_00471634,FUN_00471634,FUN_00471634,FUN_00471634,FUN_00471634,FUN_00471634,FUN_00471634,FUN_00471634,FUN_00471634,FUN_00471634,004d5f64,
004d6084	string	\"Startup\"	FUN_004719a0,FUN_004719a0,FUN_004719a0,FUN_004719a0,FUN_004719a0,004d5f68,
004d608c	string	\"File Type\"	FUN_00471068,004d5f6c,
004d6096	string	\"Version\"	FUN_00471068,004d5f70,
004d60a3	string	\"Game Turn\"	
004d60ad	string	\"Players\"	FUN_004719a0,FUN_00471170,004d5f7c,004d5fec,
004d60b5	string	\"Victory Condition\"	FUN_00471170,004d5f80,
004d60c7	string	\"Win Cities\"	FUN_00471170,004d5f84,
004d60d2	string	\"Win Shrines\"	FUN_00471170,004d5f88,
004d60de	string	\"Win Turns\"	FUN_00471170,004d5f8c,
004d60e8	string	\"AI Skill Level\"	FUN_00471170,004d5f90,
004d60f7	string	\"Random Events\"	FUN_00471170,004d5f94,
004d6105	string	\"Allow Alliances\"	FUN_00471170,004d5f98,
004d6115	string	\"Fast Production\"	FUN_00471170,004d5f9c,
004d6125	string	\"World Resources\"	FUN_00471170,004d5fa0,
004d6135	string	\"Last Player Timer\"	FUN_00471170,004d5fa4,
004d6147	string	\"Last Player Clock\"	FUN_00471170,004d5fa8,
004d6159	string	\"Auto Timer\"	FUN_00471170,004d5fac,
004d6164	string	\"Auto Timer Clock\"	FUN_00471170,004d5fb0,
004d6175	string	\"Racial Abilities\"	FUN_00471170,004d5fb4,
004d618b	string	\"Color\"	FUN_00471634,004d5fc0,
004d6191	string	\"Percent Oceans\"	FUN_00471634,004d5fc4,
004d61a0	string	\"Percent Plains\"	FUN_00471634,004d5fc8,
004d61af	string	\"Percent Forests\"	FUN_00471634,004d5fcc,
004d61bf	string	\"Percent Swamps\"	FUN_00471634,004d5fd0,
004d61ce	string	\"Percent Mountains\"	FUN_00471634,004d5fd4,
004d61e0	string	\"Percent Wastelands\"	FUN_00471634,004d5fd8,
004d61f3	string	\"Map File\"	FUN_00471634,004d5fdc,
004d6201	string	\"Save File\"	FUN_004719a0,004d5fe4,
004d620b	string	\"Master Address\"	FUN_004719a0,004d5fe8,
004d621a	string	\"User Name\"	FUN_004719a0,004d5ff0,
004d6224	string	\"saved_game\"	FUN_00471068,004d5ff4,
004d622f	string	\"map_file\"	FUN_00471068,004d5ff8,
004d6238	string	\"new_game\"	004d5ffc,
004d6241	string	\"error_args\"	004d6000,
004d624c	string	\"error_files\"	004d6004,
004d6258	string	\"error_data\"	004d6008,
004d6263	string	\"error_version\"	004d600c,
004d6271	string	\"manifest_destiny\"	FUN_00471170,004d6010,
004d6282	string	\"conquest\"	FUN_00471170,004d6014,
004d628b	string	\"shrine_wars\"	004d6018,
004d6297	string	\"false\"	004d601c,
004d62a2	string	\"standard_ability\"	FUN_00471170,004d6024,
004d62b3	string	\"best_ability\"	FUN_00471170,004d6028,
004d62c0	string	\"no_ability\"	
004d62cb	string	\"small\"	FUN_00471634,004d6030,
004d62d1	string	\"medium\"	FUN_00471634,004d6034,
004d62d8	string	\"large\"	004d6038,
004d62e3	string	\"custom\"	004d6040,
004d62ea	string	\"earthlike\"	FUN_00471634,004d6044,
004d62f4	string	\"tropical\"	004d6048,
004d630a	string	\"volcanic\"	004d6058,
004d6313	string	\"alien\"	004d605c,
004d6319	string	\"master\"	FUN_004719a0,004d6060,
004d6320	string	\"slave\"	
004d6388	string	\"%d %s\"	FUN_00471b3c,
004d638e	string	\"%d %s\\n\"	FUN_00471d34,
004d6395	string	\"Collect Req. Res\"	FUN_004720f4,
004d63a6	string	\"Illegal Request for Material\"	FUN_004720f4,
004d63c3	string	\"Collect Material\"	FUN_00472974,
004d63dc	string	\"PILE IT ON\"	FUN_00473324,FUN_00473324,
004d63eb	string	\"GREEBLIE\"	FUN_00473324,FUN_00473324,
004d63f4	string	\"WALL2WALL\"	FUN_00473324,FUN_00473324,
004d6409	string	\"CHARISMA\"	FUN_00473324,FUN_00473324,
004d6412	string	\"S-MART\"	FUN_00473324,FUN_00473324,
004d641d	string	\"%s %s\"	FUN_00473324,
004d6423	string	\"SQUISH\"	FUN_00473324,FUN_00473324,
004d642a	string	\"Not Implemented Yet\"	
004d6454	string	\"Enter Campaign Number (1-42):\"	@CampaignNumDialog$qqspvuiuil,
004d6477	string	\"%s %s #%d\"	FUN_004749f8,
004d829c	string	\"CHECKSUM.SAV\"	004d6484,
004d82a9	string	\"CCSTARA\"	004d6488,
004d82b1	string	\"CCSTARB\"	004d648c,
004d82b9	string	\"CCSTARC\"	004d6490,
004d82c1	string	\"CCWARNA\"	004d6494,
004d82c9	string	\"CCWARNB\"	004d6498,
004d82d1	string	\"CCWARNC\"	004d649c,
004d82d9	string	\"CCWARND\"	004d64a0,
004d82e1	string	\"CCWARNE\"	004d64a4,
004d82e9	string	\"CCGRANA\"	004d64a8,
004d82f1	string	\"CCGRANB\"	004d64ac,
004d82f9	string	\"CCGRANC\"	004d64b0,
004d8301	string	\"CCGRAND\"	004d64b4,
004d8309	string	\"CCGRANE\"	004d64b8,
004d8311	string	\"CCBRANA\"	004d64bc,
004d8319	string	\"CCBRANB\"	004d64c0,
004d8321	string	\"CCBRANC\"	004d64c4,
004d8329	string	\"CCBRAND\"	004d64c8,
004d8331	string	\"CCBRANE\"	004d64cc,
004d8339	string	\"CCGCONA\"	004d64d0,
004d8341	string	\"CCGCONB\"	004d64d4,
004d8349	string	\"CCGCONC\"	004d64d8,
004d8351	string	\"CCGCOND\"	004d64dc,
004d8359	string	\"CCGCONE\"	004d64e0,
004d8361	string	\"CCBCONA\"	004d64e4,
004d8369	string	\"CCBCONB\"	004d64e8,
004d8371	string	\"CCBCONC\"	004d64ec,
004d8379	string	\"CCBCOND\"	004d64f0,
004d8381	string	\"CCBCONE\"	004d64f4,
004d8389	string	\"CCEVNTA\"	004d64f8,
004d8391	string	\"CCEVNTB\"	004d64fc,
004d8399	string	\"CCEVNTC\"	004d6500,
004d83a1	string	\"CCEVNTD\"	004d6504,
004d83a9	string	\"CCEVNTE\"	004d6508,
004d83b1	string	\"CCXENOA\"	004d650c,
004d83b9	string	\"CCXENOB\"	004d6510,
004d83c1	string	\"CCXENOC\"	004d6514,
004d83c9	string	\"CCXENOD\"	004d6518,
004d83d1	string	\"CCEXITA\"	004d651c,
004d83d9	string	\"CCEXITB\"	004d6520,
004d83e1	string	\"CCEXITC\"	004d6524,
004d83e9	string	\"CCEXITD\"	004d6528,
004d83f1	string	\"CCEXITE\"	004d652c,
004d83f9	string	\"CCEXITF\"	004d6530,
004d8401	string	\"CCEXITG\"	004d6534,
004d8409	string	\"CCEXITH\"	004d6538,
004d8411	string	\"CCEXITI\"	004d653c,
004d8419	string	\"CCEXITJ\"	004d6540,
004d8421	string	\"CCEXITK\"	004d6544,
004d8429	string	\"CCEXITL\"	004d6548,
004d8431	string	\"CCCURRA\"	004d654c,
004d8439	string	\"CCCURRC\"	004d6550,
004d8441	string	\"CCCURRB\"	004d6554,
004d8449	string	\"CCCURRD\"	004d6558,
004d8451	string	\"CCCURRE\"	004d655c,
004d8459	string	\"CCCURRF\"	004d6560,
004d8461	string	\"CCCURRG\"	004d6564,
004d8469	string	\"CCCURRH\"	004d6568,
004d8471	string	\"CCCURRI\"	004d656c,
004d8479	string	\"CCTECHA\"	004d6570,
004d8481	string	\"CCTECHB\"	004d6574,
004d8489	string	\"CCTECHC\"	004d6578,
004d8491	string	\"CCTECHD\"	004d657c,
004d8499	string	\"CCTECHE\"	004d6580,
004d84a1	string	\"CCTECHF\"	004d6584,
004d84a9	string	\"CCTECHG\"	004d6588,
004d84b1	string	\"CCTECHH\"	004d658c,
004d84b9	string	\"CCTECHI\"	004d6590,
004d84c1	string	\"CCALLYA\"	004d6594,
004d84c9	string	\"CCALLYB\"	004d6598,
004d84d1	string	\"CCALLYC\"	004d659c,
004d84d9	string	\"CCALLYD\"	004d65a0,
004d84e1	string	\"CCALLYE\"	004d65a4,
004d84e9	string	\"CCALLYF\"	004d65a8,
004d84f1	string	\"CCALLYG\"	004d65ac,
004d84f9	string	\"CCALLYH\"	004d65b0,
004d8501	string	\"CCALLYI\"	004d65b4,
004d8509	string	\"CCALLYJ\"	004d65b8,
004d8511	string	\"CCALLYK\"	004d65bc,
004d8519	string	\"CCALLYL\"	004d65c0,
004d8521	string	\"CCALLYM\"	004d65c4,
004d8529	string	\"CCALLYN\"	004d65c8,
004d8531	string	\"CCPOLTA\"	004d65cc,
004d8539	string	\"CCPOLTB\"	004d65d0,
004d8541	string	\"CCPOLTC\"	004d65d4,
004d8549	string	\"CCPOLTD\"	004d65d8,
004d8551	string	\"CCPOLTE\"	004d65dc,
004d8559	string	\"CCHRSHA\"	004d65e0,
004d8561	string	\"CCHRSHB\"	004d65e4,
004d8569	string	\"CCHRSHC\"	004d65e8,
004d8571	string	\"CCHRSHD\"	004d65ec,
004d8579	string	\"CCHRSHE\"	004d65f0,
004d8581	string	\"CCACPTA\"	004d65f4,
004d8589	string	\"CCACPTB\"	004d65f8,
004d8591	string	\"CCACPTC\"	004d65fc,
004d8599	string	\"CCACPTD\"	004d6600,
004d85a1	string	\"CCACPTE\"	004d6604,
004d85a9	string	\"CCBREKA\"	004d6608,
004d85b1	string	\"CCBREKB\"	004d660c,
004d85b9	string	\"CCBREKC\"	004d6610,
004d85c1	string	\"CCBREKD\"	004d6614,
004d85c9	string	\"CCBREKE\"	004d6618,
004d85d1	string	\"CCQUITA\"	004d661c,
004d85d9	string	\"CCQUITB\"	004d6620,
004d85e1	string	\"CCQUITC\"	004d6624,
004d85e9	string	\"CCQUITD\"	004d6628,
004d85f1	string	\"CCQUITE\"	004d662c,
004d85f9	string	\"CCDAMAA\"	004d6630,
004d8601	string	\"CCDAMAB\"	004d6634,
004d8609	string	\"CCDAMAC\"	004d6638,
004d8611	string	\"CCDCDEA\"	004d663c,
004d8619	string	\"CCDCDEB\"	004d6640,
004d8621	string	\"CCDCDEC\"	004d6644,
004d8629	string	\"CCWAITA\"	004d6648,
004d8631	string	\"CCRSLTA\"	004d664c,
004d8639	string	\"CCRSLTB\"	004d6650,
004d8641	string	\"CCELIMD\"	004d6658,
004d8649	string	\"CCELIMC\"	004d665c,
004d8651	string	\"CCELIMA\"	004d6660,
004d8659	string	\"CCELIMB\"	004d6664,
004d8661	string	\"CCELIMF\"	004d6668,
004d8669	string	\"CCELIME\"	004d666c,
004d8671	string	\"CCDFTWA\"	004d6670,
004d8679	string	\"CCDFTCA\"	004d6674,
004d8681	string	\"CCDFTSA\"	004d6678,
004d8689	string	\"CCVICA\"	004d667c,
004d8690	string	\"CCVICB\"	004d6680,
004d8697	string	\"CCCPGNA\"	004d6684,
004d869f	string	\"CCCPGNB\"	004d6688,
004d86a7	string	\"CCCPGNC\"	004d668c,
004d86af	string	\"CCCPGND\"	004d6690,
004d86b7	string	\"CCCPGNE\"	004d6694,
004d86bf	string	\"CCCPGNF\"	004d6698,
004d86c7	string	\"CCINSTA\"	004d669c,
004d86cf	string	\"CCINSTB\"	004d66a0,
004d86d7	string	\"CCINSTC\"	004d66a4,
004d86df	string	\"CCINSTD\"	004d66a8,
004d86e7	string	\"CCINSTE\"	004d66ac,
004d86ef	string	\"CCINSTF\"	004d66b0,
004d86f7	string	\"CCINSTG\"	004d66b4,
004d86ff	string	\"CCINSTH\"	004d66b8,
004d8707	string	\"CCINSTI\"	004d66bc,
004d870f	string	\"CCINSTJ\"	004d66c0,
004d8717	string	\"CCINSTK\"	004d66c4,
004d871f	string	\"CCINSTL\"	004d66c8,
004d8727	string	\"CCINSTM\"	004d66cc,
004d872f	string	\"CCINSTN\"	004d66d0,
004d8737	string	\"CCINSTO\"	004d66d4,
004d873f	string	\"CCINSTP\"	004d66d8,
004d8747	string	\"CCINSTQ\"	004d66dc,
004d874f	string	\"CCINSTR\"	004d66e0,
004d8757	string	\"CCINSTS\"	004d66e4,
004d875f	string	\"CCINSTT\"	004d66e8,
004d8767	string	\"CCINSTU\"	004d66ec,
004d876f	string	\"CCINSTV\"	004d66f0,
004d8777	string	\"CCINSTW\"	004d66f4,
004d877f	string	\"CCINSTX\"	004d66f8,
004d8787	string	\"CCINSTY\"	004d66fc,
004d878f	string	\"CCINSTZ\"	004d6700,
004d8797	string	\"CCTHRTA\"	004d6704,
004d879f	string	\"CCTHRTB\"	004d6708,
004d87a7	string	\"CCTHRTC\"	004d670c,
004d87af	string	\"CCTHRTD\"	004d6710,
004d87b7	string	\"CCTHRTE\"	004d6714,
004d87bf	string	\"CCTHRTF\"	004d6718,
004d87c7	string	\"CCTHRTH\"	004d671c,
004d87cf	string	\"CCTHRTI\"	004d6720,
004d87d7	string	\"CCTHRTJ\"	004d6724,
004d87df	string	\"CCTHRTK\"	004d6728,
004d87e7	string	\"CCTHRTL\"	004d672c,
004d87ef	string	\"CCTHRTM\"	004d6730,
004d87f7	string	\"CCTHRTN\"	004d6734,
004d87ff	string	\"CCTHRTQ\"	004d6738,
004d8807	string	\"CCTHRTR\"	004d673c,
004d880f	string	\"CCTHRTS\"	004d6740,
004d8817	string	\"CCTHRTT\"	004d6744,
004d881f	string	\"CCTHRTU\"	004d6748,
004d8827	string	\"CCTHRTV\"	004d674c,
004d882f	string	\"CCTHRTW\"	004d6750,
004d8837	string	\"CCTHRTX\"	004d6754,
004d883f	string	\"CCTHRTY\"	004d6758,
004d8847	string	\"CCTHRTZ \"	004d675c,
004d8850	string	\"CCTHRTAA\"	004d6760,
004d8859	string	\"CCBRAGA\"	004d6764,
004d8861	string	\"CCBRAGB\"	004d6768,
004d8869	string	\"CCBRAGC\"	004d676c,
004d8871	string	\"CCBRAGD\"	004d6770,
004d8879	string	\"CCBRAGE\"	004d6774,
004d8881	string	\"CCBRAGF\"	004d6778,
004d8889	string	\"CCBRAGG\"	004d677c,
004d8891	string	\"CCBRAGH\"	004d6780,
004d8899	string	\"CCBRAGI\"	004d6784,
004d88a1	string	\"CCBRAGJ\"	004d6788,
004d88a9	string	\"CCBRAGK\"	004d678c,
004d88b1	string	\"CCBRAGL\"	004d6790,
004d88b9	string	\"CCBRAGM\"	004d6794,
004d88c1	string	\"CCBRAGN\"	004d6798,
004d88c9	string	\"CCBRAGO\"	004d679c,
004d88d1	string	\"CCBRAGP\"	004d67a0,
004d88d9	string	\"CCBRAGQ\"	004d67a4,
004d88e1	string	\"CCBRAGR\"	004d67a8,
004d88e9	string	\"CCBRAGS\"	004d67ac,
004d88f1	string	\"CCBRAGT\"	004d67b0,
004d88f9	string	\"CCBRAGU\"	004d67b4,
004d8901	string	\"CCBRAGV\"	004d67b8,
004d8909	string	\"CCBRAGW\"	004d67bc,
004d8911	string	\"CCBRAGX\"	004d67c0,
004d8919	string	\"CCBRAGY\"	004d67c4,
004d8921	string	\"CCBRAGZ\"	004d67c8,
004d8929	string	\"CCBRAGAA\"	004d67cc,
004d8932	string	\"CCCMPTA\"	004d67d0,
004d893a	string	\"CCCMPTB\"	004d67d4,
004d8942	string	\"CCCMPTC\"	004d67d8,
004d894a	string	\"CCCMPTD\"	004d67dc,
004d8952	string	\"CCCMPTE\"	004d67e0,
004d895a	string	\"CCCMPTF\"	004d67e4,
004d8962	string	\"CCCMPTJ\"	004d67e8,
004d896a	string	\"CCCMPTK\"	004d67ec,
004d8972	string	\"CCCMPTL\"	004d67f0,
004d897a	string	\"CCCMPTM\"	004d67f4,
004d8982	string	\"CCCMPTN\"	004d67f8,
004d898a	string	\"CCCMPTO\"	004d67fc,
004d8992	string	\"CCCMPTP\"	004d6800,
004d899a	string	\"CCCMPTQ\"	004d6804,
004d89a2	string	\"CCCMPTR\"	004d6808,
004d89aa	string	\"CCCMPTS\"	004d680c,
004d89b2	string	\"CCCMPTT\"	004d6810,
004d89ba	string	\"CCCMPTU\"	004d6814,
004d89c2	string	\"CCCMPTV\"	004d6818,
004d89ca	string	\"CCCMPTW\"	004d681c,
004d89d2	string	\"CCCMPTX\"	004d6820,
004d89da	string	\"CCCMPTY\"	004d6824,
004d89e2	string	\"CCCMPTZ\"	004d6828,
004d89ea	string	\"CCPRSEA\"	004d682c,
004d89f2	string	\"CCPRSEB\"	004d6830,
004d89fa	string	\"CCPRSEC\"	004d6834,
004d8a02	string	\"CCPRSED\"	004d6838,
004d8a0a	string	\"CCPRSEE\"	004d683c,
004d8a12	string	\"CCPRSEF\"	004d6840,
004d8a1a	string	\"CCPRSEG\"	004d6844,
004d8a22	string	\"CCPRSEH\"	004d6848,
004d8a2a	string	\"CCPRSEI\"	004d684c,
004d8a32	string	\"CCPRSEJ\"	004d6850,
004d8a3a	string	\"CCPRSEK\"	004d6854,
004d8a42	string	\"CCPRSEL\"	004d6858,
004d8a4a	string	\"CCPRSEM\"	004d685c,
004d8a52	string	\"CCPRSEN\"	004d6860,
004d8a5a	string	\"CCPRSEO\"	004d6864,
004d8a62	string	\"CCPRSEP\"	004d6868,
004d8a6a	string	\"CCPRSEQ\"	004d686c,
004d8a72	string	\"CCPRSER\"	004d6870,
004d8a7a	string	\"CCPRSES\"	004d6874,
004d8a82	string	\"CCPRSET\"	004d6878,
004d8a8a	string	\"CCCUSTA\"	004d687c,
004d8a92	string	\"CCCUSTB\"	004d6880,
004d8a9a	string	\"CCCUSTC\"	004d6884,
004d8aa2	string	\"CCCUSTD\"	004d6888,
004d8aaa	string	\"CCCUSTE\"	004d688c,
004d8ab2	string	\"CCCUSTF\"	004d6890,
004d8aba	string	\"YYSTARA\"	004d6894,
004d8ac2	string	\"YYSTARB\"	004d6898,
004d8aca	string	\"YYSTARC\"	004d689c,
004d8ad2	string	\"YYWARNA\"	004d68a0,
004d8ada	string	\"YYWARNB\"	004d68a4,
004d8ae2	string	\"YYWARNC\"	004d68a8,
004d8aea	string	\"YYWARND\"	004d68ac,
004d8af2	string	\"YYWARNE\"	004d68b0,
004d8afa	string	\"YYGRANA\"	004d68b4,
004d8b02	string	\"YYGRANB\"	004d68b8,
004d8b0a	string	\"YYGRANC\"	004d68bc,
004d8b12	string	\"YYGRAND\"	004d68c0,
004d8b1a	string	\"YYGRANE\"	004d68c4,
004d8b22	string	\"YYBRANA\"	004d68c8,
004d8b2a	string	\"YYBRANB\"	004d68cc,
004d8b32	string	\"YYBRANC\"	004d68d0,
004d8b3a	string	\"YYBRAND\"	004d68d4,
004d8b42	string	\"YYBRANE\"	004d68d8,
004d8b4a	string	\"YYGCONA\"	004d68dc,
004d8b52	string	\"YYGCONB\"	004d68e0,
004d8b5a	string	\"YYGCONC\"	004d68e4,
004d8b62	string	\"YYGCOND\"	004d68e8,
004d8b6a	string	\"YYGCONE\"	004d68ec,
004d8b72	string	\"YYBCONA\"	004d68f0,
004d8b7a	string	\"YYBCONB\"	004d68f4,
004d8b82	string	\"YYBCONC\"	004d68f8,
004d8b8a	string	\"YYBCOND\"	004d68fc,
004d8b92	string	\"YYBCONE\"	004d6900,
004d8b9a	string	\"YYEVNTA\"	004d6904,
004d8ba2	string	\"YYEVNTB\"	004d6908,
004d8baa	string	\"YYEVNTC\"	004d690c,
004d8bb2	string	\"YYEVNTD\"	004d6910,
004d8bba	string	\"YYEVNTE\"	004d6914,
004d8bc2	string	\"YYXENOA\"	004d6918,
004d8bca	string	\"YYXENOB\"	004d691c,
004d8bd2	string	\"YYXENOC\"	004d6920,
004d8bda	string	\"YYXENOD\"	004d6924,
004d8be2	string	\"YYEXITA\"	004d6928,
004d8bea	string	\"YYEXITB\"	004d692c,
004d8bf2	string	\"YYEXITC\"	004d6930,
004d8bfa	string	\"YYEXITD\"	004d6934,
004d8c02	string	\"YYEXITE\"	004d6938,
004d8c0a	string	\"YYEXITF\"	004d693c,
004d8c12	string	\"YYEXITG\"	004d6940,
004d8c1a	string	\"YYEXITH\"	004d6944,
004d8c22	string	\"YYEXITI\"	004d6948,
004d8c2a	string	\"YYEXITJ\"	004d694c,
004d8c32	string	\"YYEXITK\"	004d6950,
004d8c3a	string	\"YYEXITL\"	004d6954,
004d8c42	string	\"YYCURRA\"	004d6958,
004d8c4a	string	\"YYCURRC\"	004d695c,
004d8c52	string	\"YYCURRB\"	004d6960,
004d8c5a	string	\"YYCURRD\"	004d6964,
004d8c62	string	\"YYCURRE\"	004d6968,
004d8c6a	string	\"YYCURRF\"	004d696c,
004d8c72	string	\"YYCURRG\"	004d6970,
004d8c7a	string	\"YYCURRH\"	004d6974,
004d8c82	string	\"YYCURRI\"	004d6978,
004d8c8a	string	\"YYTECHA\"	004d697c,
004d8c92	string	\"YYTECHB\"	004d6980,
004d8c9a	string	\"YYTECHC\"	004d6984,
004d8ca2	string	\"YYTECHD\"	004d6988,
004d8caa	string	\"YYTECHE\"	004d698c,
004d8cb2	string	\"YYTECHF\"	004d6990,
004d8cba	string	\"YYTECHG\"	004d6994,
004d8cc2	string	\"YYTECHH\"	004d6998,
004d8cca	string	\"YYTECHI\"	004d699c,
004d8cd2	string	\"YYALLYA\"	004d69a0,
004d8cda	string	\"YYALLYB\"	004d69a4,
004d8ce2	string	\"YYALLYC\"	004d69a8,
004d8cea	string	\"YYALLYD\"	004d69ac,
004d8cf2	string	\"YYALLYE\"	004d69b0,
004d8cfa	string	\"YYALLYF\"	004d69b4,
004d8d02	string	\"YYALLYG\"	004d69b8,
004d8d0a	string	\"YYALLYH\"	004d69bc,
004d8d12	string	\"YYALLYI\"	004d69c0,
004d8d1a	string	\"YYALLYJ\"	004d69c4,
004d8d22	string	\"YYALLYK\"	004d69c8,
004d8d2a	string	\"YYALLYL\"	004d69cc,
004d8d32	string	\"YYALLYM\"	004d69d0,
004d8d3a	string	\"YYALLYN\"	004d69d4,
004d8d42	string	\"YYALLYO\"	004d69d8,
004d8d4a	string	\"YYPOLTA\"	004d69dc,
004d8d52	string	\"YYPOLTB\"	004d69e0,
004d8d5a	string	\"YYPOLTC\"	004d69e4,
004d8d62	string	\"YYPOLTD\"	004d69e8,
004d8d6a	string	\"YYPOLTE\"	004d69ec,
004d8d72	string	\"YYHRSHA\"	004d69f0,
004d8d7a	string	\"YYHRSHB\"	004d69f4,
004d8d82	string	\"YYHRSHC\"	004d69f8,
004d8d8a	string	\"YYHRSHD\"	004d69fc,
004d8d92	string	\"YYHRSHE\"	004d6a00,
004d8d9a	string	\"YYACPTA\"	004d6a04,
004d8da2	string	\"YYACPTB\"	004d6a08,
004d8daa	string	\"YYACPTC\"	004d6a0c,
004d8db2	string	\"YYACPTD\"	004d6a10,
004d8dba	string	\"YYACPTE\"	004d6a14,
004d8dc2	string	\"YYBREKA\"	004d6a18,
004d8dca	string	\"YYBREKB\"	004d6a1c,
004d8dd2	string	\"YYBREKC\"	004d6a20,
004d8dda	string	\"YYBREKD\"	004d6a24,
004d8de2	string	\"YYBREKE\"	004d6a28,
004d8dea	string	\"YYQUITA\"	004d6a2c,
004d8df2	string	\"YYQUITB\"	004d6a30,
004d8dfa	string	\"YYQUITC\"	004d6a34,
004d8e02	string	\"YYQUITD\"	004d6a38,
004d8e0a	string	\"YYQUITE\"	004d6a3c,
004d8e12	string	\"YYDAMAA\"	004d6a40,
004d8e1a	string	\"YYDAMAB\"	004d6a44,
004d8e22	string	\"YYDAMAC\"	004d6a48,
004d8e2a	string	\"YYDCDEA\"	004d6a4c,
004d8e32	string	\"YYDCDEB\"	004d6a50,
004d8e3a	string	\"YYDCDEC\"	004d6a54,
004d8e42	string	\"YYWAITA\"	004d6a58,
004d8e4a	string	\"YYRSLTA\"	004d6a5c,
004d8e52	string	\"YYRSLTB\"	004d6a60,
004d8e5a	string	\"YYELIMD\"	004d6a68,
004d8e62	string	\"YYELIMC\"	004d6a6c,
004d8e6a	string	\"YYELIMA\"	004d6a70,
004d8e72	string	\"YYELIMB\"	004d6a74,
004d8e7a	string	\"YYELIMF\"	004d6a78,
004d8e82	string	\"YYELIME\"	004d6a7c,
004d8e8a	string	\"YYDFTWA\"	004d6a80,
004d8e92	string	\"YYDFTCA\"	004d6a84,
004d8e9a	string	\"YYDFTSA\"	004d6a88,
004d8ea2	string	\"YYVICA\"	004d6a8c,
004d8ea9	string	\"YYVICB\"	004d6a90,
004d8eb0	string	\"YYCPGNA\"	004d6a94,
004d8eb8	string	\"YYCPGNB\"	004d6a98,
004d8ec0	string	\"YYCPGNC\"	004d6a9c,
004d8ec8	string	\"YYCPGND\"	004d6aa0,
004d8ed0	string	\"YYCPGNE\"	004d6aa4,
004d8ed8	string	\"YYCPGNF\"	004d6aa8,
004d8ee0	string	\"YYINSTA\"	004d6aac,
004d8ee8	string	\"YYINSTB\"	004d6ab0,
004d8ef0	string	\"YYINSTC\"	004d6ab4,
004d8ef8	string	\"YYINSTD\"	004d6ab8,
004d8f00	string	\"YYINSTE\"	004d6abc,
004d8f08	string	\"YYINSTF\"	004d6ac0,
004d8f10	string	\"YYINSTG\"	004d6ac4,
004d8f18	string	\"YYINSTH\"	004d6ac8,
004d8f20	string	\"YYINSTI\"	004d6acc,
004d8f28	string	\"YYINSTJ\"	004d6ad0,
004d8f30	string	\"YYINSTK\"	004d6ad4,
004d8f38	string	\"YYINSTL\"	004d6ad8,
004d8f40	string	\"YYINSTM\"	004d6adc,
004d8f48	string	\"YYINSTN\"	004d6ae0,
004d8f50	string	\"YYINSTO\"	004d6ae4,
004d8f58	string	\"YYINSTP\"	004d6ae8,
004d8f60	string	\"YYINSTQ\"	004d6aec,
004d8f68	string	\"YYINSTR\"	004d6af0,
004d8f70	string	\"YYINSTS\"	004d6af4,
004d8f78	string	\"YYINSTT\"	004d6af8,
004d8f80	string	\"YYINSTU\"	004d6afc,
004d8f88	string	\"YYINSTV\"	004d6b00,
004d8f90	string	\"YYINSTW\"	004d6b04,
004d8f98	string	\"YYINSTX\"	004d6b08,
004d8fa0	string	\"YYINSTY\"	004d6b0c,
004d8fa8	string	\"YYINSTZ\"	004d6b10,
004d8fb0	string	\"YYTHRTA\"	004d6b14,
004d8fb8	string	\"YYTHRTB\"	004d6b18,
004d8fc0	string	\"YYTHRTC\"	004d6b1c,
004d8fc8	string	\"YYTHRTD\"	004d6b20,
004d8fd0	string	\"YYTHRTE\"	004d6b24,
004d8fd8	string	\"YYTHRTF\"	004d6b28,
004d8fe0	string	\"YYTHRTG\"	004d6b2c,
004d8fe8	string	\"YYTHRTH\"	004d6b30,
004d8ff0	string	\"YYTHRTI\"	004d6b34,
004d8ff8	string	\"YYTHRTJ\"	004d6b38,
004d9000	string	\"YYTHRTK\"	004d6b3c,
004d9008	string	\"YYTHRTL\"	004d6b40,
004d9010	string	\"YYTHRTM\"	004d6b44,
004d9018	string	\"YYTHRTN\"	004d6b48,
004d9020	string	\"YYTHRTO\"	004d6b4c,
004d9028	string	\"YYTHRTP\"	004d6b50,
004d9030	string	\"YYTHRTQ\"	004d6b54,
004d9038	string	\"YYTHRTR\"	004d6b58,
004d9040	string	\"YYTHRTS\"	004d6b5c,
004d9048	string	\"YYTHRTT\"	004d6b60,
004d9050	string	\"YYTHRTU\"	004d6b64,
004d9058	string	\"YYTHRTV\"	004d6b68,
004d9060	string	\"YYTHRTW\"	004d6b6c,
004d9068	string	\"YYTHRTX\"	004d6b70,
004d9070	string	\"YYTHRTY\"	004d6b74,
004d9078	string	\"YYTHRTZ \"	004d6b78,
004d9081	string	\"YYTHRTAA\"	004d6b7c,
004d908a	string	\"YYTHRTBB\"	004d6b80,
004d9093	string	\"YYBRAGA\"	004d6b84,
004d909b	string	\"YYBRAGB\"	004d6b88,
004d90a3	string	\"YYBRAGC\"	004d6b8c,
004d90ab	string	\"YYBRAGD\"	004d6b90,
004d90b3	string	\"YYBRAGE\"	004d6b94,
004d90bb	string	\"YYBRAGF\"	004d6b98,
004d90c3	string	\"YYBRAGG\"	004d6b9c,
004d90cb	string	\"YYBRAGH\"	004d6ba0,
004d90d3	string	\"YYBRAGI\"	004d6ba4,
004d90db	string	\"YYBRAGJ\"	004d6ba8,
004d90e3	string	\"YYBRAGK\"	004d6bac,
004d90eb	string	\"YYBRAGL\"	004d6bb0,
004d90f3	string	\"YYBRAGM\"	004d6bb4,
004d90fb	string	\"YYBRAGN\"	004d6bb8,
004d9103	string	\"YYBRAGO\"	004d6bbc,
004d910b	string	\"YYBRAGP\"	004d6bc0,
004d9113	string	\"YYBRAGQ\"	004d6bc4,
004d911b	string	\"YYBRAGR\"	004d6bc8,
004d9123	string	\"YYBRAGS\"	004d6bcc,
004d912b	string	\"YYBRAGT\"	004d6bd0,
004d9133	string	\"YYBRAGU\"	004d6bd4,
004d913b	string	\"YYBRAGV\"	004d6bd8,
004d9143	string	\"YYBRAGW\"	004d6bdc,
004d914b	string	\"YYBRAGX\"	004d6be0,
004d9153	string	\"YYBRAGY\"	004d6be4,
004d915b	string	\"YYBRAGZ\"	004d6be8,
004d9163	string	\"YYCMPTA\"	004d6bec,
004d916b	string	\"YYCMPTB\"	004d6bf0,
004d9173	string	\"YYCMPTC\"	004d6bf4,
004d917b	string	\"YYCMPTD\"	004d6bf8,
004d9183	string	\"YYCMPTE\"	004d6bfc,
004d918b	string	\"YYCMPTF\"	004d6c00,
004d9193	string	\"YYCMPTJ\"	004d6c04,
004d919b	string	\"YYCMPTK\"	004d6c08,
004d91a3	string	\"YYCMPTL\"	004d6c0c,
004d91ab	string	\"YYCMPTM\"	004d6c10,
004d91b3	string	\"YYCMPTN\"	004d6c14,
004d91bb	string	\"YYCMPTO\"	004d6c18,
004d91c3	string	\"YYCMPTP\"	004d6c1c,
004d91cb	string	\"YYCMPTQ\"	004d6c20,
004d91d3	string	\"YYCMPTR\"	004d6c24,
004d91db	string	\"YYCMPTS\"	004d6c28,
004d91e3	string	\"YYCMPTT\"	004d6c2c,
004d91eb	string	\"YYCMPTU\"	004d6c30,
004d91f3	string	\"YYCMPTV\"	004d6c34,
004d91fb	string	\"YYCMPTW\"	004d6c38,
004d9203	string	\"YYCMPTX\"	004d6c3c,
004d920b	string	\"YYCMPTY\"	004d6c40,
004d9213	string	\"YYCMPTZ\"	004d6c44,
004d921b	string	\"YYPRSEA\"	004d6c48,
004d9223	string	\"YYPRSEB\"	004d6c4c,
004d922b	string	\"YYPRSEC\"	004d6c50,
004d9233	string	\"YYPRSED\"	004d6c54,
004d923b	string	\"YYPRSEE\"	004d6c58,
004d9243	string	\"YYPRSEF\"	004d6c5c,
004d924b	string	\"YYPRSEG\"	004d6c60,
004d9253	string	\"YYPRSEH\"	004d6c64,
004d925b	string	\"YYPRSEI\"	004d6c68,
004d9263	string	\"YYPRSEJ\"	004d6c6c,
004d926b	string	\"YYPRSEK\"	004d6c70,
004d9273	string	\"YYPRSEL\"	004d6c74,
004d927b	string	\"YYPRSEM\"	004d6c78,
004d9283	string	\"YYPRSEN\"	004d6c7c,
004d928b	string	\"YYPRSEO\"	004d6c80,
004d9293	string	\"YYPRSEP\"	004d6c84,
004d929b	string	\"YYPRSEQ\"	004d6c88,
004d92a3	string	\"YYPRSER\"	004d6c8c,
004d92ab	string	\"YYPRSES\"	004d6c90,
004d92b3	string	\"YYPRSET\"	004d6c94,
004d92bb	string	\"YYCUSTA\"	004d6c98,
004d92c3	string	\"YYCUSTB\"	004d6c9c,
004d92cb	string	\"YYCUSTC\"	004d6ca0,
004d92d3	string	\"YYCUSTD\"	004d6ca4,
004d92db	string	\"YYCUSTE\"	004d6ca8,
004d92e3	string	\"YYCUSTF\"	004d6cac,
004d92eb	string	\"HHSTARA\"	004d6cb0,
004d92f3	string	\"HHSTARB\"	004d6cb4,
004d92fb	string	\"HHSTARC\"	004d6cb8,
004d9303	string	\"HHWARNA\"	004d6cbc,
004d930b	string	\"HHWARNB\"	004d6cc0,
004d9313	string	\"HHWARNC\"	004d6cc4,
004d931b	string	\"HHWARND\"	004d6cc8,
004d9323	string	\"HHWARNE\"	004d6ccc,
004d932b	string	\"HHGRANA\"	004d6cd0,
004d9333	string	\"HHGRANB\"	004d6cd4,
004d933b	string	\"HHGRANC\"	004d6cd8,
004d9343	string	\"HHGRAND\"	004d6cdc,
004d934b	string	\"HHGRANE\"	004d6ce0,
004d9353	string	\"HHBRANA\"	004d6ce4,
004d935b	string	\"HHBRANB\"	004d6ce8,
004d9363	string	\"HHBRANC\"	004d6cec,
004d936b	string	\"HHBRAND\"	004d6cf0,
004d9373	string	\"HHBRANE\"	004d6cf4,
004d937b	string	\"HHGCONA\"	004d6cf8,
004d9383	string	\"HHGCONB\"	004d6cfc,
004d938b	string	\"HHGCONC\"	004d6d00,
004d9393	string	\"HHGCOND\"	004d6d04,
004d939b	string	\"HHGCONE\"	004d6d08,
004d93a3	string	\"HHBCONA\"	004d6d0c,
004d93ab	string	\"HHBCONB\"	004d6d10,
004d93b3	string	\"HHBCONC\"	004d6d14,
004d93bb	string	\"HHBCOND\"	004d6d18,
004d93c3	string	\"HHBCONE\"	004d6d1c,
004d93cb	string	\"HHEVENTA\"	004d6d20,
004d93d4	string	\"HHEVENTB\"	004d6d24,
004d93dd	string	\"HHEVENTC\"	004d6d28,
004d93e6	string	\"HHEVENTD\"	004d6d2c,
004d93ef	string	\"HHEVENTE\"	004d6d30,
004d93f8	string	\"HHXENOA\"	004d6d34,
004d9400	string	\"HHXENOB\"	004d6d38,
004d9408	string	\"HHXENOC\"	004d6d3c,
004d9410	string	\"HHXENOD\"	004d6d40,
004d9418	string	\"HHEXITA\"	004d6d44,
004d9420	string	\"HHEXITB\"	004d6d48,
004d9428	string	\"HHEXITC\"	004d6d4c,
004d9430	string	\"HHEXITD\"	004d6d50,
004d9438	string	\"HHEXITE\"	004d6d54,
004d9440	string	\"HHEXITF\"	004d6d58,
004d9448	string	\"HHEXITG\"	004d6d5c,
004d9450	string	\"HHEXITH\"	004d6d60,
004d9458	string	\"HHEXITI\"	004d6d64,
004d9460	string	\"HHEXITJ\"	004d6d68,
004d9468	string	\"HHEXITK\"	004d6d6c,
004d9470	string	\"HHEXITL\"	004d6d70,
004d9478	string	\"HHCURRA\"	004d6d74,
004d9480	string	\"HHCURRC\"	004d6d78,
004d9488	string	\"HHCURRB\"	004d6d7c,
004d9490	string	\"HHCURRD\"	004d6d80,
004d9498	string	\"HHCURRE\"	004d6d84,
004d94a0	string	\"HHCURRF\"	004d6d88,
004d94a8	string	\"HHCURRG\"	004d6d8c,
004d94b0	string	\"HHCURRH\"	004d6d90,
004d94b8	string	\"HHCURRI\"	004d6d94,
004d94c0	string	\"HHTECHA\"	004d6d98,
004d94c8	string	\"HHTECHB\"	004d6d9c,
004d94d0	string	\"HHTECHC\"	004d6da0,
004d94d8	string	\"HHTECHD\"	004d6da4,
004d94e0	string	\"HHTECHE\"	004d6da8,
004d94e8	string	\"HHTECHF\"	004d6dac,
004d94f0	string	\"HHTECHG\"	004d6db0,
004d94f8	string	\"HHTECHH\"	004d6db4,
004d9500	string	\"HHTECHI\"	004d6db8,
004d9508	string	\"HHALLYA\"	004d6dbc,
004d9510	string	\"HHALLYB\"	004d6dc0,
004d9518	string	\"HHALLYC\"	004d6dc4,
004d9520	string	\"HHALLYD\"	004d6dc8,
004d9528	string	\"HHALLYE\"	004d6dcc,
004d9530	string	\"HHALLYF\"	004d6dd0,
004d9538	string	\"HHALLYG\"	004d6dd4,
004d9540	string	\"HHALLYH\"	004d6dd8,
004d9548	string	\"HHALLYI\"	004d6ddc,
004d9550	string	\"HHALLYJ\"	004d6de0,
004d9558	string	\"HHALLYK\"	004d6de4,
004d9560	string	\"HHALLYL\"	004d6de8,
004d9568	string	\"HHALLYM\"	004d6dec,
004d9570	string	\"HHALLYN\"	004d6df0,
004d9578	string	\"HHALLYO\"	004d6df4,
004d9580	string	\"HHPOLTA\"	004d6df8,
004d9588	string	\"HHPOLTB\"	004d6dfc,
004d9590	string	\"HHPOLTC\"	004d6e00,
004d9598	string	\"HHPOLTD\"	004d6e04,
004d95a0	string	\"HHPOLTE\"	004d6e08,
004d95a8	string	\"HHHRSHA\"	004d6e0c,
004d95b0	string	\"HHHRSHB\"	004d6e10,
004d95b8	string	\"HHHRSHC\"	004d6e14,
004d95c0	string	\"HHHRSHD\"	004d6e18,
004d95c8	string	\"HHHRSHE\"	004d6e1c,
004d95d0	string	\"HHACPTA\"	004d6e20,
004d95d8	string	\"HHACPTB\"	004d6e24,
004d95e0	string	\"HHACPTC\"	004d6e28,
004d95e8	string	\"HHACPTD\"	004d6e2c,
004d95f0	string	\"HHACPTE\"	004d6e30,
004d95f8	string	\"HHBREKA\"	004d6e34,
004d9600	string	\"HHBREKB\"	004d6e38,
004d9608	string	\"HHBREKC\"	004d6e3c,
004d9610	string	\"HHBREKD\"	004d6e40,
004d9618	string	\"HHBREKE\"	004d6e44,
004d9620	string	\"HHQUITA\"	004d6e48,
004d9628	string	\"HHQUITB\"	004d6e4c,
004d9630	string	\"HHQUITC\"	004d6e50,
004d9638	string	\"HHQUITD\"	004d6e54,
004d9640	string	\"HHQUITE\"	004d6e58,
004d9648	string	\"HHDAMAA\"	004d6e5c,
004d9650	string	\"HHDAMAB\"	004d6e60,
004d9658	string	\"HHDAMAC\"	004d6e64,
004d9660	string	\"HHDCDEA\"	004d6e68,
004d9668	string	\"HHDCDEB\"	004d6e6c,
004d9670	string	\"HHDCDEC\"	004d6e70,
004d9678	string	\"HHWAITA\"	004d6e74,
004d9680	string	\"HHRSLTA\"	004d6e78,
004d9688	string	\"HHRSLTB\"	004d6e7c,
004d9690	string	\"HHELIMD\"	004d6e84,
004d9698	string	\"HHELIMC\"	004d6e88,
004d96a0	string	\"HHELIMA\"	004d6e8c,
004d96a8	string	\"HHELIMB\"	004d6e90,
004d96b0	string	\"HHELIMF\"	004d6e94,
004d96b8	string	\"HHELIME\"	004d6e98,
004d96c0	string	\"HHDFTWA\"	004d6e9c,
004d96c8	string	\"HHDFTCA\"	004d6ea0,
004d96d0	string	\"HHDFTSA\"	004d6ea4,
004d96d8	string	\"HHVICA\"	004d6ea8,
004d96df	string	\"HHVICB\"	004d6eac,
004d96e6	string	\"HHCPGNA\"	004d6eb0,
004d96ee	string	\"HHCPGNB\"	004d6eb4,
004d96f6	string	\"HHCPGNC\"	004d6eb8,
004d96fe	string	\"HHCPGND\"	004d6ebc,
004d9706	string	\"HHCPGNE\"	004d6ec0,
004d970e	string	\"HHCPGNF\"	004d6ec4,
004d9716	string	\"HHINSTA\"	004d6ec8,
004d971e	string	\"HHINSTB\"	004d6ecc,
004d9726	string	\"HHINSTC\"	004d6ed0,
004d972e	string	\"HHINSTD\"	004d6ed4,
004d9736	string	\"HHINSTE\"	004d6ed8,
004d973e	string	\"HHINSTF\"	004d6edc,
004d9746	string	\"HHINSTG\"	004d6ee0,
004d974e	string	\"HHINSTH\"	004d6ee4,
004d9756	string	\"HHINSTI\"	004d6ee8,
004d975e	string	\"HHINSTJ\"	004d6eec,
004d9766	string	\"HHINSTK\"	004d6ef0,
004d976e	string	\"HHINSTL\"	004d6ef4,
004d9776	string	\"HHINSTM\"	004d6ef8,
004d977e	string	\"HHINSTN\"	004d6efc,
004d9786	string	\"HHINSTO\"	004d6f00,
004d978e	string	\"HHINSTP\"	004d6f04,
004d9796	string	\"HHINSTQ\"	004d6f08,
004d979e	string	\"HHINSTR\"	004d6f0c,
004d97a6	string	\"HHINSTS\"	004d6f10,
004d97ae	string	\"HHINSTT\"	004d6f14,
004d97b6	string	\"HHINSTU\"	004d6f18,
004d97be	string	\"HHINSTV\"	004d6f1c,
004d97c6	string	\"HHINSTW\"	004d6f20,
004d97ce	string	\"HHINSTX\"	004d6f24,
004d97d6	string	\"HHINSTY\"	004d6f28,
004d97de	string	\"HHINSTZ\"	004d6f2c,
004d97e6	string	\"HHTHRTA\"	004d6f30,
004d97ee	string	\"HHTHRTB\"	004d6f34,
004d97f6	string	\"HHTHRTC\"	004d6f38,
004d97fe	string	\"HHTHRTD\"	004d6f3c,
004d9806	string	\"HHTHRTE\"	004d6f40,
004d980e	string	\"HHTHRTF\"	004d6f44,
004d9816	string	\"HHTHRTG\"	004d6f48,
004d981e	string	\"HHTHRTH\"	004d6f4c,
004d9826	string	\"HHTHRTI\"	004d6f50,
004d982e	string	\"HHTHRTJ\"	004d6f54,
004d9836	string	\"HHTHRTK\"	004d6f58,
004d983e	string	\"HHTHRTL\"	004d6f5c,
004d9846	string	\"HHTHRTM\"	004d6f60,
004d984e	string	\"HHTHRTN\"	004d6f64,
004d9856	string	\"HHTHRTO\"	004d6f68,
004d985e	string	\"HHTHRTP\"	004d6f6c,
004d9866	string	\"HHTHRTQ\"	004d6f70,
004d986e	string	\"HHTHRTR\"	004d6f74,
004d9876	string	\"HHTHRTS\"	004d6f78,
004d987e	string	\"HHTHRTT\"	004d6f7c,
004d9886	string	\"HHTHRTU\"	004d6f80,
004d988e	string	\"HHTHRTV\"	004d6f84,
004d9896	string	\"HHTHRTW\"	004d6f88,
004d989e	string	\"HHTHRTX\"	004d6f8c,
004d98a6	string	\"HHTHRTY\"	004d6f90,
004d98ae	string	\"HHTHRTZ \"	004d6f94,
004d98b7	string	\"HHBRAGA\"	004d6f98,
004d98bf	string	\"HHBRAGB\"	004d6f9c,
004d98c7	string	\"HHBRAGC\"	004d6fa0,
004d98cf	string	\"HHBRAGD\"	004d6fa4,
004d98d7	string	\"HHBRAGE\"	004d6fa8,
004d98df	string	\"HHBRAGF\"	004d6fac,
004d98e7	string	\"HHBRAGG\"	004d6fb0,
004d98ef	string	\"HHBRAGH\"	004d6fb4,
004d98f7	string	\"HHBRAGI\"	004d6fb8,
004d98ff	string	\"HHBRAGJ\"	004d6fbc,
004d9907	string	\"HHBRAGK\"	004d6fc0,
004d990f	string	\"HHBRAGL\"	004d6fc4,
004d9917	string	\"HHBRAGM\"	004d6fc8,
004d991f	string	\"HHBRAGN\"	004d6fcc,
004d9927	string	\"HHBRAGO\"	004d6fd0,
004d992f	string	\"HHBRAGP\"	004d6fd4,
004d9937	string	\"HHBRAGQ\"	004d6fd8,
004d993f	string	\"HHBRAGR\"	004d6fdc,
004d9947	string	\"HHBRAGS\"	004d6fe0,
004d994f	string	\"HHBRAGT\"	004d6fe4,
004d9957	string	\"HHBRAGU\"	004d6fe8,
004d995f	string	\"HHBRAGV\"	004d6fec,
004d9967	string	\"HHBRAGW\"	004d6ff0,
004d996f	string	\"HHBRAGX\"	004d6ff4,
004d9977	string	\"HHBRAGY\"	004d6ff8,
004d997f	string	\"HHBRAGZ\"	004d6ffc,
004d9987	string	\"HHCMPTA\"	004d7000,
004d998f	string	\"HHCMPTB\"	004d7004,
004d9997	string	\"HHCMPTC\"	004d7008,
004d999f	string	\"HHCMPTD\"	004d700c,
004d99a7	string	\"HHCMPTE\"	004d7010,
004d99af	string	\"HHCMPTF\"	004d7014,
004d99b7	string	\"HHCMPTJ\"	004d7018,
004d99bf	string	\"HHCMPTK\"	004d701c,
004d99c7	string	\"HHCMPTL\"	004d7020,
004d99cf	string	\"HHCMPTM\"	004d7024,
004d99d7	string	\"HHCMPTN\"	004d7028,
004d99df	string	\"HHCMPTO\"	004d702c,
004d99e7	string	\"HHCMPTP\"	004d7030,
004d99ef	string	\"HHCMPTQ\"	004d7034,
004d99f7	string	\"HHCMPTR\"	004d7038,
004d99ff	string	\"HHCMPTS\"	004d703c,
004d9a07	string	\"HHCMPTT\"	004d7040,
004d9a0f	string	\"HHCMPTU\"	004d7044,
004d9a17	string	\"HHCMPTV\"	004d7048,
004d9a1f	string	\"HHCMPTW\"	004d704c,
004d9a27	string	\"HHCMPTX\"	004d7050,
004d9a2f	string	\"HHCMPTY\"	004d7054,
004d9a37	string	\"HHCMPTZ\"	004d7058,
004d9a3f	string	\"HHCMPTAA\"	004d705c,
004d9a48	string	\"HHPRSEA\"	004d7060,
004d9a50	string	\"HHPRSEB\"	004d7064,
004d9a58	string	\"HHPRSEC\"	004d7068,
004d9a60	string	\"HHPRSED\"	004d706c,
004d9a68	string	\"HHPRSEE\"	004d7070,
004d9a70	string	\"HHPRSEF\"	004d7074,
004d9a78	string	\"HHPRSEG\"	004d7078,
004d9a80	string	\"HHPRSEH\"	004d707c,
004d9a88	string	\"HHPRSEI\"	004d7080,
004d9a90	string	\"HHPRSEJ\"	004d7084,
004d9a98	string	\"HHPRSEK\"	004d7088,
004d9aa0	string	\"HHPRSEL\"	004d708c,
004d9aa8	string	\"HHPRSEM\"	004d7090,
004d9ab0	string	\"HHPRSEN\"	004d7094,
004d9ab8	string	\"HHPRSEO\"	004d7098,
004d9ac0	string	\"HHPRSEP\"	004d709c,
004d9ac8	string	\"HHPRSEQ\"	004d70a0,
004d9ad0	string	\"HHPRSER\"	004d70a4,
004d9ad8	string	\"HHPRSES\"	004d70a8,
004d9ae0	string	\"HHPRSET\"	004d70ac,
004d9ae8	string	\"HHCUSTA\"	004d70b0,
004d9af0	string	\"HHCUSTB\"	004d70b4,
004d9af8	string	\"HHCUSTC\"	004d70b8,
004d9b00	string	\"HHCUSTD\"	004d70bc,
004d9b08	string	\"HHCUSTE\"	004d70c0,
004d9b10	string	\"HHCUSTF\"	004d70c4,
004d9b18	string	\"MMSTARA\"	004d70c8,
004d9b20	string	\"MMSTARB\"	004d70cc,
004d9b28	string	\"MMSTARC\"	004d70d0,
004d9b30	string	\"MMWARNA\"	004d70d4,
004d9b38	string	\"MMWARNB\"	004d70d8,
004d9b40	string	\"MMWARNC\"	004d70dc,
004d9b48	string	\"MMWARND\"	004d70e0,
004d9b50	string	\"MMWARNE\"	004d70e4,
004d9b58	string	\"MMGRANA\"	004d70e8,
004d9b60	string	\"MMGRANB\"	004d70ec,
004d9b68	string	\"MMGRANC\"	004d70f0,
004d9b70	string	\"MMGRAND\"	004d70f4,
004d9b78	string	\"MMGRANE\"	004d70f8,
004d9b80	string	\"MMBRANA\"	004d70fc,
004d9b88	string	\"MMBRANB\"	004d7100,
004d9b90	string	\"MMBRANC\"	004d7104,
004d9b98	string	\"MMBRAND\"	004d7108,
004d9ba0	string	\"MMBRANE\"	004d710c,
004d9ba8	string	\"MMGCONA\"	004d7110,
004d9bb0	string	\"MMGCONB\"	004d7114,
004d9bb8	string	\"MMGCONC\"	004d7118,
004d9bc0	string	\"MMGCOND\"	004d711c,
004d9bc8	string	\"MMGCONE\"	004d7120,
004d9bd0	string	\"MMBCONA\"	004d7124,
004d9bd8	string	\"MMBCONB\"	004d7128,
004d9be0	string	\"MMBCONC\"	004d712c,
004d9be8	string	\"MMBCOND\"	004d7130,
004d9bf0	string	\"MMBCONE\"	004d7134,
004d9bf8	string	\"MMEVNTA\"	004d7138,
004d9c00	string	\"MMEVNTB\"	004d713c,
004d9c08	string	\"MMEVNTC\"	004d7140,
004d9c10	string	\"MMEVNTD\"	004d7144,
004d9c18	string	\"MMEVNTE\"	004d7148,
004d9c20	string	\"MMXENOA\"	004d714c,
004d9c28	string	\"MMXENOB\"	004d7150,
004d9c30	string	\"MMXENOC\"	004d7154,
004d9c38	string	\"MMXENOD\"	004d7158,
004d9c40	string	\"MMEXITA\"	004d715c,
004d9c48	string	\"MMEXITB\"	004d7160,
004d9c50	string	\"MMEXITC\"	004d7164,
004d9c58	string	\"MMEXITD\"	004d7168,
004d9c60	string	\"MMEXITE\"	004d716c,
004d9c68	string	\"MMEXITF\"	004d7170,
004d9c70	string	\"MMEXITG\"	004d7174,
004d9c78	string	\"MMEXITH\"	004d7178,
004d9c80	string	\"MMEXITI\"	004d717c,
004d9c88	string	\"MMEXITJ\"	004d7180,
004d9c90	string	\"MMEXITK\"	004d7184,
004d9c98	string	\"MMEXITL\"	004d7188,
004d9ca0	string	\"MMCURRA\"	004d718c,
004d9ca8	string	\"MMCURRC\"	004d7190,
004d9cb0	string	\"MMCURRB\"	004d7194,
004d9cb8	string	\"MMCURRD\"	004d7198,
004d9cc0	string	\"MMCURRE\"	004d719c,
004d9cc8	string	\"MMCURRF\"	004d71a0,
004d9cd0	string	\"MMCURRG\"	004d71a4,
004d9cd8	string	\"MMCURRH\"	004d71a8,
004d9ce0	string	\"MMCURRI\"	004d71ac,
004d9ce8	string	\"MMTECHA\"	004d71b0,
004d9cf0	string	\"MMTECHB\"	004d71b4,
004d9cf8	string	\"MMTECHC\"	004d71b8,
004d9d00	string	\"MMTECHD\"	004d71bc,
004d9d08	string	\"MMTECHE\"	004d71c0,
004d9d10	string	\"MMTECHF\"	004d71c4,
004d9d18	string	\"MMTECHG\"	004d71c8,
004d9d20	string	\"MMTECMH\"	004d71cc,
004d9d28	string	\"MMTECHI\"	004d71d0,
004d9d30	string	\"MMALLYA\"	004d71d4,
004d9d38	string	\"MMALLYB\"	004d71d8,
004d9d40	string	\"MMALLYC\"	004d71dc,
004d9d48	string	\"MMALLYD\"	004d71e0,
004d9d50	string	\"MMALLYE\"	004d71e4,
004d9d58	string	\"MMALLYF\"	004d71e8,
004d9d60	string	\"MMALLYG\"	004d71ec,
004d9d68	string	\"MMALLYH\"	004d71f0,
004d9d70	string	\"MMALLYI\"	004d71f4,
004d9d78	string	\"MMALLYJ\"	004d71f8,
004d9d80	string	\"MMALLYK\"	004d71fc,
004d9d88	string	\"MMALLYL\"	004d7200,
004d9d90	string	\"MMALLYM\"	004d7204,
004d9d98	string	\"MMALLYN\"	004d7208,
004d9da0	string	\"MMALLYO\"	004d720c,
004d9da8	string	\"MMPOLTA\"	004d7210,
004d9db0	string	\"MMPOLTB\"	004d7214,
004d9db8	string	\"MMPOLTC\"	004d7218,
004d9dc0	string	\"MMPOLTD\"	004d721c,
004d9dc8	string	\"MMPOLTE\"	004d7220,
004d9dd0	string	\"MMHRSHA\"	004d7224,
004d9dd8	string	\"MMHRSHB\"	004d7228,
004d9de0	string	\"MMHRSHC\"	004d722c,
004d9de8	string	\"MMHRSHD\"	004d7230,
004d9df0	string	\"MMHRSHE\"	004d7234,
004d9df8	string	\"MMACPTA\"	004d7238,
004d9e00	string	\"MMACPTB\"	004d723c,
004d9e08	string	\"MMACPTC\"	004d7240,
004d9e10	string	\"MMACPTD\"	004d7244,
004d9e18	string	\"MMACPTE\"	004d7248,
004d9e20	string	\"MMBREKA\"	004d724c,
004d9e28	string	\"MMBREKB\"	004d7250,
004d9e30	string	\"MMBREKC\"	004d7254,
004d9e38	string	\"MMBREKD\"	004d7258,
004d9e40	string	\"MMBREKE\"	004d725c,
004d9e48	string	\"MMQUITA\"	004d7260,
004d9e50	string	\"MMQUITB\"	004d7264,
004d9e58	string	\"MMQUITC\"	004d7268,
004d9e60	string	\"MMQUITD\"	004d726c,
004d9e68	string	\"MMQUITE\"	004d7270,
004d9e70	string	\"MMDAMAA\"	004d7274,
004d9e78	string	\"MMDAMAB\"	004d7278,
004d9e80	string	\"MMDAMAC\"	004d727c,
004d9e88	string	\"MMDCDEA\"	004d7280,
004d9e90	string	\"MMDCDEB\"	004d7284,
004d9e98	string	\"MMDCDEC\"	004d7288,
004d9ea0	string	\"MMWAITA\"	004d728c,
004d9ea8	string	\"MMRSLTA\"	004d7290,
004d9eb0	string	\"MMRSLTB\"	004d7294,
004d9eb8	string	\"MMELIMD\"	004d729c,
004d9ec0	string	\"MMELIMC\"	004d72a0,
004d9ec8	string	\"MMELIMA\"	004d72a4,
004d9ed0	string	\"MMELIMB\"	004d72a8,
004d9ed8	string	\"MMELIMF\"	004d72ac,
004d9ee0	string	\"MMELIME\"	004d72b0,
004d9ee8	string	\"MMDFTWA\"	004d72b4,
004d9ef0	string	\"MMDFTCA\"	004d72b8,
004d9ef8	string	\"MMDFTSA\"	004d72bc,
004d9f00	string	\"MMVICA\"	004d72c0,
004d9f07	string	\"MMVICB\"	004d72c4,
004d9f0e	string	\"MMCPGNA\"	004d72c8,
004d9f16	string	\"MMCPGNB\"	004d72cc,
004d9f1e	string	\"MMCPGNC\"	004d72d0,
004d9f26	string	\"MMCPGND\"	004d72d4,
004d9f2e	string	\"MMCPGNE\"	004d72d8,
004d9f36	string	\"MMCPGNF\"	004d72dc,
004d9f3e	string	\"MMINSTA\"	004d72e0,
004d9f46	string	\"MMINSTB\"	004d72e4,
004d9f4e	string	\"MMINSTC\"	004d72e8,
004d9f56	string	\"MMINSTD\"	004d72ec,
004d9f5e	string	\"MMINSTE\"	004d72f0,
004d9f66	string	\"MMINSTF\"	004d72f4,
004d9f6e	string	\"MMINSTG\"	004d72f8,
004d9f76	string	\"MMINSTH\"	004d72fc,
004d9f7e	string	\"MMINSTI\"	004d7300,
004d9f86	string	\"MMINSTJ\"	004d7304,
004d9f8e	string	\"MMINSTK\"	004d7308,
004d9f96	string	\"MMINSTL\"	004d730c,
004d9f9e	string	\"MMINSTM\"	004d7310,
004d9fa6	string	\"MMINSTN\"	004d7314,
004d9fae	string	\"MMINSTO\"	004d7318,
004d9fb6	string	\"MMINSTP\"	004d731c,
004d9fbe	string	\"MMINSTQ\"	004d7320,
004d9fc6	string	\"MMINSTR\"	004d7324,
004d9fce	string	\"MMINSTS\"	004d7328,
004d9fd6	string	\"MMINSTT\"	004d732c,
004d9fde	string	\"MMINSTU\"	004d7330,
004d9fe6	string	\"MMINSTV\"	004d7334,
004d9fee	string	\"MMINSTW\"	004d7338,
004d9ff6	string	\"MMINSTX\"	004d733c,
004d9ffe	string	\"MMINSTY\"	004d7340,
004da006	string	\"MMINSTZ\"	004d7344,
004da00e	string	\"MMTHRTA\"	004d7348,
004da016	string	\"MMTHRTB\"	004d734c,
004da01e	string	\"MMTHRTC\"	004d7350,
004da026	string	\"MMTHRTD\"	004d7354,
004da02e	string	\"MMTHRTE\"	004d7358,
004da036	string	\"MMTHRTF\"	004d735c,
004da03e	string	\"MMTHRTG\"	004d7360,
004da046	string	\"MMTHRTH\"	004d7364,
004da04e	string	\"MMTHRTI\"	004d7368,
004da056	string	\"MMTHRTJ\"	004d736c,
004da05e	string	\"MMTHRTL\"	004d7370,
004da066	string	\"MMTHRTM\"	004d7374,
004da06e	string	\"MMTHRTN\"	004d7378,
004da076	string	\"MMTHRTO\"	004d737c,
004da07e	string	\"MMTHRTP\"	004d7380,
004da086	string	\"MMTHRTQ\"	004d7384,
004da08e	string	\"MMTHRTR\"	004d7388,
004da096	string	\"MMTHRTS\"	004d738c,
004da09e	string	\"MMTHRTT\"	004d7390,
004da0a6	string	\"MMTHRTU\"	004d7394,
004da0ae	string	\"MMTHRTV\"	004d7398,
004da0b6	string	\"MMTHRTW\"	004d739c,
004da0be	string	\"MMTHRTX\"	004d73a0,
004da0c6	string	\"MMTHRTY\"	004d73a4,
004da0ce	string	\"MMTHRTZ \"	004d73a8,
004da0d7	string	\"MMBRAGA\"	004d73ac,
004da0df	string	\"MMBRAGB\"	004d73b0,
004da0e7	string	\"MMBRAGC\"	004d73b4,
004da0ef	string	\"MMBRAGD\"	004d73b8,
004da0f7	string	\"MMBRAGE\"	004d73bc,
004da0ff	string	\"MMBRAGF\"	004d73c0,
004da107	string	\"MMBRAGG\"	004d73c4,
004da10f	string	\"MMBRAGH\"	004d73c8,
004da117	string	\"MMBRAGI\"	004d73cc,
004da11f	string	\"MMBRAGJ\"	004d73d0,
004da127	string	\"MMBRAGK\"	004d73d4,
004da12f	string	\"MMBRAGL\"	004d73d8,
004da137	string	\"MMBRAGM\"	004d73dc,
004da13f	string	\"MMBRAGN\"	004d73e0,
004da147	string	\"MMBRAGO\"	004d73e4,
004da14f	string	\"MMBRAGP\"	004d73e8,
004da157	string	\"MMBRAGQ\"	004d73ec,
004da15f	string	\"MMBRAGR\"	004d73f0,
004da167	string	\"MMBRAGS\"	004d73f4,
004da16f	string	\"MMBRAGT\"	004d73f8,
004da177	string	\"MMBRAGU\"	004d73fc,
004da17f	string	\"MMBRAGV\"	004d7400,
004da187	string	\"MMBRAGW\"	004d7404,
004da18f	string	\"MMBRAGX\"	004d7408,
004da197	string	\"MMBRAGY\"	004d740c,
004da19f	string	\"MMBRAGZ\"	004d7410,
004da1a7	string	\"MMCMPTA\"	004d7414,
004da1af	string	\"MMCMPTB\"	004d7418,
004da1b7	string	\"MMCMPTC\"	004d741c,
004da1bf	string	\"MMCMPTD\"	004d7420,
004da1c7	string	\"MMCMPTE\"	004d7424,
004da1cf	string	\"MMCMPTF\"	004d7428,
004da1d7	string	\"MMCMPTJ\"	004d742c,
004da1df	string	\"MMCMPTK\"	004d7430,
004da1e7	string	\"MMCMPTL\"	004d7434,
004da1ef	string	\"MMCMPTM\"	004d7438,
004da1f7	string	\"MMCMPTN\"	004d743c,
004da1ff	string	\"MMCMPTO\"	004d7440,
004da207	string	\"MMCMPTP\"	004d7444,
004da20f	string	\"MMCMPTQ\"	004d7448,
004da217	string	\"MMCMPTR\"	004d744c,
004da21f	string	\"MMCMPTS\"	004d7450,
004da227	string	\"MMCMPTT\"	004d7454,
004da22f	string	\"MMCMPTU\"	004d7458,
004da237	string	\"MMCMPTV\"	004d745c,
004da23f	string	\"MMCMPTW\"	004d7460,
004da247	string	\"MMCMPTX\"	004d7464,
004da24f	string	\"MMCMPTY\"	004d7468,
004da257	string	\"MMCMPTZ\"	004d746c,
004da25f	string	\"MMCMPTAA\"	004d7470,
004da268	string	\"MMPRSEA\"	004d7474,
004da270	string	\"MMPRSEB\"	004d7478,
004da278	string	\"MMPRSEC\"	004d747c,
004da280	string	\"MMPRSED\"	004d7480,
004da288	string	\"MMPRSEE\"	004d7484,
004da290	string	\"MMPRSEF\"	004d7488,
004da298	string	\"MMPRSEG\"	004d748c,
004da2a0	string	\"MMPRSEH\"	004d7490,
004da2a8	string	\"MMPRSEI\"	004d7494,
004da2b0	string	\"MMPRSEJ\"	004d7498,
004da2b8	string	\"MMPRSEK\"	004d749c,
004da2c0	string	\"MMPRSEL\"	004d74a0,
004da2c8	string	\"MMPRSEM\"	004d74a4,
004da2d0	string	\"MMPRSEN\"	004d74a8,
004da2d8	string	\"MMPRSEO\"	004d74ac,
004da2e0	string	\"MMPRSEP\"	004d74b0,
004da2e8	string	\"MMPRSEQ\"	004d74b4,
004da2f0	string	\"MMPRSER\"	004d74b8,
004da2f8	string	\"MMPRSES\"	004d74bc,
004da300	string	\"MMPRSET\"	004d74c0,
004da308	string	\"MMCUSTA\"	004d74c4,
004da310	string	\"MMCUSTB\"	004d74c8,
004da318	string	\"MMCUSTC\"	004d74cc,
004da320	string	\"MMCUSTD\"	004d74d0,
004da328	string	\"MMCUSTE\"	004d74d4,
004da330	string	\"MMCUSTF\"	004d74d8,
004da338	string	\"RRSTARA\"	004d74dc,
004da340	string	\"RRSTARB\"	004d74e0,
004da348	string	\"RRSTARC\"	004d74e4,
004da350	string	\"RRWARNA\"	004d74e8,
004da358	string	\"RRWARNB\"	004d74ec,
004da360	string	\"RRWARNC\"	004d74f0,
004da368	string	\"RRWARND\"	004d74f4,
004da370	string	\"RRWARNE\"	004d74f8,
004da378	string	\"RRGRANA\"	004d74fc,
004da380	string	\"RRGRANB\"	004d7500,
004da388	string	\"RRGRANC\"	004d7504,
004da390	string	\"RRGRAND\"	004d7508,
004da398	string	\"RRGRANE\"	004d750c,
004da3a0	string	\"RRBRANA\"	004d7510,
004da3a8	string	\"RRBRANB\"	004d7514,
004da3b0	string	\"RRBRANC\"	004d7518,
004da3b8	string	\"RRBRAND\"	004d751c,
004da3c0	string	\"RRBRANE\"	004d7520,
004da3c8	string	\"RRGCONA\"	004d7524,
004da3d0	string	\"RRGCONB\"	004d7528,
004da3d8	string	\"RRGCONC\"	004d752c,
004da3e0	string	\"RRGCOND\"	004d7530,
004da3e8	string	\"RRGCONE\"	004d7534,
004da3f0	string	\"RRBCONA\"	004d7538,
004da3f8	string	\"RRBCONB\"	004d753c,
004da400	string	\"RRBCONC\"	004d7540,
004da408	string	\"RRBCOND\"	004d7544,
004da410	string	\"RRBCONE\"	004d7548,
004da418	string	\"RREVNTA\"	004d754c,
004da420	string	\"RREVNTB\"	004d7550,
004da428	string	\"RREVNTC\"	004d7554,
004da430	string	\"RREVNTD\"	004d7558,
004da438	string	\"RREVNTE\"	004d755c,
004da440	string	\"RRXENOA\"	004d7560,
004da448	string	\"RRXENOB\"	004d7564,
004da450	string	\"RRXENOC\"	004d7568,
004da458	string	\"RRXENOD\"	004d756c,
004da460	string	\"RREXITA\"	004d7570,
004da468	string	\"RREXITB\"	004d7574,
004da470	string	\"RREXITC\"	004d7578,
004da478	string	\"RREXITD\"	004d757c,
004da480	string	\"RREXITE\"	004d7580,
004da488	string	\"RREXITF\"	004d7584,
004da490	string	\"RREXITG\"	004d7588,
004da498	string	\"RREXITH\"	004d758c,
004da4a0	string	\"RREXITI\"	004d7590,
004da4a8	string	\"RREXITJ\"	004d7594,
004da4b0	string	\"RREXITK\"	004d7598,
004da4b8	string	\"RREXITL\"	004d759c,
004da4c0	string	\"RRCURRA\"	004d75a0,
004da4c8	string	\"RRCURRC\"	004d75a4,
004da4d0	string	\"RRCURRB\"	004d75a8,
004da4d8	string	\"RRCURRD\"	004d75ac,
004da4e0	string	\"RRCURRE\"	004d75b0,
004da4e8	string	\"RRCURRF\"	004d75b4,
004da4f0	string	\"RRCURRG\"	004d75b8,
004da4f8	string	\"RRCURRH\"	004d75bc,
004da500	string	\"RRCURRI\"	004d75c0,
004da508	string	\"RRTECHA\"	004d75c4,
004da510	string	\"RRTECHB\"	004d75c8,
004da518	string	\"RRTECHC\"	004d75cc,
004da520	string	\"RRTECHD\"	004d75d0,
004da528	string	\"RRTECHE\"	004d75d4,
004da530	string	\"RRTECHF\"	004d75d8,
004da538	string	\"RRTECHG\"	004d75dc,
004da540	string	\"RRTECHI\"	004d75e0,004d75e4,
004da548	string	\"RRALLYA\"	004d75e8,
004da550	string	\"RRALLYB\"	004d75ec,
004da558	string	\"RRALLYC\"	004d75f0,
004da560	string	\"RRALLYD\"	004d75f4,
004da568	string	\"RRALLYE\"	004d75f8,
004da570	string	\"RRALLYF\"	004d75fc,
004da578	string	\"RRALLYG\"	004d7600,
004da580	string	\"RRALLYH\"	004d7604,
004da588	string	\"RRALLYI\"	004d7608,
004da590	string	\"RRALLYJ\"	004d760c,
004da598	string	\"RRALLYK\"	004d7610,
004da5a0	string	\"RRALLYL\"	004d7614,
004da5a8	string	\"RRALLYM\"	004d7618,
004da5b0	string	\"RRALLYN\"	004d761c,
004da5b8	string	\"RRALLYO\"	004d7620,
004da5c0	string	\"RRPOLTA\"	004d7624,
004da5c8	string	\"RRPOLTB\"	004d7628,
004da5d0	string	\"RRPOLTC\"	004d762c,
004da5d8	string	\"RRPOLTD\"	004d7630,
004da5e0	string	\"RRPOLTE\"	004d7634,
004da5e8	string	\"RRHRSHA\"	004d7638,
004da5f0	string	\"RRHRSHB\"	004d763c,
004da5f8	string	\"RRHRSHC\"	004d7640,
004da600	string	\"RRHRSHD\"	004d7644,
004da608	string	\"RRHRSHE\"	004d7648,
004da610	string	\"RRACPTA\"	004d764c,
004da618	string	\"RRACPTB\"	004d7650,
004da620	string	\"RRACPTC\"	004d7654,
004da628	string	\"RRACPTD\"	004d7658,
004da630	string	\"RRACPTE\"	004d765c,
004da638	string	\"RRBREKA\"	004d7660,
004da640	string	\"RRBREKB\"	004d7664,
004da648	string	\"RRBREKC\"	004d7668,
004da650	string	\"RRBREKD\"	004d766c,
004da658	string	\"RRBREKE\"	004d7670,
004da660	string	\"RRQUITA\"	004d7674,
004da668	string	\"RRQUITB\"	004d7678,
004da670	string	\"RRQUITC\"	004d767c,
004da678	string	\"RRQUITD\"	004d7680,
004da680	string	\"RRQUITE\"	004d7684,
004da688	string	\"RRDAMAA\"	004d7688,
004da690	string	\"RRDAMAB\"	004d768c,
004da698	string	\"RRDAMAC\"	004d7690,
004da6a0	string	\"RRDCDEA\"	004d7694,
004da6a8	string	\"RRDCDEB\"	004d7698,
004da6b0	string	\"RRDCDEC\"	004d769c,
004da6b8	string	\"RRWAITA\"	004d76a0,
004da6c0	string	\"RRRSLTA\"	004d76a4,
004da6c8	string	\"RRRSLTB\"	004d76a8,
004da6d0	string	\"RRELIMD\"	004d76b0,
004da6d8	string	\"RRELIMC\"	004d76b4,
004da6e0	string	\"RRELIMA\"	004d76b8,
004da6e8	string	\"RRELIMB\"	004d76bc,
004da6f0	string	\"RRELIMF\"	004d76c0,
004da6f8	string	\"RRELIME\"	004d76c4,
004da700	string	\"RRDFTWA\"	004d76c8,
004da708	string	\"RRDFTCA\"	004d76cc,
004da710	string	\"RRDFTSA\"	004d76d0,
004da718	string	\"RRVICA\"	004d76d4,
004da71f	string	\"RRVICB\"	004d76d8,
004da726	string	\"RRCPGNA\"	004d76dc,
004da72e	string	\"RRCPGNB\"	004d76e0,
004da736	string	\"RRCPGNC\"	004d76e4,
004da73e	string	\"RRCPGND\"	004d76e8,
004da746	string	\"RRCPGNE\"	004d76ec,
004da74e	string	\"RRCPGNF\"	004d76f0,
004da756	string	\"RRINSTA\"	004d76f4,
004da75e	string	\"RRINSTB\"	004d76f8,
004da766	string	\"RRINSTC\"	004d76fc,
004da76e	string	\"RRINSTD\"	004d7700,
004da776	string	\"RRINSTE\"	004d7704,
004da77e	string	\"RRINSTF\"	004d7708,
004da786	string	\"RRINSTG\"	004d770c,
004da78e	string	\"RRINSTH\"	004d7710,
004da796	string	\"RRINSTI\"	004d7714,
004da79e	string	\"RRINSTJ\"	004d7718,
004da7a6	string	\"RRINSTK\"	004d771c,
004da7ae	string	\"RRINSTL\"	004d7720,
004da7b6	string	\"RRINSTM\"	004d7724,
004da7be	string	\"RRINSTN\"	004d7728,
004da7c6	string	\"RRINSTO\"	004d772c,
004da7ce	string	\"RRINSTP\"	004d7730,
004da7d6	string	\"RRINSTQ\"	004d7734,
004da7de	string	\"RRINSTR\"	004d7738,
004da7e6	string	\"RRINSTS\"	004d773c,
004da7ee	string	\"RRINSTT\"	004d7740,
004da7f6	string	\"RRINSTU\"	004d7744,
004da7fe	string	\"RRINSTV\"	004d7748,
004da806	string	\"RRINSTW\"	004d774c,
004da80e	string	\"RRINSTX\"	004d7750,
004da816	string	\"RRINSTY\"	004d7754,
004da81e	string	\"RRINSTZ\"	004d7758,
004da826	string	\"RRTHRTA\"	004d775c,
004da82e	string	\"RRTHRTB\"	004d7760,
004da836	string	\"RRTHRTC\"	004d7764,
004da83e	string	\"RRTHRTD\"	004d7768,
004da846	string	\"RRTHRTE\"	004d776c,
004da84e	string	\"RRTHRTF\"	004d7770,
004da856	string	\"RRTHRTG\"	004d7774,
004da85e	string	\"RRTHRTH\"	004d7778,
004da866	string	\"RRTHRTJ\"	004d777c,
004da86e	string	\"RRTHRTL\"	004d7780,
004da876	string	\"RRTHRTM\"	004d7784,
004da87e	string	\"RRTHRTN\"	004d7788,
004da886	string	\"RRTHRTO\"	004d778c,
004da88e	string	\"RRTHRTP\"	004d7790,
004da896	string	\"RRTHRTQ\"	004d7794,
004da89e	string	\"RRTHRTR\"	004d7798,
004da8a6	string	\"RRTHRTS\"	004d779c,
004da8ae	string	\"RRTHRTT\"	004d77a0,
004da8b6	string	\"RRTHRTU\"	004d77a4,
004da8be	string	\"RRTHRTV\"	004d77a8,
004da8c6	string	\"RRTHRTW\"	004d77ac,
004da8ce	string	\"RRTHRTX\"	004d77b0,
004da8d6	string	\"RRTHRTY\"	004d77b4,
004da8de	string	\"RRTHRTZ \"	004d77b8,
004da8e7	string	\"RRBRAGA\"	004d77bc,
004da8ef	string	\"RRBRAGB\"	004d77c0,
004da8f7	string	\"RRBRAGC\"	004d77c4,
004da8ff	string	\"RRBRAGD\"	004d77c8,
004da907	string	\"RRBRAGE\"	004d77cc,
004da90f	string	\"RRBRAGF\"	004d77d0,
004da917	string	\"RRBRAGG\"	004d77d4,
004da91f	string	\"RRBRAGH\"	004d77d8,
004da927	string	\"RRBRAGI\"	004d77dc,
004da92f	string	\"RRBRAGJ\"	004d77e0,
004da937	string	\"RRBRAGK\"	004d77e4,
004da93f	string	\"RRBRAGL\"	004d77e8,
004da947	string	\"RRBRAGM\"	004d77ec,
004da94f	string	\"RRBRAGN\"	004d77f0,
004da957	string	\"RRBRAGO\"	004d77f4,
004da95f	string	\"RRBRAGP\"	004d77f8,
004da967	string	\"RRBRAGQ\"	004d77fc,
004da96f	string	\"RRBRAGR\"	004d7800,
004da977	string	\"RRBRAGS\"	004d7804,
004da97f	string	\"RRBRAGT\"	004d7808,
004da987	string	\"RRBRAGU\"	004d780c,
004da98f	string	\"RRBRAGV\"	004d7810,
004da997	string	\"RRBRAGW\"	004d7814,
004da99f	string	\"RRBRAGX\"	004d7818,
004da9a7	string	\"RRBRAGY\"	004d781c,
004da9af	string	\"RRBRAGZ\"	004d7820,
004da9b7	string	\"RRBRAGAA\"	004d7824,
004da9c0	string	\"RRCMPTA\"	004d7828,
004da9c8	string	\"RRCMPTB\"	004d782c,
004da9d0	string	\"RRCMPTC\"	004d7830,
004da9d8	string	\"RRCMPTD\"	004d7834,
004da9e0	string	\"RRCMPTE\"	004d7838,
004da9e8	string	\"RRCMPTF\"	004d783c,
004da9f0	string	\"RRCMPTJ\"	004d7840,
004da9f8	string	\"RRCMPTK\"	004d7844,
004daa00	string	\"RRCMPTL\"	004d7848,
004daa08	string	\"RRCMPTM\"	004d784c,
004daa10	string	\"RRCMPTN\"	004d7850,
004daa18	string	\"RRCMPTO\"	004d7854,
004daa20	string	\"RRCMPTR\"	004d7858,
004daa28	string	\"RRCMPTS\"	004d785c,
004daa30	string	\"RRCMPTT\"	004d7860,
004daa38	string	\"RRCMPTU\"	004d7864,
004daa40	string	\"RRCMPTV\"	004d7868,
004daa48	string	\"RRCMPTW\"	004d786c,
004daa50	string	\"RRCMPTX\"	004d7870,
004daa58	string	\"RRCMPTY\"	004d7874,
004daa60	string	\"RRCMPTZ\"	004d7878,
004daa68	string	\"RRCMPTAA\"	004d787c,
004daa71	string	\"RRCMPTBB\"	004d7880,
004daa7a	string	\"RRPRSEA\"	004d7884,
004daa82	string	\"RRPRSEB\"	004d7888,
004daa8a	string	\"RRPRSEC\"	004d788c,
004daa92	string	\"RRPRSED\"	004d7890,
004daa9a	string	\"RRPRSEE\"	004d7894,
004daaa2	string	\"RRPRSEF\"	004d7898,
004daaaa	string	\"RRPRSEG\"	004d789c,
004daab2	string	\"RRPRSEH\"	004d78a0,
004daaba	string	\"RRPRSEI\"	004d78a4,
004daac2	string	\"RRPRSEJ\"	004d78a8,
004daaca	string	\"RRPRSEK\"	004d78ac,
004daad2	string	\"RRPRSEL\"	004d78b0,
004daada	string	\"RRPRSEM\"	004d78b4,
004daae2	string	\"RRPRSEN\"	004d78b8,
004daaea	string	\"RRPRSEO\"	004d78bc,
004daaf2	string	\"RRPRSEP\"	004d78c0,
004daafa	string	\"RRPRSEQ\"	004d78c4,
004dab02	string	\"RRPRSER\"	004d78c8,
004dab0a	string	\"RRPRSES\"	004d78cc,
004dab12	string	\"RRPRSET\"	004d78d0,
004dab1a	string	\"RRCUSTA\"	004d78d4,
004dab22	string	\"RRCUSTB\"	004d78d8,
004dab2a	string	\"RRCUSTC\"	004d78dc,
004dab32	string	\"RRCUSTD\"	004d78e0,
004dab3a	string	\"RRCUSTE\"	004d78e4,
004dab42	string	\"RRCUSTF\"	004d78e8,
004dab4a	string	\"TTSTARA\"	004d78ec,
004dab52	string	\"TTSTARB\"	004d78f0,
004dab5a	string	\"TTSTARC\"	004d78f4,
004dab62	string	\"TTWARNA\"	004d78f8,
004dab6a	string	\"TTWARNB\"	004d78fc,
004dab72	string	\"TTWARNC\"	004d7900,
004dab7a	string	\"TTWARND\"	004d7904,
004dab82	string	\"TTWARNE\"	004d7908,
004dab8a	string	\"TTGRANA\"	004d790c,
004dab92	string	\"TTGRANB\"	004d7910,
004dab9a	string	\"TTGRANC\"	004d7914,
004daba2	string	\"TTGRAND\"	004d7918,
004dabaa	string	\"TTGRANE\"	004d791c,
004dabb2	string	\"TTBRANA\"	004d7920,
004dabba	string	\"TTBRANB\"	004d7924,
004dabc2	string	\"TTBRANC\"	004d7928,
004dabca	string	\"TTBRAND\"	004d792c,
004dabd2	string	\"TTBRANE\"	004d7930,
004dabda	string	\"TTGCONA\"	004d7934,
004dabe2	string	\"TTGCONB\"	004d7938,
004dabea	string	\"TTGCONC\"	004d793c,
004dabf2	string	\"TTGCOND\"	004d7940,
004dabfa	string	\"TTGCONE\"	004d7944,
004dac02	string	\"TTBCONA\"	004d7948,
004dac0a	string	\"TTBCONB\"	004d794c,
004dac12	string	\"TTBCONC\"	004d7950,
004dac1a	string	\"TTBCOND\"	004d7954,
004dac22	string	\"TTBCONE\"	004d7958,
004dac2a	string	\"TTEVNTA\"	004d795c,
004dac32	string	\"TTEVNTB\"	004d7960,
004dac3a	string	\"TTEVNTC\"	004d7964,
004dac42	string	\"TTEVNTD\"	004d7968,
004dac4a	string	\"TTEVNTE\"	004d796c,
004dac52	string	\"TTXENOA\"	004d7970,
004dac5a	string	\"TTXENOB\"	004d7974,
004dac62	string	\"TTXENOC\"	004d7978,
004dac6a	string	\"TTXENOD\"	004d797c,
004dac72	string	\"TTEXITA\"	004d7980,
004dac7a	string	\"TTEXITB\"	004d7984,
004dac82	string	\"TTEXITC\"	004d7988,
004dac8a	string	\"TTEXITD\"	004d798c,
004dac92	string	\"TTEXITE\"	004d7990,
004dac9a	string	\"TTEXITF\"	004d7994,
004daca2	string	\"TTEXITG\"	004d7998,
004dacaa	string	\"TTEXITH\"	004d799c,
004dacb2	string	\"TTEXITI\"	004d79a0,
004dacba	string	\"TTEXITJ\"	004d79a4,
004dacc2	string	\"TTEXITK\"	004d79a8,
004dacca	string	\"TTEXITL\"	004d79ac,
004dacd2	string	\"TTCURRA\"	004d79b0,
004dacda	string	\"TTCURRC\"	004d79b4,
004dace2	string	\"TTCURRB\"	004d79b8,
004dacea	string	\"TTCURRD\"	004d79bc,
004dacf2	string	\"TTCURRE\"	004d79c0,
004dacfa	string	\"TTCURRF\"	004d79c4,
004dad02	string	\"TTCURRG\"	004d79c8,
004dad0a	string	\"TTCURRH\"	004d79cc,
004dad12	string	\"TTCURRI\"	004d79d0,
004dad1a	string	\"TTTECHA\"	004d79d4,
004dad22	string	\"TTTECHB\"	004d79d8,
004dad2a	string	\"TTTECHC\"	004d79dc,
004dad32	string	\"TTTECHD\"	004d79e0,
004dad3a	string	\"TTTECHE\"	004d79e4,
004dad42	string	\"TTTECHF\"	004d79e8,
004dad4a	string	\"TTTECHG\"	004d79ec,
004dad52	string	\"TTTECHI\"	004d79f0,004d79f4,
004dad5a	string	\"TTALLYA\"	004d79f8,
004dad62	string	\"TTALLYB\"	004d79fc,
004dad6a	string	\"TTALLYC\"	004d7a00,
004dad72	string	\"TTALLYD\"	004d7a04,
004dad7a	string	\"TTALLYE\"	004d7a08,
004dad82	string	\"TTALLYF\"	004d7a0c,
004dad8a	string	\"TTALLYG\"	004d7a10,
004dad92	string	\"TTALLYH\"	004d7a14,
004dad9a	string	\"TTALLYI\"	004d7a18,
004dada2	string	\"TTALLYJ\"	004d7a1c,
004dadaa	string	\"TTALLYK\"	004d7a20,
004dadb2	string	\"TTALLYL\"	004d7a24,
004dadba	string	\"TTALLYM\"	004d7a28,
004dadc2	string	\"TTALLYN\"	004d7a2c,
004dadca	string	\"TTALLYO\"	004d7a30,
004dadd2	string	\"TTPOLTA\"	004d7a34,
004dadda	string	\"TTPOLTB\"	004d7a38,
004dade2	string	\"TTPOLTC\"	004d7a3c,
004dadea	string	\"TTPOLTD\"	004d7a40,
004dadf2	string	\"TTPOLTE\"	004d7a44,
004dadfa	string	\"TTHRSHA\"	004d7a48,
004dae02	string	\"TTHRSHB\"	004d7a4c,
004dae0a	string	\"TTHRSHC\"	004d7a50,
004dae12	string	\"TTHRSHD\"	004d7a54,
004dae1a	string	\"TTHRSHE\"	004d7a58,
004dae22	string	\"TTACPTA\"	004d7a5c,
004dae2a	string	\"TTACPTB\"	004d7a60,
004dae32	string	\"TTACPTC\"	004d7a64,
004dae3a	string	\"TTACPTD\"	004d7a68,
004dae42	string	\"TTACPTE\"	004d7a6c,
004dae4a	string	\"TTBREKA\"	004d7a70,
004dae52	string	\"TTBREKB\"	004d7a74,
004dae5a	string	\"TTBREKC\"	004d7a78,
004dae62	string	\"TTBREKD\"	004d7a7c,
004dae6a	string	\"TTBREKE\"	004d7a80,
004dae72	string	\"TTQUITA\"	004d7a84,
004dae7a	string	\"TTQUITB\"	004d7a88,
004dae82	string	\"TTQUITC\"	004d7a8c,
004dae8a	string	\"TTQUITD\"	004d7a90,
004dae92	string	\"TTQUITE\"	004d7a94,
004dae9a	string	\"TTDAMAA\"	004d7a98,
004daea2	string	\"TTDAMAB\"	004d7a9c,
004daeaa	string	\"TTDAMAC\"	004d7aa0,
004daeb2	string	\"TTDCDEA\"	004d7aa4,
004daeba	string	\"TTDCDEB\"	004d7aa8,
004daec2	string	\"TTDCDEC\"	004d7aac,
004daeca	string	\"TTWAITA\"	004d7ab0,
004daed2	string	\"TTRSLTA\"	004d7ab4,
004daeda	string	\"TTRSLTB\"	004d7ab8,
004daee2	string	\"TTELIMD\"	004d7ac0,
004daeea	string	\"TTELIMC\"	004d7ac4,
004daef2	string	\"TTELIMA\"	004d7ac8,
004daefa	string	\"TTELIMB\"	004d7acc,
004daf02	string	\"TTELIMF\"	004d7ad0,
004daf0a	string	\"TTELIME\"	004d7ad4,
004daf12	string	\"TTDFTWA\"	004d7ad8,
004daf1a	string	\"TTDFTCA\"	004d7adc,
004daf22	string	\"TTDFTSA\"	004d7ae0,
004daf2a	string	\"TTVICA\"	004d7ae4,
004daf31	string	\"TTVICB\"	004d7ae8,
004daf38	string	\"TTCPGNA\"	004d7aec,
004daf40	string	\"TTCPGNB\"	004d7af0,
004daf48	string	\"TTCPGNC\"	004d7af4,
004daf50	string	\"TTCPGND\"	004d7af8,
004daf58	string	\"TTCPGNE\"	004d7afc,
004daf60	string	\"TTCPGNF\"	004d7b00,
004daf68	string	\"TTCPGNG\"	004d7b04,
004daf70	string	\"TTINSTA\"	004d7b08,
004daf78	string	\"TTINSTB\"	004d7b0c,
004daf80	string	\"TTINSTC\"	004d7b10,
004daf88	string	\"TTINSTD\"	004d7b14,
004daf90	string	\"TTINSTE\"	004d7b18,
004daf98	string	\"TTINSTF\"	004d7b1c,
004dafa0	string	\"TTINSTG\"	004d7b20,
004dafa8	string	\"TTINSTH\"	004d7b24,
004dafb0	string	\"TTINSTI\"	004d7b28,
004dafb8	string	\"TTINSTJ\"	004d7b2c,
004dafc0	string	\"TTINSTK\"	004d7b30,
004dafc8	string	\"TTINSTL\"	004d7b34,
004dafd0	string	\"TTINSTM\"	004d7b38,
004dafd8	string	\"TTINSTN\"	004d7b3c,
004dafe0	string	\"TTINSTO\"	004d7b40,
004dafe8	string	\"TTINSTP\"	004d7b44,
004daff0	string	\"TTINSTQ\"	004d7b48,
004daff8	string	\"TTINSTR\"	004d7b4c,
004db000	string	\"TTINSTS\"	004d7b50,
004db008	string	\"TTINSTT\"	004d7b54,
004db010	string	\"TTINSTU\"	004d7b58,
004db018	string	\"TTINSTV\"	004d7b5c,
004db020	string	\"TTINSTW\"	004d7b60,
004db028	string	\"TTINSTX\"	004d7b64,
004db030	string	\"TTINSTY\"	004d7b68,
004db038	string	\"TTINSTZ\"	004d7b6c,
004db040	string	\"TTTHRTA\"	004d7b70,
004db048	string	\"TTTHRTB\"	004d7b74,
004db050	string	\"TTTHRTC\"	004d7b78,
004db058	string	\"TTTHRTD\"	004d7b7c,
004db060	string	\"TTTHRTE\"	004d7b80,
004db068	string	\"TTTHRTF\"	004d7b84,
004db070	string	\"TTTHRTG\"	004d7b88,
004db078	string	\"TTTHRTH\"	004d7b8c,
004db080	string	\"TTTHRTI\"	004d7b90,
004db088	string	\"TTTHRTJ\"	004d7b94,
004db090	string	\"TTTHRTK\"	004d7b98,
004db098	string	\"TTTHRTL\"	004d7b9c,
004db0a0	string	\"TTTHRTM\"	004d7ba0,
004db0a8	string	\"TTTHRTN\"	004d7ba4,
004db0b0	string	\"TTTHRTO\"	004d7ba8,
004db0b8	string	\"TTTHRTP\"	004d7bac,
004db0c0	string	\"TTTHRTQ\"	004d7bb0,
004db0c8	string	\"TTTHRTR\"	004d7bb4,
004db0d0	string	\"TTTHRTS\"	004d7bb8,
004db0d8	string	\"TTTHRTT\"	004d7bbc,
004db0e0	string	\"TTTHRTU\"	004d7bc0,
004db0e8	string	\"TTTHRTV\"	004d7bc4,
004db0f0	string	\"TTTHRTW\"	004d7bc8,
004db0f8	string	\"TTTHRTX\"	004d7bcc,
004db100	string	\"TTTHRTY\"	004d7bd0,
004db108	string	\"TTTHRTAA\"	004d7bd4,
004db111	string	\"TTTHRTBB\"	004d7bd8,
004db11a	string	\"TTBRAGA\"	004d7bdc,
004db122	string	\"TTBRAGB\"	004d7be0,
004db12a	string	\"TTBRAGC\"	004d7be4,
004db132	string	\"TTBRAGD\"	004d7be8,
004db13a	string	\"TTBRAGE\"	004d7bec,
004db142	string	\"TTBRAGF\"	004d7bf0,
004db14a	string	\"TTBRAGG\"	004d7bf4,
004db152	string	\"TTBRAGH\"	004d7bf8,
004db15a	string	\"TTBRAGI\"	004d7bfc,
004db162	string	\"TTBRAGJ\"	004d7c00,
004db16a	string	\"TTBRAGK\"	004d7c04,
004db172	string	\"TTBRAGL\"	004d7c08,
004db17a	string	\"TTBRAGM\"	004d7c0c,
004db182	string	\"TTBRAGN\"	004d7c10,
004db18a	string	\"TTBRAGO\"	004d7c14,
004db192	string	\"TTBRAGP\"	004d7c18,
004db19a	string	\"TTBRAGQ\"	004d7c1c,
004db1a2	string	\"TTBRAGR\"	004d7c20,
004db1aa	string	\"TTBRAGS\"	004d7c24,
004db1b2	string	\"TTBRAGT\"	004d7c28,
004db1ba	string	\"TTBRAGU\"	004d7c2c,
004db1c2	string	\"TTBRAGV\"	004d7c30,
004db1ca	string	\"TTBRAGW\"	004d7c34,
004db1d2	string	\"TTBRAGX\"	004d7c38,
004db1da	string	\"TTBRAGY\"	004d7c3c,
004db1e2	string	\"TTBRAGZ\"	004d7c40,
004db1ea	string	\"TTCMPTA\"	004d7c44,
004db1f2	string	\"TTCMPTB\"	004d7c48,
004db1fa	string	\"TTCMPTC\"	004d7c4c,
004db202	string	\"TTCMPTD\"	004d7c50,
004db20a	string	\"TTCMPTE\"	004d7c54,
004db212	string	\"TTCMPTF\"	004d7c58,
004db21a	string	\"TTCMPTJ\"	004d7c5c,
004db222	string	\"TTCMPTK\"	004d7c60,
004db22a	string	\"TTCMPTL\"	004d7c64,
004db232	string	\"TTCMPTM\"	004d7c68,
004db23a	string	\"TTCMPTN\"	004d7c6c,
004db242	string	\"TTCMPTO\"	004d7c70,
004db24a	string	\"TTCMPTP\"	004d7c74,
004db252	string	\"TTCMPTQ\"	004d7c78,
004db25a	string	\"TTCMPTR\"	004d7c7c,
004db262	string	\"TTCMPTS\"	004d7c80,
004db26a	string	\"TTCMPTT\"	004d7c84,
004db272	string	\"TTCMPTU\"	004d7c88,
004db27a	string	\"TTCMPTV\"	004d7c8c,
004db282	string	\"TTCMPTW\"	004d7c90,
004db28a	string	\"TTCMPTX\"	004d7c94,
004db292	string	\"TTCMPTY\"	004d7c98,
004db29a	string	\"TTCMPTZ\"	004d7c9c,
004db2a2	string	\"TTCMPTAA\"	004d7ca0,
004db2ab	string	\"TTPRSEA\"	004d7ca4,
004db2b3	string	\"TTPRSEB\"	004d7ca8,
004db2bb	string	\"TTPRSEC\"	004d7cac,
004db2c3	string	\"TTPRSED\"	004d7cb0,
004db2cb	string	\"TTPRSEE\"	004d7cb4,
004db2d3	string	\"TTPRSEF\"	004d7cb8,
004db2db	string	\"TTPRSEG\"	004d7cbc,
004db2e3	string	\"TTPRSEH\"	004d7cc0,
004db2eb	string	\"TTPRSEI\"	004d7cc4,
004db2f3	string	\"TTPRSEJ\"	004d7cc8,
004db2fb	string	\"TTPRSEK\"	004d7ccc,
004db303	string	\"TTPRSEL\"	004d7cd0,
004db30b	string	\"TTPRSEM\"	004d7cd4,
004db313	string	\"TTPRSEN\"	004d7cd8,
004db31b	string	\"TTPRSEO\"	004d7cdc,
004db323	string	\"TTPRSEP\"	004d7ce0,
004db32b	string	\"TTPRSEQ\"	004d7ce4,
004db333	string	\"TTPRSER\"	004d7ce8,
004db33b	string	\"TTPRSES\"	004d7cec,
004db343	string	\"TTPRSET\"	004d7cf0,
004db34b	string	\"TTCUSTA\"	004d7cf4,
004db353	string	\"TTCUSTB\"	004d7cf8,
004db35b	string	\"TTCUSTC\"	004d7cfc,
004db363	string	\"TTCUSTD\"	004d7d00,
004db36b	string	\"TTCUSTE\"	004d7d04,
004db373	string	\"TTCUSTF\"	004d7d08,
004db37b	string	\"UUSTARA\"	004d7d0c,
004db383	string	\"UUSTARB\"	004d7d10,
004db38b	string	\"UUSTARC\"	004d7d14,
004db393	string	\"UUWARNA\"	004d7d18,
004db39b	string	\"UUWARNB\"	004d7d1c,
004db3a3	string	\"UUWARNC\"	004d7d20,
004db3ab	string	\"UUWARND\"	004d7d24,
004db3b3	string	\"UUWARNE\"	004d7d28,
004db3bb	string	\"UUGRANA\"	004d7d2c,
004db3c3	string	\"UUGRANB\"	004d7d30,
004db3cb	string	\"UUGRANC\"	004d7d34,
004db3d3	string	\"UUGRAND\"	004d7d38,
004db3db	string	\"UUGRANE\"	004d7d3c,
004db3e3	string	\"UUBRANA\"	004d7d40,
004db3eb	string	\"UUBRANB\"	004d7d44,
004db3f3	string	\"UUBRANC\"	004d7d48,
004db3fb	string	\"UUBRAND\"	004d7d4c,
004db403	string	\"UUBRANE\"	004d7d50,
004db40b	string	\"UUGCONA\"	004d7d54,
004db413	string	\"UUGCONB\"	004d7d58,
004db41b	string	\"UUGCONC\"	004d7d5c,
004db423	string	\"UUGCOND\"	004d7d60,
004db42b	string	\"UUGCONE\"	004d7d64,
004db433	string	\"UUBCONA\"	004d7d68,
004db43b	string	\"UUBCONB\"	004d7d6c,
004db443	string	\"UUBCONC\"	004d7d70,
004db44b	string	\"UUBCOND\"	004d7d74,
004db453	string	\"UUBCONE\"	004d7d78,
004db45b	string	\"UUEVNTA\"	004d7d7c,
004db463	string	\"UUEVNTB\"	004d7d80,
004db46b	string	\"UUEVNTC\"	004d7d84,
004db473	string	\"UUEVNTD\"	004d7d88,
004db47b	string	\"UUEVNTE\"	004d7d8c,
004db483	string	\"UUXENOA\"	004d7d90,
004db48b	string	\"UUXENOB\"	004d7d94,
004db493	string	\"UUXENOC\"	004d7d98,
004db49b	string	\"UUXENOD\"	004d7d9c,
004db4a3	string	\"UUEXITA\"	004d7da0,
004db4ab	string	\"UUEXITB\"	004d7da4,
004db4b3	string	\"UUEXITC\"	004d7da8,
004db4bb	string	\"UUEXITD\"	004d7dac,
004db4c3	string	\"UUEXITE\"	004d7db0,
004db4cb	string	\"UUEXITF\"	004d7db4,
004db4d3	string	\"UUEXITG\"	004d7db8,
004db4db	string	\"UUEXITH\"	004d7dbc,
004db4e3	string	\"UUEXITI\"	004d7dc0,
004db4eb	string	\"UUEXITJ\"	004d7dc4,
004db4f3	string	\"UUEXITK\"	004d7dc8,
004db4fb	string	\"UUEXITL\"	004d7dcc,
004db503	string	\"UUCURRA\"	004d7dd0,
004db50b	string	\"UUCURRC\"	004d7dd4,
004db513	string	\"UUCURRB\"	004d7dd8,
004db51b	string	\"UUCURRD\"	004d7ddc,
004db523	string	\"UUCURRE\"	004d7de0,
004db52b	string	\"UUCURRF\"	004d7de4,
004db533	string	\"UUCURRG\"	004d7de8,
004db53b	string	\"UUCURRH\"	004d7dec,
004db543	string	\"UUCURRI\"	004d7df0,
004db54b	string	\"UUTECHA\"	004d7df4,
004db553	string	\"UUTECHB\"	004d7df8,
004db55b	string	\"UUTECHC\"	004d7dfc,
004db563	string	\"UUTECHD\"	004d7e00,
004db56b	string	\"UUTECHE\"	004d7e04,
004db573	string	\"UUTECHF\"	004d7e08,
004db57b	string	\"UUTECHG\"	004d7e0c,
004db583	string	\"UUTECHH\"	004d7e10,
004db58b	string	\"UUTECHI\"	004d7e14,
004db593	string	\"UUALLYA\"	004d7e18,
004db59b	string	\"UUALLYB\"	004d7e1c,
004db5a3	string	\"UUALLYC\"	004d7e20,
004db5ab	string	\"UUALLYD\"	004d7e24,
004db5b3	string	\"UUALLYE\"	004d7e28,
004db5bb	string	\"UUALLYF\"	004d7e2c,
004db5c3	string	\"UUALLYG\"	004d7e30,
004db5cb	string	\"UUALLYH\"	004d7e34,
004db5d3	string	\"UUALLYI\"	004d7e38,
004db5db	string	\"UUALLYJ\"	004d7e3c,
004db5e3	string	\"UUALLYK\"	004d7e40,
004db5eb	string	\"UUALLYL\"	004d7e44,
004db5f3	string	\"UUALLYM\"	004d7e48,
004db5fb	string	\"UUALLYN\"	004d7e4c,
004db603	string	\"UUALLYO\"	004d7e50,
004db60b	string	\"UUPOLTA\"	004d7e54,
004db613	string	\"UUPOLTB\"	004d7e58,
004db61b	string	\"UUPOLTC\"	004d7e5c,
004db623	string	\"UUPOLTD\"	004d7e60,
004db62b	string	\"UUPOLTE\"	004d7e64,
004db633	string	\"UUHRSHA\"	004d7e68,
004db63b	string	\"UUHRSHB\"	004d7e6c,
004db643	string	\"UUHRSHC\"	004d7e70,
004db64b	string	\"UUHRSHD\"	004d7e74,
004db653	string	\"UUHRSHE\"	004d7e78,
004db65b	string	\"UUACPTA\"	004d7e7c,
004db663	string	\"UUACPTB\"	004d7e80,
004db66b	string	\"UUACPTC\"	004d7e84,
004db673	string	\"UUACPTD\"	004d7e88,
004db67b	string	\"UUACPTE\"	004d7e8c,
004db683	string	\"UUBREKA\"	004d7e90,
004db68b	string	\"UUBREKB\"	004d7e94,
004db693	string	\"UUBREKC\"	004d7e98,
004db69b	string	\"UUBREKD\"	004d7e9c,
004db6a3	string	\"UUBREKE\"	004d7ea0,
004db6ab	string	\"UUQUITA\"	004d7ea4,
004db6b3	string	\"UUQUITB\"	004d7ea8,
004db6bb	string	\"UUQUITC\"	004d7eac,
004db6c3	string	\"UUQUITD\"	004d7eb0,
004db6cb	string	\"UUQUITE\"	004d7eb4,
004db6d3	string	\"UUDAMAA\"	004d7eb8,
004db6db	string	\"UUDAMAB\"	004d7ebc,
004db6e3	string	\"UUDAMAC\"	004d7ec0,
004db6eb	string	\"UUDCDEA\"	004d7ec4,
004db6f3	string	\"UUDCDEB\"	004d7ec8,
004db6fb	string	\"UUDCDEC\"	004d7ecc,
004db703	string	\"UUWAITA\"	004d7ed0,
004db70b	string	\"UURSLTA\"	004d7ed4,
004db713	string	\"UURSLTB\"	004d7ed8,
004db71b	string	\"UUELIMD\"	004d7ee0,
004db723	string	\"UUELIMC\"	004d7ee4,
004db72b	string	\"UUELIMA\"	004d7ee8,
004db733	string	\"UUELIMB\"	004d7eec,
004db73b	string	\"UUELIMF\"	004d7ef0,
004db743	string	\"UUELIME\"	004d7ef4,
004db74b	string	\"UUDFTWA\"	004d7ef8,
004db753	string	\"UUDFTCA\"	004d7efc,
004db75b	string	\"UUDFTSA\"	004d7f00,
004db763	string	\"UUVICA\"	004d7f04,
004db76a	string	\"UUVICB\"	004d7f08,
004db771	string	\"UUCPGNA\"	004d7f0c,
004db779	string	\"UUCPGNB\"	004d7f10,
004db781	string	\"UUCPGNC\"	004d7f14,
004db789	string	\"UUCPGND\"	004d7f18,
004db791	string	\"UUCPGNE\"	004d7f1c,
004db799	string	\"UUCPGNF\"	004d7f20,
004db7a1	string	\"UUINSTA\"	004d7f24,
004db7a9	string	\"UUINSTB\"	004d7f28,
004db7b1	string	\"UUINSTC\"	004d7f2c,
004db7b9	string	\"UUINSTD\"	004d7f30,
004db7c1	string	\"UUINSTE\"	004d7f34,
004db7c9	string	\"UUINSTF\"	004d7f38,
004db7d1	string	\"UUINSTG\"	004d7f3c,
004db7d9	string	\"UUINSTH\"	004d7f40,
004db7e1	string	\"UUINSTI\"	004d7f44,
004db7e9	string	\"UUINSTJ\"	004d7f48,
004db7f1	string	\"UUINSTK\"	004d7f4c,
004db7f9	string	\"UUINSTL\"	004d7f50,
004db801	string	\"UUINSTM\"	004d7f54,
004db809	string	\"UUINSTN\"	004d7f58,
004db811	string	\"UUINSTO\"	004d7f5c,
004db819	string	\"UUINSTP\"	004d7f60,
004db821	string	\"UUINSTQ\"	004d7f64,
004db829	string	\"UUINSTR\"	004d7f68,
004db831	string	\"UUINSTS\"	004d7f6c,
004db839	string	\"UUINSTT\"	004d7f70,
004db841	string	\"UUINSTU\"	004d7f74,
004db849	string	\"UUINSTV\"	004d7f78,
004db851	string	\"UUINSTW\"	004d7f7c,
004db859	string	\"UUINSTX\"	004d7f80,
004db861	string	\"UUINSTY\"	004d7f84,
004db869	string	\"UUINSTZ\"	004d7f88,
004db871	string	\"UUINSTAA\"	004d7f8c,
004db87a	string	\"UUTHRTA\"	004d7f90,
004db882	string	\"UUTHRTB\"	004d7f94,
004db88a	string	\"UUTHRTC\"	004d7f98,
004db892	string	\"UUTHRTD\"	004d7f9c,
004db89a	string	\"UUTHRTE\"	004d7fa0,
004db8a2	string	\"UUTHRTF\"	004d7fa4,
004db8aa	string	\"UUTHRTG\"	004d7fa8,
004db8b2	string	\"UUTHRTH\"	004d7fac,
004db8ba	string	\"UUTHRTI\"	004d7fb0,
004db8c2	string	\"UUTHRTJ\"	004d7fb4,
004db8ca	string	\"UUTHRTK\"	004d7fb8,
004db8d2	string	\"UUTHRTL\"	004d7fbc,
004db8da	string	\"UUTHRTM\"	004d7fc0,
004db8e2	string	\"UUTHRTN\"	004d7fc4,
004db8ea	string	\"UUTHRTO\"	004d7fc8,
004db8f2	string	\"UUTHRTP\"	004d7fcc,
004db8fa	string	\"UUTHRTQ\"	004d7fd0,
004db902	string	\"UUTHRTR\"	004d7fd4,
004db90a	string	\"UUTHRTT\"	004d7fd8,
004db912	string	\"UUTHRTU\"	004d7fdc,
004db91a	string	\"UUTHRTV\"	004d7fe0,
004db922	string	\"UUTHRTW\"	004d7fe4,
004db92a	string	\"UUTHRTX\"	004d7fe8,
004db932	string	\"UUTHRTY\"	004d7fec,
004db93a	string	\"UUTHRTZ \"	004d7ff0,
004db943	string	\"UUTHRTAA\"	004d7ff4,
004db94c	string	\"UUBRAGA\"	004d7ff8,
004db954	string	\"UUBRAGB\"	004d7ffc,
004db95c	string	\"UUBRAGC\"	004d8000,
004db964	string	\"UUBRAGD\"	004d8004,
004db96c	string	\"UUBRAGE\"	004d8008,
004db974	string	\"UUBRAGF\"	004d800c,
004db97c	string	\"UUBRAGG\"	004d8010,
004db984	string	\"UUBRAGH\"	004d8014,
004db98c	string	\"UUBRAGI\"	004d8018,
004db994	string	\"UUBRAGK\"	004d801c,
004db99c	string	\"UUBRAGL\"	004d8020,
004db9a4	string	\"UUBRAGM\"	004d8024,
004db9ac	string	\"UUBRAGN\"	004d8028,
004db9b4	string	\"UUBRAGO\"	004d802c,
004db9bc	string	\"UUBRAGP\"	004d8030,
004db9c4	string	\"UUBRAGQ\"	004d8034,
004db9cc	string	\"UUBRAGR\"	004d8038,
004db9d4	string	\"UUBRAGS\"	004d803c,
004db9dc	string	\"UUBRAGT\"	004d8040,
004db9e4	string	\"UUBRAGU\"	004d8044,
004db9ec	string	\"UUBRAGV\"	004d8048,
004db9f4	string	\"UUBRAGW\"	004d804c,
004db9fc	string	\"UUBRAGX\"	004d8050,
004dba04	string	\"UUBRAGY\"	004d8054,
004dba0c	string	\"UUBRAGZ\"	004d8058,
004dba14	string	\"UUCMPTA\"	004d805c,
004dba1c	string	\"UUCMPTB\"	004d8060,
004dba24	string	\"UUCMPTC\"	004d8064,
004dba2c	string	\"UUCMPTD\"	004d8068,
004dba34	string	\"UUCMPTE\"	004d806c,
004dba3c	string	\"UUCMPTF\"	004d8070,
004dba44	string	\"UUCMPTJ\"	004d8074,
004dba4c	string	\"UUCMPTK\"	004d8078,
004dba54	string	\"UUCMPTL\"	004d807c,
004dba5c	string	\"UUCMPTM\"	004d8080,
004dba64	string	\"UUCMPTN\"	004d8084,
004dba6c	string	\"UUCMPTO\"	004d8088,
004dba74	string	\"UUCMPTP\"	004d808c,
004dba7c	string	\"UUCMPTQ\"	004d8090,
004dba84	string	\"UUCMPTR\"	004d8094,
004dba8c	string	\"UUCMPTT\"	004d8098,
004dba94	string	\"UUCMPTU\"	004d809c,
004dba9c	string	\"UUCMPTV\"	004d80a0,
004dbaa4	string	\"UUCMPTW\"	004d80a4,
004dbaac	string	\"UUCMPTX\"	004d80a8,
004dbab4	string	\"UUCMPTY\"	004d80ac,
004dbabc	string	\"UUCMPTZ\"	004d80b0,
004dbac4	string	\"UUCMPTAA\"	004d80b4,
004dbacd	string	\"UUPRSEA\"	004d80b8,
004dbad5	string	\"UUPRSEB\"	004d80bc,
004dbadd	string	\"UUPRSEC\"	004d80c0,
004dbae5	string	\"UUPRSED\"	004d80c4,
004dbaed	string	\"UUPRSEE\"	004d80c8,
004dbaf5	string	\"UUPRSEF\"	004d80cc,
004dbafd	string	\"UUPRSEG\"	004d80d0,
004dbb05	string	\"UUPRSEH\"	004d80d4,
004dbb0d	string	\"UUPRSEI\"	004d80d8,
004dbb15	string	\"UUPRSEJ\"	004d80dc,
004dbb1d	string	\"UUPRSEK\"	004d80e0,
004dbb25	string	\"UUPRSEL\"	004d80e4,
004dbb2d	string	\"UUPRSEM\"	004d80e8,
004dbb35	string	\"UUPRSEN\"	004d80ec,
004dbb3d	string	\"UUPRSEO\"	004d80f0,
004dbb45	string	\"UUPRSEP\"	004d80f4,
004dbb4d	string	\"UUPRSEQ\"	004d80f8,
004dbb55	string	\"UUPRSER\"	004d80fc,
004dbb5d	string	\"UUPRSES\"	004d8100,
004dbb65	string	\"UUPRSET\"	004d8104,
004dbb6d	string	\"UUCUSTA\"	004d8108,
004dbb75	string	\"UUCUSTB\"	004d810c,
004dbb7d	string	\"UUCUSTC\"	004d8110,
004dbb85	string	\"UUCUSTD\"	004d8114,
004dbb8d	string	\"UUCUSTE\"	004d8118,
004dbb95	string	\"UUCUSTF\"	004d811c,
004dbb9d	string	\"NNOPENA\"	004d8120,
004dbba5	string	\"NNOPENB\"	004d8124,
004dbbad	string	\"NNOPENC\"	004d8128,
004dbbb5	string	\"NNOPEND\"	004d812c,
004dbbbd	string	\"NNOPENE\"	004d8130,
004dbbc5	string	\"NNOPENF\"	004d8134,
004dbbcd	string	\"NNCATAA\"	004d8138,
004dbbd5	string	\"NNCATAB\"	004d813c,
004dbbdd	string	\"NNCATAC\"	004d8140,
004dbbe5	string	\"NNCATAD\"	004d8144,
004dbbed	string	\"NNCATAE\"	004d8148,
004dbbf5	string	\"NNCATAF\"	004d814c,
004dbbfd	string	\"NNCATAG\"	004d8150,
004dbc05	string	\"NNCATAH\"	004d8154,
004dbc0d	string	\"NNCATAI\"	004d8158,
004dbc15	string	\"NNCATAJ\"	004d815c,
004dbc1d	string	\"NNCATAK\"	004d8160,
004dbc25	string	\"NNCATAL\"	004d8164,
004dbc2d	string	\"NNCATAM\"	004d8168,
004dbc35	string	\"NNCATAN\"	004d816c,
004dbc3d	string	\"NNCATAO\"	004d8170,
004dbc45	string	\"NNCATAP\"	004d8174,
004dbc4d	string	\"NNCOLAA\"	004d8178,
004dbc55	string	\"NNCOLAB\"	004d817c,
004dbc5d	string	\"NNCOLAC\"	004d8180,
004dbc65	string	\"NNTERRA\"	004d8184,
004dbc6d	string	\"NNTERRB\"	004d8188,
004dbc75	string	\"NNLOOPA\"	004d818c,
004dbc7d	string	\"NNLOOPB\"	004d8190,
004dbc85	string	\"NNLOOPC\"	004d8194,
004dbc8d	string	\"NNEXITA\"	004d8198,
004dbc95	string	\"NNEXITB\"	004d819c,
004dbc9d	string	\"NNEXITC\"	004d81a0,
004dbca5	string	\"NNEXITD\"	004d81a4,
004dbcad	string	\"NNEXITE\"	004d81a8,
004dbcb5	string	\"NNEXITF\"	004d81ac,
004dbcbd	string	\"NNEXITG\"	004d81b0,
004dbcc5	string	\"NNEXITH\"	004d81b4,
004dbccd	string	\"SSHELLOA\"	004d81b8,
004dbcd6	string	\"SSHELLOB\"	004d81bc,
004dbcdf	string	\"SSHELLOC\"	004d81c0,
004dbce8	string	\"SSHELLOD\"	004d81c4,
004dbcf1	string	\"SSHELLOE\"	004d81c8,
004dbcfa	string	\"SSHELLOF\"	004d81cc,
004dbd03	string	\"SSHELLOG\"	004d81d0,
004dbd0c	string	\"SSHELLOH\"	004d81d4,
004dbd15	string	\"SSHELLOI\"	004d81d8,
004dbd1e	string	\"SSHELLOJ\"	004d81dc,
004dbd27	string	\"SSBLOWA\"	004d81e0,
004dbd2f	string	\"SSBLOWB\"	004d81e4,
004dbd37	string	\"SSBLOWC\"	004d81e8,
004dbd3f	string	\"SSBLOWD\"	004d81ec,
004dbd47	string	\"SSBLOWE\"	004d81f0,
004dbd4f	string	\"SSBLOWF\"	004d81f4,
004dbd57	string	\"SSBLOWG\"	004d81f8,
004dbd5f	string	\"SSBLOWH\"	004d81fc,
004dbd67	string	\"SSBLOWI\"	004d8200,
004dbd6f	string	\"SSBLOWJ\"	004d8204,
004dbd77	string	\"SSENTRA\"	004d8208,
004dbd7f	string	\"SSENTRB\"	004d820c,
004dbd87	string	\"SSENTRC\"	004d8210,
004dbd8f	string	\"SSENTRD\"	004d8214,
004dbd97	string	\"SSENTRE\"	004d8218,
004dbd9f	string	\"SSENTRF\"	004d821c,
004dbda7	string	\"SSENTRG\"	004d8220,
004dbdaf	string	\"SSENTRH\"	004d8224,
004dbdb7	string	\"SSENTRI\"	004d8228,
004dbdbf	string	\"SSENTRJ\"	004d822c,
004dbdc7	string	\"SSEXITA\"	004d8230,
004dbdcf	string	\"SSEXITB\"	004d8234,
004dbdd7	string	\"SSEXITC\"	004d8238,
004dbddf	string	\"SSEXITD\"	004d823c,
004dbde7	string	\"SSEXITE\"	004d8240,
004dbdef	string	\"SSEXITF\"	004d8244,
004dbdf7	string	\"SSEXITG\"	004d8248,
004dbdff	string	\"SSEXITH\"	004d824c,
004dbe07	string	\"SSEXITI\"	004d8250,
004dbe0f	string	\"SSEXITJ\"	004d8254,
004dbe17	string	\"%s\\nPlayer: %d Item: %d Data1: %d Data2: %d\"	FUN_00475048,
004dbe42	string	\"NULL building from FindBuildingByGlobalID, looking for: %X\"	FUN_004750c4,
004dbe7d	string	\"NULL army from FindArmyByGlobalID, looking for: %X\"	FUN_0047510c,
004dbeb0	string	\"Player Disconnected\"	FUN_004751d0,
004dbec4	string	\"Broadcast\"	FUN_004779c0,FUN_00475f80,FUN_00475344,
004dbece	string	\"Failed Move Unit ID #:%4X going to %s\"	NetMoveUnit,
004dbef4	string	\"NULL army in NetMoveUnit\"	NetMoveUnit,
004dbf0d	string	\"NULL army in NetDisbandUnit\"	NetDisbandUnit,
004dbf29	string	\"SyncDisbandUnit\"	SyncDisbandUnit,
004dbf39	string	\"Failed Create Building in NetStartConstruction\"	NetStartConstruction,
004dbf68	string	\"Id's didn't match for %s in NetStartConstruction, ID=%X, actual ID=%X\"	NetStartConstruction,
004dbfae	string	\"Invalid building in NetDemolishBuilding\"	NetDemolishBuilding,
004dbfd6	string	\"NULL building in NetReassignLabor\"	NetReassignLabor,
004dbff8	string	\"Owner mismatch in NetReassignLabor\"	NetReassignLabor,
004dc01b	string	\"Failed NetReassign Labor between %s and %s in %s -- Probably no big deal\"	NetReassignLabor,
004dc064	string	\"NULL building in NetReassignLaborByTask\"	NetReassignLaborByTask,
004dc08c	string	\"Owner mismatch in NetReassignLaborByTask\"	NetReassignLaborByTask,
004dc0b5	string	\"Failed NetReassignLaborByTask between %s and %s in %s -- could be ok\"	NetReassignLaborByTask,
004dc0fa	string	\"Null Building in NetBuildingTasks\"	NetBuildingTasks,
004dc11c	string	\"Null Building in NetBuildingFlags\"	NetBuildingFlags,
004dc13e	string	\"Error in Net Move Population!\"	FUN_0047636c,
004dc15c	string	\"Error in Net Transfer Materials.\"	FUN_004765e8,FUN_004766e8,
004dc17d	string	\"Error in NetBreakPact.\"	NetBreakPact,NetBreakPact_6a70,
004dc194	string	\"Error in NetMakePact.\"	NetMakePact,
004dc1aa	string	\"Null Army in Net Army Stats.\"	FUN_00476e80,
004dc1c7	string	\"Reseeded with seed %lX\"	FUN_0047733c,
004dc1de	string	\"SendSlaveInfo\"	SendSlaveInfo,
004dc1ec	string	\"SyncCreateUnit\"	SyncCreateUnit,
004dc1fb	string	\"SyncCreateBuilding\"	SyncCreateBuilding,
004dc20e	string	\"BroadcastDirect\"	BroadcastDirect,
004dc21e	string	\"SpecialBroadcast\"	SpecialBroadcast,
004dc22f	string	\"Text message being sent while dont process flag set.\"	BroadcastText,
004dc264	string	\"BroadcastText\"	BroadcastText,
004dc272	string	\"BroadcastBlock\"	BroadcastBlock,
004dc281	string	\"BroadcastBlockDirect\"	BroadcastBlockDirect,
004dc296	string	\"Unable to connect to the new game master.\"	FUN_004780e4,
004dc2c0	string	\"Master--Surrender\"	MasterDispatchNetMessage,
004dc2d2	string	\"Master--AbortGame\"	MasterDispatchNetMessage,
004dc2e4	string	\"MasterDispatchNetMessage\"	MasterDispatchNetMessage,
004dc304	string	\"NetGame.Sav\"	FUN_0047997c,FUN_00479b38,FUN_00479b38,
004dc314	string	\"ResetNetGame1\"	ResetNetGame,
004dc322	string	\"Net Load Error\"	ResetNetGame,
004dc331	string	\"Your race was not found in this game. you will not be able to continue.\"	ResetNetGame,
004dc379	string	\"ResetNetGame2\"	ResetNetGame,
004dc38e	string	\"Error Saving Block\"	FUN_00479a88,FUN_00479ee0,
004dc3a6	string	\"maps\\\\\"	FUN_00479de4,
004dc3ac	string	\"net_map.xfer\"	FUN_00479de4,
004dc3c8	string	\"CHECKSUM.SAV\"	CalculateGameCRC,CalculateGameCRC,CalculateGameCRC,CalculateGameCRC,CalculateGameCRC,CalculateGameCRC,CalculateGameCRC,CalculateGameCRC,CalculateGameCRC,CalculateGameCRC,CalculateGameCRC,CalculateGameCRC,CalculateGameCRC,CalculateGameCRC,CalculateGameCRC,CalculateGameCRC,CalculateGameCRC,CalculateGameCRC,CalculateGameCRC,CalculateGameCRC,CalculateGameCRC,CalculateGameCRC,CalculateGameCRC,CalculateGameCRC,CalculateGameCRC,CalculateGameCRC,CalculateGameCRC,CalculateGameCRC,CalculateGameCRC,CalculateGameCRC,CalculateGameCRC,CalculateGameCRC,CalculateGameCRC,CalculateGameCRC,CalculateGameCRC,CalculateGameCRC,CalculateGameCRC,004dc3bc,
004dc3d5	string	\"CalculateGameCRC\"	CalculateGameCRC,
004dc3e6	string	\"SyncGame\"	SynchronizeGame,
004dc3ef	string	\"Sent game state to player %d\"	FUN_0047b4ac,
004dc40c	string	\"SendTerritoryData\"	SendTerritoryData,SendTerritoryData,
004dc41e	string	\"NetStartState\"	NetStartState,
004dcad8	string	\"Plague\"	FUN_0047cb74,FUN_0047cb74,FUN_0047cb74,
004dcadf	string	\"Happy\"	FUN_0047cdd8,
004dcae5	string	\"Bonus\"	FUN_0047ce94,
004dcaeb	string	\"Bonus2\"	FUN_0047ce94,
004dcaf2	string	\"NoBonus\"	NoBonus,
004dcafa	string	\"NoBonus2\"	NoBonus,
004dcb03	string	\"Natives\"	FUN_0047cf9c,
004dcb0b	string	\"Natives2\"	FUN_0047cf9c,
004dcb14	string	\"Earthquake2\"	FUN_0047d068,
004dcb20	string	\"Flood\"	FUN_0047d1e0,
004dcb26	string	\"Earthquake\"	FUN_0047d288,
004dcb36	string	\"Not enough room to Log skirineen event.\"	FUN_0047d3d8,
004dcb5e	string	\"Scandal\"	FUN_0047d49c,
004dcb66	string	\"Scandal2\"	FUN_0047d49c,
004dcb6f	string	\"Scandal3\"	FUN_0047d49c,
004dcb78	string	\"Scandal4\"	FUN_0047d49c,
004dcb81	string	\"Scandal5\"	FUN_0047d49c,
004dcb8a	string	\"CreateRandomEvents1\"	CreateRandomEvents,
004dcb9e	string	\"CreateRnd\"	CreateRandomEvents,
004dcba8	string	\"CreateRnd2\"	CreateRandomEvents,
004dcbb3	string	\"CreateRandomEvents2\"	CreateRandomEvents,
004dcddc	string	\"Null pointer in DrawSTileBuilding!\"	DrawSTileBuilding,
004dce20	string	\"SPRITENW.DAT\"	FUN_004818ac,
004dce30	string	\"Mini Ter\"	FUN_004824c4,
004dce9c	string	\"Invalid numerator or denominator in CalculatePlayersScores()\"	CalculatePlayersScores,
004dcf5c	string	\"SPRITENW.DAT\"	FUN_00483224,LoadPhaseSpriteFile,LoadGlobalSprites,
004dcf69	string	\"P Sprite\"	LoadPhaseSpriteFile,
004dcf72	string	\"G Sprite\"	LoadGlobalSprites,
004dcf7b	string	\"Invalid Heap in Load Phase Sprites\"	LoadPhaseSprites,
004dcf9e	string	\"Phase Sprite\"	LoadPhaseSprites,
004fd404	string	\"No Building\"	
004fd410	string	\"Housing\"	004f9dee,
004fd418	string	\"Apartment Complex\"	FUN_0041acf8,004f9e20,
004fd42a	string	\"Luxury Housing\"	
004fd439	string	\"Cloning Center\"	
004fd44d	string	\"Hydroponic Farm\"	
004fd45d	string	\"Food Replicator\"	
004fd46d	string	\"Surface Mine\"	
004fd47a	string	\"Mantle Drill\"	
004fd487	string	\"Sub Space Magnet\"	
004fd498	string	\"Nuclear Plant\"	
004fd4a6	string	\"Fusion Plant\"	
004fd4b3	string	\"Anti Matter Plant\"	
004fd4c5	string	\"Factory\"	
004fd4cd	string	\"Automated Factory\"	
004fd4df	string	\"Replication Station\"	
004fd4f3	string	\"Hospital\"	
004fd4fc	string	\"University\"	
004fd507	string	\"Tech Lab\"	
004fd510	string	\"Collective Tech Lab\"	
004fd524	string	\"Cultural Center\"	
004fd534	string	\"Museum\"	
004fd53b	string	\"Art Complex\"	
004fd547	string	\"Shipyard\"	
004fd550	string	\"Hydroport\"	
004fd55a	string	\"Airport\"	
004fd562	string	\"Military Airbase\"	
004fd573	string	\"Fuel Depot\"	
004fd57e	string	\"Laser Defense\"	
004fd58c	string	\"Flak Launcher\"	
004fd59a	string	\"Energy Defense\"	
004fd5a9	string	\"Anti Matter Defense\"	
004fd5bd	string	\"Missile Base\"	
004fd5ca	string	\"AntiColony Assault Silo\"	
004fd5e2	string	\"Military Training Center\"	
004fd5fb	string	\"Bunker\"	
004fd602	string	\"City Center\"	
004fd60e	string	\"Sea Platform\"	
004fd622	string	\"Torpedo Fort\"	
004fd62f	string	\"Kelp Farm\"	
004fd639	string	\"Tidal Energy Plant\"	
004fd64c	string	\"Tidal Vortex Generator\"	
004fd663	string	\"Weather Control Station\"	
004fd67b	string	\"Native Shrine\"	
004fd689	string	\"Hidden Shrine\"	
004fd697	string	\"Sea Shrine\"	
004fd6a2	string	\"No Unit\"	004faf7c,
004fd6aa	string	\"Laser Squad\"	
004fd6b6	string	\"SAM Trooper\"	
004fd6c2	string	\"Battle Trooper\"	
004fd6d1	string	\"Assault Trooper\"	
004fd6e1	string	\"Laser Cannon\"	
004fd6ee	string	\"Fusion Cannon\"	
004fd6fc	string	\"Disruptor Cannon\"	
004fd70d	string	\"Holocaust Cannon\"	
004fd71e	string	\"Turbo Wing Fighter\"	
004fd731	string	\"Starflare Bomber\"	
004fd742	string	\"Supernova Spyjet\"	
004fd753	string	\"Sea Transport\"	
004fd761	string	\"Shockwave Dreadnought\"	
004fd777	string	\"Shockwave Carrier\"	
004fd789	string	\"Command Corps\"	
004fd797	string	\"Scatterpack Warhead\"	
004fd7ab	string	\"Groundbreaker Warhead\"	
004fd7c1	string	\"Supernova Warhead\"	
004fd7d3	string	\"Militia\"	
004fd7db	string	\"Scout\"	FUN_004383a4,004fb2dc,
004fd7e1	string	\"Colonizer\"	
004fd7eb	string	\"Medic\"	
004fd7f5	string	\"Air Command\"	
004fd801	string	\"Destroyer\"	
004fd80b	string	\"Attack Submarine\"	
004fd81c	string	\"Sea Colonizer\"	
004fd82a	string	\"Sea Command\"	
004fd836	string	\"Flak Ship\"	
004fd840	string	\"Siege Cruiser\"	
004fd84e	string	\"Siege Missile\"	
004fd85c	string	\"Land Mine\"	
004fd866	string	\"Sea Mine\"	
004fd86f	string	\"Nothing\"	@CheatTechDialog$qqspvuiuil,004fbbc0,
004fd877	string	\"Advanced Medicine\"	@CheatTechDialog$qqspvuiuil,004fbbf2,
004fd889	string	\"Metallurgy\"	FindArtifact,FindArtifact,004fbc24,
004fd894	string	\"Nuclear Fusion\"	
004fd8a3	string	\"Electronics\"	
004fd8af	string	\"Shockwave Projector\"	
004fd8c8	string	\"Automation\"	
004fd8d3	string	\"Cloning\"	
004fd8db	string	\"Surface to Air Missiles\"	
004fd8f3	string	\"Synthetic Fertilizer\"	
004fd908	string	\"Neutrionic Fuel\"	
004fd918	string	\"Hoverway\"	
004fd921	string	\"Chaos Computers\"	
004fd931	string	\"Rocketry\"	
004fd93a	string	\"Molecular Bonding\"	
004fd94c	string	\"Zero Friction Hulls\"	
004fd960	string	\"Underwater Tracking\"	
004fd974	string	\"Advanced Structures\"	
004fd988	string	\"Endurium Mining\"	
004fd998	string	\"Starflare Bombs\"	
004fd9a8	string	\"Anti-Matter Containment\"	
004fd9c0	string	\"Targetting Computers\"	
004fd9d5	string	\"Proximity Detectors\"	
004fd9e9	string	\"Energy Deflectors\"	
004fd9fb	string	\"Ion Weapons\"	
004fda07	string	\"Power Cells\"	
004fda13	string	\"Anti-Matter Rifles\"	
004fda26	string	\"Triidium Processing\"	
004fda3a	string	\"Cortex Scanner\"	
004fda49	string	\"Orbital Surveillance\"	
004fda5e	string	\"Psi Helmet\"	
004fda69	string	\"Native Languages\"	
004fda7a	string	\"Vortex Emitters\"	
004fda8a	string	\"Food Replication\"	
004fda9b	string	\"Disruptor Beams\"	
004fdaab	string	\"Anti-Matter Deflectors\"	
004fdac2	string	\"Metal Replication\"	
004fdad4	string	\"Cloaking\"	
004fdadd	string	\"Assault Armor\"	
004fdaeb	string	\"Sub-Space Scanner\"	
004fdafd	string	\"Mesotronic Generators\"	
004fdb13	string	\"Advanced Cloaking\"	
004fdb25	string	\"Anti-Matter Beams\"	
004fdb37	string	\"Uncloaking\"	
004fdb42	string	\"Transporters\"	
004fdb4f	string	\"Time Dilation\"	
004fdb5d	string	\"No event.\"	004fc91a,
004fdb67	string	\"Our military forces are complaining about the low pay!  Raise more money soon or they will be only half as effective on the battlefield...\"	
004fdbf2	string	\"Our food supplies are depleted!  Many troops are starving.  They will fight at half strength unless you get food to them!\"	
004fdc6c	string	\"%s was forced to disband because we could not afford its upkeep.\"	
004fdcad	string	\"%s has earned enough combat experience to become a Veteran unit!\"	
004fdcee	string	\"%s's combat experience is quite impressive.  It has become one of your Elite military units.\"	
004fdd4b	string	\"Our troops are suppressing the rebelling colonists in %s.  They are going back to work, although there have been reports that some colonists still grumble against you...\"	
004fddf5	string	\"  %s is spying in %s.  Make good use of this secret information.\"	
004fde36	string	\"A %s patrol has found %s spying in %s.  Our spies were killed trying to flee.\"	
004fde84	string	\"A %s patrol uncloaked our %s inside the %s border. The unit suffered heavy damage and was unable to leave this territory.\"	
004fdefe	string	\"%s spies were caught gathering information in our settlement at %s.  They have been permanently removed from this planet.\"	
004fdf78	string	\"%s has stolen the engineering blueprints for %s technology!  The unit got past the security systems in a %s research facility in %s.\"	
004fdffd	string	\"%s has infiltrated a laboratory in %s. Unfortunately, the %s colony does not have any advanced technologies, so there was nothing for us to steal.\"	
004fe090	string	\"Our covert forces have lost contact with one of our scouts.  Enemy troops caught %s subverting morale in %s.\"	
004fe0fd	string	\"Some of our colonists were being mind controlled!  A %s spy has been caught using thought stimulators to spread dissent in %s.\"	
004fe17c	string	\"%s is undermining the morale of the %s colonists in %s.  Chaos and calamity may soon be upon them.  At least, let us hope so.\"	
004fe1fa	string	\"A %s spy could be lowering our colonist's morale in %s.  Perhaps military units should patrol this territory as a precaution.\"	
004fe278	string	\"Our shaman dance in %s coaxed the land to reveal one of its secrets.  We can now produce more %s in %s!\"	
004fe2e0	string	\"A %s spy might be contaminating our food production in %s.  You should send a patrolling unit there to make sure that this crop failure is normal and not being caused by artificial means.\"	
004fe39c	string	\"%s is poisoning the farm land in %s.  Hunger will soon turn this territory's colonists into starving wretches!\"	
004fe40b	string	\"Good news!  We stole some resources!  %s was able to grab %d %s from %s!\"	
004fe454	string	\"Enemy spies have ransacked our resource stockpile!  %d %s were stolen from our reserves at %s!\"	
004fe4b3	string	\"%s's sabotage mission was a success.  The bombs placed in the %s have destroyed the unit, giving enemy's military a major setback in %s !  Where will we strike next?\"	
004fe559	string	\"A terrorist spy may be planting bombs in %s!  Our %s just blew apart!  The investigation so far has not found a cause...\"	
004fe5d2	string	\"An unknown enemy spy sabotaged some of our missiles!  The missiles detonated in %s, damaging this settlement!\"	
004fe640	string	\"Our spies in %s sabotaged several of the %s missiles.  These missiles targeted key buildings in their own settlement.\"	
004fe6b6	string	\"Our Colonizer has established a new settlement in %s.\"	
004fe6ec	string	\"A Colonizer has been disbanded in %s.  100 new colonists have joined the workforce of this growing settlement.\"	
004fe75b	string	\"%s just finished all its necessary repairs.  Its damage gone, the unit is now ready for the front lines again.\"	
004fe7ca	string	\"%s has been given to the %s colony.  Their colony leader should be quite pleased with you now.\"	
004fe829	string	\"%s could not be transferred to the %s colony. You must either move it into a %s territory or a neutral territory.\"	
004fe89b	string	\"We got an arms shipment!  The %s colony just gave us this %s!  Now maybe our enemies will leave us alone.\"	
004fe905	string	\"%s ran out of fuel and crashed somewhere in %s.  There were no survivors.\"	
004fe952	string	\"Due to our non-aggression pact with the %s, our troops retreated from %s. Since no blood was shed our pact continues.\"	
004fe9c8	string	\"Great strategy, colony leader.  We have beaten off the defending %s forces! We now control %s.\"	
004fea27	string	\"Our defenses hold! Our %s forces have driven off the onslaught by the %s.\"	
004fea71	string	\"The %s colony has beaten back our forces. They have taken over %s.  Get it back from them soon.\"	
004fead1	string	\"Our attack on %s has been crushed. The defenses of the %s proved too strong for our armies.\"	
004feb2d	string	\"Our military has been repelled by the %s. We were not able to conquer %s.  This time.\"	
004feb83	string	\"We have achieved a great victory.  The %s colony has lost one of their prime territories -- their home territory!\"	
004febf5	string	\"Our home base military units suffered a terrible rout.  %s forces captured our home territory from them.\"	
004fec5e	string	\"The %s just pounded %s with a missile attack!  Do not let this assault go unpunished!\"	
004fecb4	string	\"As you commanded, colony leader, our missiles attacked %s.\"	
004fecef	string	\"The %s triggered our mines in %s\"	
004fed10	string	\"Our units in %s ran into mines laid by the %s\"	
004fed3e	string	\"Congratulations!  Our Command Corps have mind controlled %d %s.  They are now complacently obedient, ready to carry out your every order.\"	
004fedc8	string	\"Some of our forces were mind controlled by the %s and have joined their colony!  %d %s completely subverted, their minds irretrievably reconditioned.\"	
004fee5e	string	\"Despite enemy attempts at pushing us out, our forces still control %s.  What do you want to do with this territory?\"	
004feed2	string	\"The food reserves in %s have run out.  The colonists are starving.  They need food now!\"	
004fef2a	string	\"%s is desperately low on energy.  Some buildings may be forced to slow down their production until full power is restored.\"	
004fefa5	string	\"%s has reached its maximum population.\"	
004fefcc	string	\"The settlement in %s needs more housing complexes.  All the existing homes are filled, so there is no room for more colonists to settle in this territory.\"	
004ff067	string	\"%s technology has been thoroughly researched!  This technology is yours to use.  Congratulations, colony leader!\"	
004ff0d8	string	\"Our research facility is finished and completely operational.  We may now begin to develop new technologies.\"	
004ff145	string	\"Our research pact has made a breakthrough!  We have jointly developed %s technology!\"	
004ff19a	string	\"All our research assignments have been completed.  Please tell us what to research next!\"	
004ff1f3	string	\"We have been betrayed! The %s secretly ended the %s we had with them!  You should destroy both them and their deceitful leader.\"	
004ff273	string	\"%s has just been shipped from %s to %s.  This cost %d credits.\"	
004ff2b2	string	\"A blockade of %s has cut off our much needed shipments of %s!\"	
004ff2f0	string	\"A masterful art object has been created in %s, raising colonist morale in that territory.  It truly is an impressive work of art.\"	
004ff372	string	\"A new building is fully operational.  The %s has been finished in %s.\"	
004ff3b8	string	\"Repairs on the damaged %s in %s are finished.  The building's production is back to normal.\"	
004ff414	string	\"Our colonists have started construction on the %s in %s. It should be finished after a while.\"	
004ff472	string	\"The %s colony has a new City Center!  You may want to stop them from building more...\"	
004ff4c8	string	\"Our allies, the %s, have a new City Center!  Soon this planet will be ours!\"	
004ff514	string	\"Construction on the City Center in %s is complete.  The planet will be ours!\"	
004ff561	string	\"A new %s has been fully outfitted and armed in %s.  The military unit is waiting for its first order.\"	
004ff5c7	string	\"No units are being built in the %s. There are no more items left in its factories' queue.\"	
004ff621	string	\"The shipyards in %s are not building anything. Their queues are empty.\"	
004ff668	string	\"The %s airports are not making anything new. Their production queues are empty.\"	
004ff6b8	string	\"No more missiles are being made by %s missile bases. The production queues have emptied.\"	
004ff711	string	\"You'll need to enter more items in the %s City Center's production queue if you want more special units.\"	
004ff77a	string	\"%s can not make another %s until enough resources are gathered. No other units will be made before then.\"	
004ff7e3	string	\"The upgrade work on the %s in %s has been a success.  It is now a more efficient %s!\"	
004ff838	string	\"Our archaeologists in %s have discovered a hidden shrine!  New knowledge of the Ancients will be ours!\"	
004ff89f	string	\"Our allies, the %s, have discovered a hidden shrine in %s!  You may want to compliment them on their success.\"	
004ff90d	string	\"The vile %s have uncovered a hidden shrine in %s.  Capture it, colony leader, before they rob both the planet and us of its vital secrets...\"	
004ff99a	string	\"Our expedition in %s has found a secret cache of resources. %d %s have now been added to our stockpile.\"	
004ffa02	string	\"Our forces destroyed the shrine in %s! Several of our colonists have not taken this very well. Many wander the streets in absolute shock.\"	
004ffa8c	string	\"The uncompromising %s have reduced the shrine in %s to rubble!  All knowledge contained within this shrine is lost forever.\"	
004ffb08	string	\"An ancient database was discovered in %s.  It has given us the blueprints for %s technology!\"	
004ffb65	string	\"Riots have broken out all over our settlement in %s. Much damage has been done to this territory's %s !\"	
004ffbcd	string	\"There are fierce, bloody riots currently happening in %s.  The madness has killed %d colonists!\"	
004ffc2d	string	\"%d suppressed colonists from %s have left our colony.  They have joined the %s effort against us!\"	
004ffc8f	string	\"%d ill-treated colonists have defected from the %s colony.  They are working with our colonists at %s.\"	
004ffcf6	string	\"Here's a nice surprise.  The %s defectors brought us quite a gift -- %s technology!\"	
004ffd4a	string	\"The colonists in %s are getting very unhappy with you.  Do not ignore them or they will get agitated...\"	
004ffdb2	string	\"Riots may soon erupt in %s.  The colonists are massing in large groups and chanting derogatory remarks against you.  Do something quickly!\"	
004ffe3d	string	\"Raise more money and raise it soon.  The %s in %s has deserted our military because of the low pay!\"	
004ffea1	string	\"Please give us your new orders.  What will the next part of your strategy be?\"	
004ffeef	string	\"A major scandal is being whispered among the colonists in %s. They claim you were seen speaking to some Skirineen brigands. That is not true... is it?\"	
004fff86	string	\"%s has been hit by a killer plague.  %d colonists are dead.\\nA cure may be found in %d turns, but creating a Hospital will immediately spare your remaining colonists.\"	
0050002c	string	\"The plague in %s has finally been cured.  The field medics are all enjoying warm glasses of oooooomi.\"	
00500092	string	\"Migrating colonists from %s have spread the plague.  Many in %s are also dead!\"	
005000e1	string	\"The plague has spread from %s to %s. The death toll is rising!\"	
00500120	string	\"The crops in %s are infected with an unknown disease.  We have been forced to burn %d metric tons of food.\"	
0050018b	string	\"An earthquake has struck %s.  Our settlement there has suffered %s damage.\"	
005001d6	string	\"The %s settlement is covered in flood waters.  There is %s damage.\"	
00500219	string	\"Ion storms are raging in the upper atmosphere.  Orbital Surveillance Satellites cannot see the planet's surface this turn.\"	
00500294	string	\"A massive storm is creating tidal waves in several oceans.  All ships will have to stay docked this turn.\"	
005002fe	string	\"Solar flares from this planet's sun are messing up airplane navigation systems.  No aircraft may fly this turn.\"	
0050036e	string	\"Our earlier scans were apparently faulty.  The %s bonus in %s is not as large as our first survey claimed.  There is not actually a resource bonus in this square.\"	
00500411	string	\"There is a hurricane brewing near %s.  The colonists have all been alerted, as it may move inland.\"	
00500474	string	\"A hurricane has struck the coast in %s and has caused %s damage.  %d colonists are dead.\"	
005004cd	string	\"One of our sailors has spotted a horrific sea beast near %s.  Any ships traveling through this area may be in extreme danger.\"	
0050054b	string	\"A massive sea beast smashed a big hole in the hull of %s.  The ship is severely damaged.  This attack happened in %s.\"	
005005c1	string	\"The colonists in %s like the progress you are making with the colony.  They have donated %d extra credits for your treasury!  Spend it well.\"	
0050064e	string	\"A recent scan has discovered a new %s in %s.  Place the right building there and this bonus should really boost this resource's production.\"	
005006da	string	\"The natives admire our colony so much that %d of them have joined our colony in %s!  They are so amazing, because they seem to just fit right in with our other colonists.\"	
00500785	string	\"For some unknown reason, our population has exploded!  Is it romance, something in the oooooomi, or just strange luck?\"	
005007fc	string	\"Our infantry have become fervently loyal to you.  They will fight with intense patriotism!  Now would be a good time to attack our enemies...\"	
0050088a	string	\"The recent gentle rainstorms have increased our food and wood harvest.\"	
005008d1	string	\"We have substantiated reports that the %s and %s have met at an undisclosed location.  They have ended their conflict with each other and signed a new %s pact.\"	
00500971	string	\"Our enemies are crumbling on their own!  The %s have broken their %s with the %s!\"	
005009c3	string	\"The %s have attacked the %s in %s.\"	
005009e6	string	\"The %s settlement was flooded out because of tidal waves caused by a %s Sea Platform.  There is %s damage.\"	
00500a51	string	\"Our Sea Platform has caused floods in the %s colony. Their %s settlement has suffered %s\"	
00500aaa	string	\"We have caused incredibly rough weather to arise in %s. Our environmental changes apparently %s a %s that belonged to the %s!\"	
00500b28	string	\"We have jeopardized a major pact. Our environmental manipulation in %s unfortunately %s a %s -- a unit in the %s military! Perhaps if we explained that it was an accident?\"	
00500bd4	string	\"Now we have hurt ourselves. Our environmental manipulation in %s has %s our %s! What should we tell the colonists?\"	
00500c47	string	\"Disaster, colony leader!  Our %s was apparently %s in %s. The %s have buildings on a nearby Sea Platform that agitate the weather.\"	
00500cca	string	\"The %s colony has lost all its primary defenses; many of its buildings are in flames. All remaining colonists have escaped in their emergency spacecraft.\"	
00500d64	string	\"The %s colony has given up all claims to the planet.  Their colonists have left, and have apparently left for good.\"	
00500dd8	string	\"We lost the battle and enemy forces are ransacking our colony!  Rescue the wounded and save what you can!  WE MUST LEAVE THE PLANET RIGHT NOW!\"	
00500e67	string	\"The %s colony owns %d City Centers and has held them for one turn. Under the terms of the Compact of Gallius IV, we have lost all claims to this planet.\"	
00500f00	string	\"THIS PLANET IS OURS!  MORE KNOWLEDGE OF THE ANCIENT ONES WILL BE REVEALED!\"	
00500f4b	string	\"The %s colonies have all built the agreed upon number of City Centers and have held them for one turn.  The victory conditions have been increased to %d City Centers!  The conflict continues, colony leader.\"	
0050101a	string	\"WE CONTROL THIS WORLD!  Only our alliance remains, so we and the %s now share this planet!\"	
00501075	string	\"Sorry, Colony Leader, but your mission here is over. Too many shrines have been destroyed for us to complete our research. There is no reason for us and our opponents to remain on this planet. This has been an unfortunate violation of the Xythra Accord. Doubtless there will be an inquest into our actions...\"	
005011aa	string	\"Colony leader, the %s captured enough shrines to complete their research. They have already taken these discoveries off the planet, and so we must leave as well. Perhaps we can discover what they found out on the next planet...\"	
0050128e	string	\"CONGRATULATIONS!  Our shrine research here is complete, colony leader!  We have learned much about the Ancients.  Let's move on to the next planet and see what we can discover there.\"	
00501345	string	\"The %s colony have captured enough shrines to finish their research and win the planet!  You probably want to capture some of their shrines...\"	
005013d4	string	\"We now have enough shrines to finish our research. Hold onto them long enough, colony leader, and all the knowledge in these shrines will be ours and ours only!\"	
00501475	string	\"Time Expired.  Thank you for playing the Deadlock 2 Demo.\"	
005014af	string	\"It's no good, Commander. Recall our troops. The Tarth blew away the shrines. Operation Tayva is a failure.\"	
005015b8	string	\" a feat that will not be soon forgotten.\"	
005015e1	string	\"Nooooo!! Big star explode, soon. Us get out of here, now! You mucked up this fight real good.\"	
0050163f	string	\"It's over, Hive Imperius. The Maug colony has been crushed. We have failed our allies and the Queen.\"	
005016a4	string	\"Commander, we didn't collect the necessary %d %s. It looks like we won't be attending that big picnic on the Ancients' Homeworld. We've both had better days.\"	
00501742	string	\"All you needed to do was collect a cache of metals. Was that so much to ask? The Lu'ites will be wailing sorrowful songs, tonight.\"	
005017c5	string	\"We failed to establish a military pact with the %s!\"	
005017f9	string	\"Us got new thing to do. Destroy everything! Us okay with that.\"	
00501838	string	\"You've held enough shrines to win for %s. Victory is only %s away!\"	
0050187b	string	\"The %s are holding enough shrines to win.  Unless they are stopped, victory will be theirs in %s.\"	
005018dd	string	\"The %s have just landed a force in %s and entered the battle!\"	
0050191b	string	\"Your undefended territory was taken over by the %s.\"	
0050194f	string	\"Success! The mine field in %s has been eliminated by %s.\"	
00501988	string	\"%s in %s has been destroyed while trying to diffuse that region's mine field.\"	
005019d6	string	\"Our mines in %s have been disarmed by the %s\"	
00501a03	string	\"Our forces attacking %s encountered %s forces on their way to %s and were forces to retreat!\"	
00501a60	string	\"We have paid %d credits in maintenance costs for %d troopers.\"	
00501a9e	string	\"We have paid %d credits in maintenance costs for %d tanks.\"	
00501ad9	string	\"We have paid %d credits in maintenance costs for %d planes.\"	
00501b15	string	\"We have paid %d credits in maintenance costs for %d ships.\"	
00503e34	string	\"Black Forest\"	
00503e41	string	\"New Sherwood\"	
00503e4e	string	\"Dark Forest\"	
00503e5a	string	\"New Amazon\"	
00503e65	string	\"Bramble Wood\"	
00503e72	string	\"Big Bug Jungle\"	
00503e81	string	\"High Tree\"	
00503e8b	string	\"Greater Timber\"	
00503e9a	string	\"Timberland 7\"	
00503ea7	string	\"Leaf Grove\"	
00503eb2	string	\"Many Trees\"	
00503ebd	string	\"Great Scott Forest\"	
00503ed0	string	\"Weird Bird Glen\"	
00503ee0	string	\"Nowhere Wood\"	
00503eed	string	\"Nearly Oaks\"	
00503ef9	string	\"Large Forest\"	
00503f06	string	\"Shivering Timbers\"	
00503f18	string	\"Perennial Forest\"	
00503f29	string	\"Woods\"	
00503f2f	string	\"Beast Grove\"	
00503f3b	string	\"Woods of Death\"	
00503f4a	string	\"Unwise Woods\"	
00503f57	string	\"Glenwoods\"	
00503f61	string	\"Evergreen Forest\"	
00503f72	string	\"Laser Wood\"	
00503f7d	string	\"Holly Wood\"	
00503f88	string	\"Choketree Forest\"	
00503f99	string	\"Forest of Spheres\"	
00503fab	string	\"Your Basic Woods\"	
00503fbc	string	\"Newplace Woods\"	
00503fcb	string	\"Humble Woodlands\"	
00503fdc	string	\"Great Pulp Forest\"	
00503fee	string	\"Unremarkable Woods\"	
00504001	string	\"Transendental Glen\"	
00504014	string	\"Shadewoods Hollow\"	
00504026	string	\"101,347 Trees\"	
00504034	string	\"Great Hollow\"	
00504041	string	\"Small Trees\"	
0050404d	string	\"WoodPlace\"	
00504057	string	\"Spider Glen\"	
00504063	string	\"Underwoods\"	
0050406e	string	\"Spring Wood\"	
0050407a	string	\"A Forest\"	
00504083	string	\"Maple Forest\"	
00504090	string	\"Big Forest\"	
0050409b	string	\"Glen of Life\"	
005040a8	string	\"Cosmic Hollow\"	
005040b6	string	\"Some Woods\"	
005040c1	string	\"Maybe Forest\"	
005040ce	string	\"Bad Bark Glen\"	
005040dc	string	\"Tattoo Wood\"	
005040e8	string	\"The Trees of Hope\"	
005040fa	string	\"Trees of Fear\"	
00504108	string	\"Sarcasm Glen\"	
00504115	string	\"Mutant Wood\"	
00504121	string	\"Elbow Forest\"	
0050412e	string	\"Shadow Forest\"	
0050413c	string	\"Pothole Forest\"	
0050414b	string	\"Trees of Despair\"	
0050415c	string	\"Trees of Mirth\"	
0050416b	string	\"Trees of Yearning\"	
0050417d	string	\"Miracle Trees\"	
0050418b	string	\"Killplace Forest\"	
0050419c	string	\"Simple Woods\"	
005041a9	string	\"Ridge Hollow\"	
005041b6	string	\"Irontree Home\"	
005041c4	string	\"Lotsa Wood\"	
005041cf	string	\"Everywhere Wood\"	
005041df	string	\"Trees, Trees, Trees\"	
005041f3	string	\"Stump Forest\"	
00504200	string	\"Sleepy Hollow\"	
0050420e	string	\"No Way Woods\"	
0050421b	string	\"Bildgebark Place\"	
0050422c	string	\"Sludgebark Glen\"	
0050423c	string	\"New Forest\"	
00504247	string	\"Alien Elmwood\"	
00504255	string	\"Young Forest\"	
00504262	string	\"Ancient Woods\"	
00504270	string	\"Big Tree Hollow\"	
00504280	string	\"Tiny Tree Hollow\"	
00504291	string	\"Jia'Nu Smile Forest\"	
005042a5	string	\"Cho'rand Forest\"	
005042b5	string	\"Lu'ite Rest Woods\"	
005042c7	string	\"Ni'Rit'No Grove\"	
005042d7	string	\"Baleth Treeland\"	
005042e7	string	\"Yorg Woodlands\"	
005042f6	string	\"JpMt-P Forest\"	
00504304	string	\"Vog Trees\"	
0050430e	string	\"Forest of Shame\"	
0050431e	string	\"Ancient Forest\"	
0050432d	string	\"Gosta Tree Hills\"	
0050433e	string	\"Glen of Forever\"	
0050434e	string	\"Bunyan Forest\"	
0050435c	string	\"Bothersome Trees\"	
0050436d	string	\"Viper Wood\"	
00504378	string	\"Horror Woods\"	
00504385	string	\"Autumn Trees\"	
00504392	string	\"Mara Woodglen\"	
005043a0	string	\"Stinkroot Glen\"	
005043af	string	\"The Cracked Wood\"	
005043c0	string	\"Wonderful Trees\"	
005043d0	string	\"Trees With Fleas\"	
005043e1	string	\"Trees With Bees\"	
005043f1	string	\"Micro Forest\"	
005043fe	string	\"Ko'Jio Life Grove\"	
00504410	string	\"Qo'To'No Forest\"	
00504420	string	\"Bli'tu Glen\"	
0050442c	string	\"Ra'Vela Hollows\"	
0050443c	string	\"Tou'Oul Greens\"	
0050444b	string	\"Hu'Wy Woodlands\"	
0050445b	string	\"Ti'Ran Forest\"	
00504469	string	\"Li'To Woods\"	
00504475	string	\"Ru'Atha Woods\"	
00504483	string	\"T'Por Forest\"	
00504490	string	\"Chran'Pa Wood\"	
0050449e	string	\"Jara'Or Woodlands\"	
005044b0	string	\"Ki'Rin Wood\"	
005044bc	string	\"Re'ite Peace Grove\"	
005044cf	string	\"Copse of Rebirth\"	
005044e0	string	\"Moldy Woods\"	
005044ec	string	\"Wood Gra\"	
005044f5	string	\"Forest Blyph\"	
00504502	string	\"Badwoods\"	
0050450b	string	\"Forest Udge\"	
00504517	string	\"Bramblewood\"	
00504523	string	\"Stink Forest\"	
00504530	string	\"Bu Maeta Glen\"	
0050453e	string	\"Sludgewoods\"	
0050454a	string	\"Nik Nik Scumwoods\"	
0050455c	string	\"Ornut Rotwoods\"	
0050456b	string	\"Thirak Forest\"	
00504579	string	\"Rotting Woods\"	
00504587	string	\"DNA Woodhome\"	
00504594	string	\"The Seventh Wood\"	
005045a5	string	\"Rootpure Glen\"	
005045b3	string	\"The Shadow Wood\"	
005045c3	string	\"Jht-Jhtb Jungle\"	
005045d3	string	\"Prickle Woods\"	
005045e1	string	\"Wr-Wrg Forest\"	
005045ef	string	\"Gf-Gfr Woodland\"	
005045ff	string	\"Yt-Ytl Glenhollow\"	
00504611	string	\"Bw-Bwr Forest\"	
0050461f	string	\"Vct-Vcts Grove\"	
0050462e	string	\"Hn-Hnb Woodland\"	
0050463e	string	\"Pollen Forest\"	
0050464c	string	\"Nm-Nmn Wood\"	
00504658	string	\"Rough Wood\"	
00504663	string	\"Timeless Glen\"	
00504671	string	\"Boag Forest\"	
0050467d	string	\"Wog Forest\"	
00504688	string	\"Vob Snapwoods\"	
00504696	string	\"Scissor Forest\"	
005046a5	string	\"Mighty Groveland\"	
005046b6	string	\"Woodhills\"	
005046c0	string	\"Blackleaf Forest\"	
005046d1	string	\"Nop Greenwoods\"	
005046e0	string	\"Mopl Treefields\"	
005046f0	string	\"Yort Blue Woods\"	
00504700	string	\"Ill Forest\"	
0050470b	string	\"The Great Copse\"	
0050471b	string	\"Ungth Treeland\"	
0050472a	string	\"Victorious Woods\"	
0050473b	string	\"Many, Many Trees\"	
0050474c	string	\"Blue-Green Forest\"	
0050475e	string	\"Cherish Timberplace\"	
00504772	string	\"Ubo Vosta Copse\"	
00504782	string	\"Place of Divine Trees\"	
00504798	string	\"Aurawoods\"	
005047a2	string	\"Within Forest\"	
005047b0	string	\"Glowing Woods\"	
005047be	string	\"Lue Glenhollow\"	
005047cd	string	\"Bird Grovelands\"	
005047dd	string	\"Woodhollow\"	
005047e8	string	\"Fighting Forest\"	
005047f8	string	\"Fire Woodplace\"	
00504807	string	\"Darkwood 9\"	
00504812	string	\"Good Woods\"	
0050481d	string	\"Big Trunk Basin\"	
0050482d	string	\"Thunder Woods\"	
0050483b	string	\"Huge Forest\"	
00504847	string	\"Nice Place with Trees\"	
0050485d	string	\"Toothpick Woods\"	
0050486d	string	\"Berry Tree Forest\"	
0050487f	string	\"Sap Forest\"	
0050488a	string	\"Stale Root Woods\"	
0050489b	string	\"Grath Forest\"	
005048a8	string	\"Chop Chop Woods\"	
005048b8	string	\"Lumber Hills\"	
005048c5	string	\"Busted Woods\"	
005048d2	string	\"Wanka Woods\"	
005048de	string	\"Trees Are Here\"	
005048ed	string	\"Shallow Trees\"	
005048fb	string	\"Great Woods\"	
00504907	string	\"Silver Spoon Glen\"	
00504919	string	\"Grove of Beyond\"	
00504929	string	\"Tree Asylum\"	
00504935	string	\"Grove of Leaves\"	
00504945	string	\"Mambi Grove\"	
00504951	string	\"Speckled Grove\"	
00504960	string	\"Glen of Tomorrow\"	
00504971	string	\"Cold Forest\"	
0050497d	string	\"Guh Woodfields\"	
0050498c	string	\"Claw Forest\"	
00504998	string	\"Hoof Forest\"	
005049a4	string	\"Teeth Grove\"	
005049b0	string	\"Grassblade Glen\"	
005049c0	string	\"Not Normal Wood\"	
005049d0	string	\"Salt Glen\"	
005049da	string	\"Plush Grove\"	
005049e6	string	\"Patella Woods\"	
005049f4	string	\"Ulna Glen\"	
005049fe	string	\"Femur Woods\"	
00504a0a	string	\"A Spot With Trees\"	
00504a1c	string	\"Midnight Grove\"	
00504a2b	string	\"Tranquil Forest\"	
00504a3b	string	\"Better Wood\"	
00504a47	string	\"Woody Forest\"	
00504a54	string	\"Scrap Forest\"	
00504a61	string	\"Rain Forest\"	
00504a6d	string	\"Tree Trunk Glen\"	
00504a7d	string	\"Pine Woods\"	
00504a88	string	\"Wayward Glen\"	
00504a95	string	\"Glen of Stars\"	
00504aa3	string	\"Yount Treehills\"	
00504ab3	string	\"Scourgebark Trees\"	
00504ac5	string	\"Larch Woods\"	
00504ad1	string	\"Needle Glen\"	
00504add	string	\"Nearly Forest\"	
00504aeb	string	\"Pale Woods\"	
00504af6	string	\"Prickletree Grove\"	
00504b08	string	\"Fibula Forest\"	
00504b16	string	\"Dreamy Forest\"	
00504b24	string	\"BAS-89 Glen\"	
00504b30	string	\"Stalwart Wood\"	
00504b3e	string	\"Brittle Wood\"	
00504b4b	string	\"Breeze Copse\"	
00504b58	string	\"Glen of Horns\"	
00504b66	string	\"Sober Treeland\"	
00504b75	string	\"Minkle Woods\"	
00504b82	string	\"Mist Forest\"	
00504b8e	string	\"Feather Wood\"	
00504b9b	string	\"Calamity Woods\"	
00504baa	string	\"Vanity Glen\"	
00504bb6	string	\"Humid Forest\"	
00504bc3	string	\"Peaceful Wood\"	
00504bd1	string	\"Glen of Many Joys\"	
00504be3	string	\"Arga Leafglen\"	
00504bf1	string	\"Blackbranch Copse\"	
00504c03	string	\"Vine Forest\"	
00504c0f	string	\"Vertigo Glen\"	
00504c1c	string	\"Woods of Peace\"	
00504c2b	string	\"Hutzspa Hills\"	
00504c39	string	\"New Rock Mountains\"	
00504c4c	string	\"Crater Mountains\"	
00504c5d	string	\"Sky Steppe Hills\"	
00504c6e	string	\"Crumble Mountains\"	
00504c80	string	\"Five Moon Mountains\"	
00504c94	string	\"Asteroid Hills\"	
00504ca3	string	\"Mountains 1A-95\"	
00504cb3	string	\"Emerald Cliffs\"	
00504cc2	string	\"Highlands\"	
00504ccc	string	\"Sierra Nova Hills\"	
00504cde	string	\"Many Hills\"	
00504ce9	string	\"Green Snowcaps\"	
00504cf8	string	\"Gray Ridge Peaks\"	
00504d09	string	\"Black Hills\"	
00504d15	string	\"Stern Ridgelands\"	
00504d26	string	\"Eaglehome Highlands\"	
00504d3a	string	\"Gold Hills\"	
00504d45	string	\"New Ridge\"	
00504d4f	string	\"Great Mountains\"	
00504d5f	string	\"Lode Mountains\"	
00504d6e	string	\"Dark Badlands\"	
00504d7c	string	\"Fire Mountains\"	
00504d8b	string	\"Mud Mountains\"	
00504d99	string	\"Naboo Peaks\"	
00504da5	string	\"Diamond Hills\"	
00504db3	string	\"A Pretty Hilly Place\"	
00504dc8	string	\"Never Cross Hills\"	
00504dda	string	\"Lava Mountains\"	
00504de9	string	\"New Vale\"	
00504df2	string	\"Tremor Hills\"	
00504dff	string	\"Sky Mountains\"	
00504e0d	string	\"Fli'Ki Highlands\"	
00504e1e	string	\"Telepathy Hills\"	
00504e2e	string	\"Me'Yo Range\"	
00504e3a	string	\"Karma Hills\"	
00504e46	string	\"White Peaks\"	
00504e52	string	\"Xi'Ze Mountains\"	
00504e62	string	\"Unkind Hills\"	
00504e6f	string	\"Wi-Pa Range\"	
00504e7b	string	\"Lu'ite Mountains\"	
00504e8c	string	\"Vi'Le Hover Peaks\"	
00504e9e	string	\"Kuth Badlands\"	
00504eac	string	\"Floating Hills\"	
00504ebb	string	\"Aswarth Rain Hills\"	
00504ece	string	\"Disembodied Hills\"	
00504ee0	string	\"Spectrum Peaks\"	
00504eef	string	\"Dark Peaks\"	
00504efa	string	\"Hynr Hills\"	
00504f05	string	\"Jyth Peaklands\"	
00504f14	string	\"Foothills of Dread\"	
00504f27	string	\"Ilka Sludgehills\"	
00504f38	string	\"Darkstone Canyon\"	
00504f49	string	\"LgLg-q Hive Hills\"	
00504f5b	string	\"Queen Mountains\"	
00504f6b	string	\"HbHb-p Cliffs\"	
00504f79	string	\"Drone Mountains\"	
00504f89	string	\"JkJk-x Highlands\"	
00504f9a	string	\"NvNv-w Snowcaps\"	
00504faa	string	\"Stinger Hills\"	
00504fb8	string	\"MpMp-t Mountains\"	
00504fc9	string	\"Honey Mountains\"	
00504fd9	string	\"CxCx-p Mountains\"	
00504fea	string	\"Harshlands\"	
00504ff5	string	\"Vorg Hills\"	
00505000	string	\"Unwell Cliffs\"	
0050500e	string	\"Mighty Mountains\"	
0050501f	string	\"Laub Peaklands\"	
0050502e	string	\"Nuih Mountains\"	
0050503d	string	\"Bubble Hills\"	
0050504a	string	\"Mountains of Pain\"	
0050505c	string	\"Broken Craglands\"	
0050506d	string	\"Yorg Pale Hills\"	
0050507d	string	\"Unity Hills\"	
00505089	string	\"Revolution Pass\"	
00505099	string	\"Great Cause Snowhills\"	
005050af	string	\"Rally Peaks\"	
005050bb	string	\"Halo Mountains\"	
005050ca	string	\"Steam Hills\"	
005050d6	string	\"Isa Gotosa Craglands\"	
005050eb	string	\"High Garden Hills\"	
005050fd	string	\"Redemption Cliffs\"	
0050510f	string	\"Decision Hills\"	
0050511e	string	\"Snave Aad Cliffs\"	
0050512f	string	\"Uber Mountains\"	
0050513e	string	\"Big Rocks\"	
00505148	string	\"Rockhead Hills\"	
00505157	string	\"Tossrock Highlands\"	
0050516a	string	\"Smashed Up Hills\"	
0050517b	string	\"Competition Hills\"	
0050518d	string	\"Fist Mountains\"	
0050519c	string	\"Hungry Highlands\"	
005051ad	string	\"Great Stone Cliffs\"	
005051c0	string	\"Bad Fall Mountains\"	
005051d3	string	\"Black Char Hills\"	
005051e4	string	\"Rock Berry Hills\"	
005051f5	string	\"End Mountains\"	
00505203	string	\"High Hills\"	
0050520e	string	\"Crushed Mountains\"	
00505220	string	\"Hanging Mountains\"	
00505232	string	\"Hills of Horrors\"	
00505243	string	\"Jaka Highlands\"	
00505252	string	\"Steeplands\"	
0050525d	string	\"Brown Peaks\"	
00505269	string	\"Rolling Hills\"	
00505277	string	\"Avalanche Basin\"	
00505287	string	\"Broad Hills\"	
00505293	string	\"Grand Mountains\"	
005052a3	string	\"Iron Highlands\"	
005052b2	string	\"Arbor Highplace\"	
005052c2	string	\"Tough Ground\"	
005052cf	string	\"Slipping Mountains\"	
005052e2	string	\"Rock and Knoll Hills\"	
005052f7	string	\"Triple Peaks\"	
00505304	string	\"Seven Mountains\"	
00505314	string	\"Gippo Snowcaps\"	
00505323	string	\"Clear Mountains\"	
00505333	string	\"Dormant Mountains\"	
00505345	string	\"Peace Mountains\"	
00505355	string	\"Spring Hills\"	
00505362	string	\"Seething Hills\"	
00505371	string	\"Blood Mountains\"	
00505381	string	\"Mucus Mountains\"	
00505391	string	\"The Ageless Cliffs\"	
005053a4	string	\"Varga Cliffs\"	
005053b1	string	\"Morning Hills\"	
005053bf	string	\"Brown Craglands\"	
005053cf	string	\"Hubris Mountains\"	
005053e0	string	\"Endurium Hills\"	
005053ef	string	\"Frozen Mountains\"	
00505400	string	\"Monument Peaks\"	
0050540f	string	\"Clearbrook Hills\"	
00505420	string	\"Snowcaps of Smurd\"	
00505432	string	\"Big Basin\"	
0050543c	string	\"New Rushmore\"	
00505449	string	\"Calag Mountains\"	
00505459	string	\"Wonder Hills\"	
00505466	string	\"Crucible Mountains\"	
00505479	string	\"Terror Highlands\"	
0050548a	string	\"Red Ridge\"	
00505494	string	\"Ridge of Scars\"	
005054a3	string	\"Passion Mountains\"	
005054b5	string	\"Broken Cliffs\"	
005054c3	string	\"Urta Badlands\"	
005054d1	string	\"Lifespring Hills\"	
005054e2	string	\"Hopeless Ridge\"	
005054f1	string	\"Sam Hills\"	
005054fb	string	\"Simple Mountains\"	
0050550c	string	\"Gog Ridgeland\"	
0050551a	string	\"Mountains of Joy\"	
0050552b	string	\"Boulder Basin\"	
00505539	string	\"Dry Basin\"	
00505543	string	\"Stumble Hills\"	
00505551	string	\"Qua Mountains\"	
0050555f	string	\"Jarpa Ridge\"	
0050556b	string	\"Open Mountains\"	
0050557a	string	\"Fumble Clifflands\"	
0050558c	string	\"Burka Hills\"	
00505598	string	\"Yeti Snow Peaks\"	
005055a8	string	\"Birdview Ridge\"	
005055b7	string	\"Creber Alps\"	
005055c3	string	\"New Swiss Alps\"	
005055d2	string	\"High Alps\"	
005055dc	string	\"Death Alps\"	
005055e7	string	\"Sliding Mountains\"	
005055f9	string	\"Many Mountains\"	
00505608	string	\"Mammoth Hills\"	
00505616	string	\"Paradise Alps\"	
00505624	string	\"Hyper Ridge\"	
00505630	string	\"Jet Pack Hills\"	
0050563f	string	\"Ozone Mountains\"	
0050564f	string	\"Rhinestone Peaks\"	
00505660	string	\"Mangy Peaks\"	
0050566c	string	\"Starscrape Peaks\"	
0050567d	string	\"Skyview Mountains\"	
0050568f	string	\"Tall Mountains\"	
0050569e	string	\"Trophy Hills\"	
005056ab	string	\"Keystone Mountains\"	
005056be	string	\"Ridge of Doom\"	
005056cc	string	\"Big Pass Ridgehills\"	
005056e0	string	\"Star Hills\"	
005056eb	string	\"Blue Sky Cliffs\"	
005056fb	string	\"Random Mountains\"	
0050570c	string	\"Ancient Mountains\"	
0050571e	string	\"Crevice Ridge\"	
0050572c	string	\"Muddy Mountains\"	
0050573c	string	\"Nameless Hills\"	
0050574b	string	\"Mountains of Dread\"	
0050575e	string	\"Nu Hillplace\"	
0050576b	string	\"Several Hills\"	
00505779	string	\"Heartbreak Ridge\"	
0050578a	string	\"Metal Ridgehills\"	
0050579b	string	\"Skull Gorge\"	
005057a7	string	\"Rocky Bonelands\"	
005057b7	string	\"Creepy Mountains\"	
005057c8	string	\"Herka Ridge\"	
005057d4	string	\"Stupor Mountains\"	
005057e5	string	\"Too Many Hills\"	
005057f4	string	\"Overhang Mountains\"	
00505807	string	\"Broken Arm Hills\"	
00505818	string	\"Java Mountains\"	
00505827	string	\"Last Gasp Ridge\"	
00505837	string	\"BhBh-r Hills\"	
00505844	string	\"Ouch Ouch Hills\"	
00505854	string	\"Power Mountains\"	
00505864	string	\"Ridge of the Cosmos\"	
00505878	string	\"Somewhere Ridge\"	
00505888	string	\"New Yucca Peaks\"	
00505898	string	\"Urp Snowpeaks\"	
005058a6	string	\"Seamless Hills\"	
005058b5	string	\"Prism Highlands\"	
005058c5	string	\"Green Moon Ridge\"	
005058d6	string	\"Eternal Peaks\"	
005058e4	string	\"Monster Peaks\"	
005058f2	string	\"A Rocky Place\"	
00505900	string	\"Krup Hillplace\"	
0050590f	string	\"Canyon of Love\"	
0050591e	string	\"Huba Canyon\"	
0050592a	string	\"Little Rock Canyon\"	
0050593d	string	\"Red Rock Canyon\"	
0050594d	string	\"Dare Mountains\"	
0050595c	string	\"Failure Hills\"	
0050596a	string	\"Happy Badlands\"	
00505979	string	\"Get Lost Hills\"	
00505988	string	\"Jumble Highlands\"	
00505999	string	\"Marble Mountains\"	
005059aa	string	\"Bird Cliffs\"	
005059b6	string	\"Naval Mountains\"	
005059c6	string	\"Caveless Hills\"	
005059d5	string	\"Good Cheer Cliffs\"	
005059e7	string	\"Purpose Hills\"	
005059f5	string	\"New Shasta Peaks\"	
00505a06	string	\"Treeless Peaks\"	
00505a15	string	\"Splat Mountains\"	
00505a25	string	\"Drudge Hills\"	
00505a32	string	\"Crude Basin\"	
00505a3e	string	\"Glimmer Hills\"	
00505a4c	string	\"Skin Mountains\"	
00505a5b	string	\"Hard Luck Hills\"	
00505a6b	string	\"Glee Snowpeaks\"	
00505a7a	string	\"Crimson Hills\"	
00505a88	string	\"Blue Ridge Peaks\"	
00505a99	string	\"Shadow Peaks\"	
00505aa6	string	\"Gray Bonehills\"	
00505ab5	string	\"Magma Ridge\"	
00505ac1	string	\"Humble Ridge\"	
00505ace	string	\"Very High Cliffs\"	
00505adf	string	\"Echo Hills\"	
00505aea	string	\"Fester Mountains\"	
00505afb	string	\"Lug HighPlace\"	
00505b09	string	\"Uff-da Mountains\"	
00505b1a	string	\"Lava Canyon\"	
00505b26	string	\"Mosquito Marsh\"	
00505b35	string	\"Stenchgas Bog\"	
00505b43	string	\"Deadwater Marsh\"	
00505b53	string	\"Dreary Marsh\"	
00505b60	string	\"Brightflower Swamp\"	
00505b73	string	\"Great Salt Bog\"	
00505b82	string	\"Snakebite Wash\"	
00505b91	string	\"New Everglades\"	
00505ba0	string	\"Ooze Swamp\"	
00505bab	string	\"New New Orleans\"	
00505bbb	string	\"Nessie's Fen\"	
00505bc8	string	\"Venice Swamp\"	
00505bd5	string	\"Pricklegrass Bog\"	
00505be6	string	\"Strangleweed Wash\"	
00505bf8	string	\"Badwater Marsh\"	
00505c07	string	\"Morass\"	
00505c0e	string	\"Waterpit Swamp\"	
00505c1d	string	\"Coomber Peat Bog\"	
00505c2e	string	\"Swamp RS-16\"	
00505c3a	string	\"Lost Wretches Swamp\"	
00505c4e	string	\"Bildgewater Bog\"	
00505c5e	string	\"Marshland 67-10\"	
00505c6e	string	\"Quagmire 42\"	
00505c7a	string	\"Dead Swamp\"	
00505c85	string	\"Fever Bog\"	
00505c8f	string	\"Madness Fen\"	
00505c9b	string	\"Bait Swamp\"	
00505ca6	string	\"Swamp Cardiss\"	
00505cb4	string	\"Dogbreath Wetlands\"	
00505cc7	string	\"Shadyswim Fen\"	
00505cd5	string	\"Deadmens' Swamp\"	
00505ce5	string	\"Hu'Ke Strange Bog\"	
00505cf7	string	\"Swamp Jy'Le\"	
00505d03	string	\"Bliss Marsh\"	
00505d0f	string	\"Lo'Pa Swamp\"	
00505d1b	string	\"Ka'Ma Swamp\"	
00505d27	string	\"Op'Ke Morass\"	
00505d34	string	\"Same Old Swamp\"	
00505d43	string	\"Na'Ve Bog\"	
00505d4d	string	\"Un'Mi Fire Swamp\"	
00505d5e	string	\"Go'Pa Gas Swamp\"	
00505d6e	string	\"Druuze Fen\"	
00505d79	string	\"Nyws Quagmire\"	
00505d92	string	\"Quagmire of Misery\"	
00505da5	string	\"Dark Bliss Swamp\"	
00505db6	string	\"Ryth Kli Morass\"	
00505dc6	string	\"Notyt Slough\"	
00505dd3	string	\"Fleshrot Swamp\"	
00505de2	string	\"Bog Home\"	
00505deb	string	\"Darkroot Bog\"	
00505df8	string	\"PlPl-k Oilbog\"	
00505e06	string	\"Swamp ThTh-p\"	
00505e13	string	\"SdSd-t Marsh\"	
00505e20	string	\"Jmd-jmd-f Marsh\"	
00505e30	string	\"Wet Marsh\"	
00505e3a	string	\"Hnm-Hnm-l Swamp\"	
00505e4a	string	\"Bug Swamp\"	
00505e54	string	\"FgFg-r Morass\"	
00505e62	string	\"BtBt-t Swamp\"	
00505e6f	string	\"Quagmire 4589\"	
00505e7d	string	\"The Fen\"	
00505e85	string	\"VrVr-W Fly Bog\"	
00505e94	string	\"Claw Swamp\"	
00505e9f	string	\"Bacteria Basin\"	
00505eae	string	\"Stenchswamp\"	
00505eba	string	\"Pog Swamp\"	
00505ec4	string	\"Delta Beal\"	
00505ecf	string	\"Rash Wetlands\"	
00505edd	string	\"Bog of Wishes\"	
00505eeb	string	\"Bog of the 37 Oils\"	
00505efe	string	\"No Heal Marsh\"	
00505f0c	string	\"Mighty Maug Bog\"	
00505f1c	string	\"Ache Swamp\"	
00505f27	string	\"Jeox Float Swamp\"	
00505f38	string	\"Nniwk Luap Fen\"	
00505f47	string	\"New Start Marsh\"	
00505f57	string	\"Hope Wetlands\"	
00505f65	string	\"Ever Divine Swamp\"	
00505f77	string	\"Ura Vilt Marshland\"	
00505f8a	string	\"Peaceful Waterland\"	
00505f9d	string	\"Opportunity Bog\"	
00505fad	string	\"Happiness Morass\"	
00505fbe	string	\"Ope Baltum Marsh\"	
00505fcf	string	\"Singing Bog\"	
00505fdb	string	\"Feetsink Marsh\"	
00505fea	string	\"Big Trouble Bog\"	
00505ffa	string	\"Power Marsh\"	
00506006	string	\"Bad Sting Bog\"	
00506014	string	\"Egg Swamp\"	
0050601e	string	\"Stubtoe Swamp\"	
0050602c	string	\"Nig Bog\"	
00506034	string	\"Pretty Good Bog\"	
00506044	string	\"Kram Bog\"	
0050604d	string	\"Barth Swamp\"	
00506059	string	\"Ouch Bog\"	
00506062	string	\"Bildge Swamp\"	
0050606f	string	\"Bi Wetlands\"	
0050607b	string	\"Tuk Wetlands\"	
00506088	string	\"Bubble Morass\"	
00506096	string	\"Scab Swamp\"	
005060a1	string	\"Shallow Fen\"	
005060ad	string	\"Urpta Fen\"	
005060b7	string	\"Teeth Bog\"	
005060c1	string	\"Muckplace\"	
005060cb	string	\"Brunkle Fen\"	
005060d7	string	\"Nit Quagmire\"	
005060e4	string	\"Nult Delta\"	
005060ef	string	\"Madness Marsh\"	
005060fd	string	\"Silka Bog\"	
00506107	string	\"Steamy Marsh\"	
00506114	string	\"Algae Fen\"	
0050611e	string	\"Skulk Fen\"	
00506128	string	\"Blackwater Marsh\"	
00506139	string	\"A Marsh\"	
00506141	string	\"Swamp of the Lost\"	
00506153	string	\"Flower Bog\"	
0050615e	string	\"Harga Wetlands\"	
0050616d	string	\"Nice Swamp\"	
00506178	string	\"Dry Swamp\"	
00506182	string	\"Jaka Mudpits\"	
0050618f	string	\"Green Mudpits\"	
0050619d	string	\"Teal Mudpits\"	
005061aa	string	\"Traca Wetplace\"	
005061b9	string	\"Big Swamp\"	
005061c3	string	\"Yuck Bog\"	
005061cc	string	\"Ish-ta  Bog\"	
005061d8	string	\"Low Bog\"	
005061e0	string	\"Fever Morass\"	
005061ed	string	\"Ill Marsh\"	
005061f7	string	\"Wonder Bog\"	
00506202	string	\"Fen of Dreams\"	
00506210	string	\"Rootrot Bog\"	
0050621c	string	\"Poe Marshplace\"	
0050622b	string	\"Malady Fen\"	
00506236	string	\"Squishy Bog\"	
00506242	string	\"Not So Bad Bog\"	
00506251	string	\"Gobble Fen\"	
0050625c	string	\"Cupa Marsh\"	
00506267	string	\"Greenwater Bog\"	
00506276	string	\"Protest Bog\"	
00506282	string	\"Mad Marsh\"	
0050628c	string	\"Bog of Hope\"	
00506298	string	\"Hopeless Swamp\"	
005062a7	string	\"Stunted Marsh\"	
005062b5	string	\"Bigfish Mudpits\"	
005062c5	string	\"Quagmire Place\"	
005062d4	string	\"Squeaky Shoe Bog\"	
005062e5	string	\"Simpering Fen\"	
005062f3	string	\"Bird Swamp\"	
005062fe	string	\"Moonstruck Fen\"	
0050630d	string	\"Marsh Gas Place\"	
0050631d	string	\"Freckle Bog\"	
00506329	string	\"Nuta Marsh\"	
00506334	string	\"Joyful Bog\"	
0050633f	string	\"Snag Bog\"	
00506348	string	\"Somewhere Fen\"	
00506356	string	\"Sunken Bog\"	
00506361	string	\"Deep Mudplace\"	
0050636f	string	\"Creature Bog\"	
0050637c	string	\"Fen of Humidity\"	
0050638c	string	\"Fruit Fly Bog\"	
0050639a	string	\"Brackwater Fen\"	
005063a9	string	\"Blasted Marsh\"	
005063b7	string	\"Lari Wetplace\"	
005063c5	string	\"A Decent Swamp\"	
005063d4	string	\"Overgrown Marsh\"	
005063e4	string	\"Daranga Bog\"	
005063f0	string	\"Deep Green Bog\"	
005063ff	string	\"Briar Swampland\"	
0050640f	string	\"Ipo Marsh\"	
00506419	string	\"Bup Quagmire\"	
00506426	string	\"Varusk Morass\"	
00506434	string	\"Tar Bog\"	
0050643c	string	\"Ti Mudplace\"	
00506448	string	\"Sludge Fen\"	
00506453	string	\"Sloopy Bog\"	
0050645e	string	\"Fetid Swamp\"	
0050646a	string	\"Onta Marsh\"	
00506475	string	\"Bog Re'Ma\"	
0050647f	string	\"Ya Ya Bog\"	
00506489	string	\"Zur Bogplace\"	
00506496	string	\"Marsh Turbo\"	
005064a2	string	\"Quicksand Fen\"	
005064b0	string	\"Quagmire of Ills\"	
005064c1	string	\"Quagmire of Joy\"	
005064d1	string	\"Xa Wetlands\"	
005064dd	string	\"Bog of Soggy Mud\"	
005064ee	string	\"Violet Marsh\"	
005064fb	string	\"Marsh Buto\"	
00506506	string	\"Na Na Fenplace\"	
00506515	string	\"Inte Morass\"	
00506521	string	\"Bog Teb\"	
00506529	string	\"Klima Fen\"	
00506533	string	\"Urna Boglands\"	
00506541	string	\"Bogland of Kurla\"	
00506552	string	\"Fertile Marshland\"	
00506564	string	\"Gurnk Swamp\"	
00506570	string	\"Kepler Swamplands\"	
00506582	string	\"New Swamp\"	
0050658c	string	\"Groto Fen\"	
00506596	string	\"Fen of Good Will\"	
005065a7	string	\"Quo Quagmire\"	
005065b4	string	\"Strato Bog\"	
005065bf	string	\"Swamp of Grief\"	
005065ce	string	\"Happy Fen\"	
005065d8	string	\"Land of Muck\"	
005065e5	string	\"Kneedeep Swamp\"	
005065f4	string	\"Too Deep Bog\"	
00506601	string	\"Trabo Fenplace\"	
00506610	string	\"Scumwater Bog\"	
0050661e	string	\"Purple Scum Bog\"	
0050662e	string	\"Swamp of Joys\"	
0050663c	string	\"Swamp of Life\"	
0050664a	string	\"Brutehome Fen\"	
00506658	string	\"Rog Fen\"	
00506660	string	\"Great Swamp\"	
0050666c	string	\"Delta Swamp\"	
00506678	string	\"Daga Boglands\"	
00506686	string	\"DaDa Marsh\"	
00506691	string	\"Harble Bog\"	
0050669c	string	\"Bog of Slimy Things\"	
005066b0	string	\"Messy Quagmire\"	
005066bf	string	\"Slime Bog\"	
005066c9	string	\"Lovely Swamp\"	
005066d6	string	\"Wetlands of Hope\"	
005066e7	string	\"Fog Bog\"	
005066ef	string	\" Immaculate Bog\"	
005066ff	string	\"Bog of Energy\"	
0050670d	string	\"Bleeding Swamp\"	
0050671c	string	\"Swamp of Thorns\"	
0050672c	string	\"Jota Bug Swamp\"	
0050673b	string	\"Pretty Nice Bog\"	
0050674b	string	\"Harsh Marsh\"	
00506757	string	\"RtRt-k Marsh\"	
00506764	string	\"Marshlands of Xu\"	
00506775	string	\"Qui Wetplace\"	
00506782	string	\"Tilted Fern Swamp\"	
00506794	string	\"Energy Swamp\"	
005067a1	string	\"Olta Bog\"	
005067aa	string	\"Nulta Marshplace\"	
005067bb	string	\"Mud Swamp\"	
005067c5	string	\"Minta Bog\"	
005067cf	string	\"Poz Swamp\"	
005067d9	string	\"High Voltage Bog\"	
005067ea	string	\"Bog of Shame\"	
005067f7	string	\"Sticky Fenplace\"	
00506807	string	\"Leech Swamp\"	
0050681d	string	\"Purgo Swamp\"	
00506829	string	\"Jik Marsh\"	
00506833	string	\"Marshland Veta\"	
00506842	string	\"Deep Sea\"	
0050684b	string	\"Blue Sea\"	
00506854	string	\"Wilka Sea\"	
0050685e	string	\"Flotsom Sea\"	
0050686a	string	\"Jet Sea\"	
00506872	string	\"Green Sea\"	
0050687c	string	\"Shallow Sea\"	
00506888	string	\"Deep Blue Sea\"	
00506896	string	\"Andian Sea\"	
005068a1	string	\"Terran Sea\"	
005068ac	string	\"Cruel Sea\"	
005068b6	string	\"Divine Sea\"	
005068c1	string	\"Calm Sea\"	
005068ca	string	\"Dead Ocean\"	
005068d5	string	\"Lifespring Sea\"	
005068e4	string	\"Primordial Sea\"	
005068f3	string	\"Black Sea\"	
005068fd	string	\"Al-Cht Sea\"	
00506908	string	\"Sunken Sea\"	
00506913	string	\"Corpus Sea\"	
0050691e	string	\"Incredible Ocean\"	
0050692f	string	\"Rocky Sea\"	
00506939	string	\"Cold Sea\"	
00506942	string	\"Turkas Gulf\"	
0050694e	string	\"Gulf of Pain\"	
0050695b	string	\"Gulf of Peace\"	
00506969	string	\"Bunga Gulf\"	
00506974	string	\"Carga Gulf\"	
0050697f	string	\"Mighty Ocean\"	
0050698c	string	\"Pretty Big Ocean\"	
0050699d	string	\"Teal Ocean\"	
005069a8	string	\"Somber Ocean\"	
005069b5	string	\"Purge Ocean\"	
005069c1	string	\"Big Hunka Ocean\"	
005069d1	string	\"Sea of Love\"	
005069dd	string	\"Red Sea\"	
005069e5	string	\"Monster Ocean\"	
005069f3	string	\"Pretty Deep Sea\"	
00506a03	string	\"Launk Depths\"	
00506a10	string	\"Frankle Ocean\"	
00506a1e	string	\"Plain Ocean\"	
00506a2a	string	\"Ocean of Blood\"	
00506a39	string	\"Gulf of Sommu\"	
00506a47	string	\"Flowing Sea\"	
00506a53	string	\"Gulf of Tuka\"	
00506a60	string	\"Seven Skies Ocean\"	
00506a72	string	\"Horrible Ocean\"	
00506a81	string	\"Fifth Sea\"	
00506a8b	string	\"Bedlam Sea\"	
00506a96	string	\"Simple Gulf\"	
00506aa2	string	\"Huge Sea\"	
00506aab	string	\"Future Ocean\"	
00506ab8	string	\"Tarp Waters\"	
00506ac4	string	\"Waters of Dread\"	
00506ad4	string	\"Ocean of Eez\"	
00506ae1	string	\"Nosta Sea\"	
00506aeb	string	\"Rota Depths\"	
00506af7	string	\"Big Fish Sea\"	
00506b04	string	\"Gulf of Tiny Fish\"	
00506b16	string	\"Brute Ocean\"	
00506b22	string	\"Ichthy Ocean\"	
00506b2f	string	\"New Pacific Ocean\"	
00506b41	string	\"Batlantic Sea\"	
00506b4f	string	\"Medit Ocean\"	
00506b5b	string	\"Sea of Wonders\"	
00506b6a	string	\"Yellow Ocean\"	
00506b77	string	\"Gulf of Humter\"	
00506b86	string	\"Gulf of Fear\"	
00506b93	string	\"Blue Gill Sea\"	
00506ba1	string	\"Black Gill Sea\"	
00506bb0	string	\"Starry Sea\"	
00506bbb	string	\"Qua Ocean\"	
00506bc5	string	\"Second Sea\"	
00506bd0	string	\"Seventh Sea\"	
00506bdc	string	\"Beal Ocean\"	
00506be7	string	\"Calm Waters\"	
00506bf3	string	\"Hurricane Ocean\"	
00506c03	string	\"New Bermuda Sea\"	
00506c13	string	\"Gulf of Ropo\"	
00506c20	string	\"Humble Sea\"	
00506c2b	string	\"Beltan Gulf\"	
00506c37	string	\"Junta Waters\"	
00506c44	string	\"Ocean of Mu\"	
00506c50	string	\"Chum Ocean\"	
00506c5b	string	\"Flatfish Ocean\"	
00506c6a	string	\"Pricklefish Gulf\"	
00506c7b	string	\"Monsoon Sea\"	
00506c87	string	\"Bunco Sea\"	
00506c91	string	\"Peace Ocean\"	
00506c9d	string	\"La'Ke Waters\"	
00506caa	string	\"Vaulted Sea\"	
00506cb6	string	\"Obscured Ocean\"	
00506cc5	string	\"Nuclear Sea\"	
00506cd1	string	\"Grumble Ocean\"	
00506cdf	string	\"Ocean of Horrors\"	
00506cf0	string	\"Varca Ocean\"	
00506cfc	string	\"Gulf of Sand\"	
00506d09	string	\"Sandy Sea\"	
00506d13	string	\"Xeta Ocean\"	
00506d1e	string	\"Alpha Sea\"	
00506d28	string	\"Beta Gulf\"	
00506d32	string	\"Omega Waters\"	
00506d3f	string	\"Pi Ocean\"	
00506d48	string	\"Gulf of Purity\"	
00506d57	string	\"Breezy Ocean\"	
00506d64	string	\"Gull Ocean\"	
00506d6f	string	\"Strange Sea\"	
00506d7b	string	\"Gulf of Purpose\"	
00506d8b	string	\"Shark Ocean\"	
00506d97	string	\"Rentap Depths\"	
00506da5	string	\"Alk Ocean\"	
00506daf	string	\"Ocean of Tears\"	
00506dbe	string	\"Mothrup Sea\"	
00506dca	string	\"Gulf of Binga\"	
00506dd8	string	\"Ocean of Health \"	
00506de9	string	\"Schoolfish Gulf\"	
00506df9	string	\"Nasty Sea\"	
00506e03	string	\"Sea of Victory\"	
00506e12	string	\"Seaweed Gulf\"	
00506e1f	string	\"The Trag Depths\"	
00506e2f	string	\"Oyster Depths\"	
00506e3d	string	\"Pearl Sea\"	
00506e47	string	\"Scurvy Sea\"	
00506e52	string	\"Blat Sea\"	
00506e5b	string	\"Epp Sea\"	
00506e63	string	\"Greta Ocean\"	
00506e6f	string	\"High Trade Sea\"	
00506e87	string	\"Murky Ocean\"	
00506e93	string	\"Ocean DoDu\"	
00506e9e	string	\"Urshark Sea\"	
00506eaa	string	\"Mighty Depths\"	
00506eb8	string	\"Waters of the Sun\"	
00506eca	string	\"Balmy Waters\"	
00506ed7	string	\"Vortex Ocean\"	
00506ee4	string	\"Whirlpool Sea\"	
00506ef2	string	\"Mael Ocean\"	
00506efd	string	\"Chug Sea\"	
00506f06	string	\"Sea of Slumber\"	
00506f15	string	\"Sea of Cycles\"	
00506f23	string	\"Hull Ocean\"	
00506f2e	string	\"Snag Tooth Sea\"	
00506f3d	string	\"Gulf of Big Rain\"	
00506f4e	string	\"Octo Ocean\"	
00506f59	string	\"Ocean of the Moons\"	
00506f6c	string	\"Kalmat Sea\"	
00506f77	string	\"Lost Sea\"	
00506f80	string	\"Superior Sea\"	
00506f8d	string	\"Ocean Muggo\"	
00506f99	string	\"Stern Ocean\"	
00506fa5	string	\"Depths of No Return\"	
00506fb9	string	\"Noxo Gulf\"	
00506fc3	string	\"Red Rain Sea\"	
00506fd0	string	\"Mighty Tide Sea\"	
00506fe0	string	\"Nug Ocean\"	
00506fea	string	\"Bathwater Gulf\"	
00506ff9	string	\"Coldwater Gulf\"	
00507008	string	\"Gulf of Hitcho\"	
00507017	string	\"Sunny Waters\"	
00507024	string	\"Parbello Ocean\"	
00507033	string	\"Harpoon Sea\"	
0050703f	string	\"Sea of Laments\"	
0050704e	string	\"Sea of Forever\"	
0050705d	string	\"Clouded Ocean\"	
0050706b	string	\"Wellspring Sea\"	
0050707a	string	\"Gulf Mutzo\"	
00507085	string	\"Ocean Minto\"	
00507091	string	\"Spawning Sea\"	
0050709e	string	\"Oceanwave Gulf\"	
005070ad	string	\"Ro Depths\"	
005070b7	string	\"Ulna Waters\"	
005070c3	string	\"Plox Gulf\"	
005070cd	string	\"Klifa Ocean\"	
005070d9	string	\"Bothersome Sea\"	
005070e8	string	\"Frigid Sea\"	
005070f3	string	\"Mux Sea\"	
005070fb	string	\"Sailing Ocean\"	
00507109	string	\"Polup Ocean\"	
00507115	string	\"Foog Ocean\"	
00507120	string	\"Sumta Sea\"	
0050712a	string	\"Gulf of Beaches\"	
0050713a	string	\"Sea of Shame\"	
00507147	string	\"Frothy Ocean\"	
00507154	string	\"Ocean of Turee\"	
00507163	string	\"Slugworm Sea\"	
00507170	string	\"Rota Gulf\"	
0050717a	string	\"Vapid Sea\"	
00507184	string	\"Depths of Despair\"	
00507196	string	\"High Sea\"	
0050719f	string	\"Low Sea\"	
005071a7	string	\"Youra Wa Ocean\"	
005071b6	string	\"Mean Gulf\"	
005071c0	string	\"Planka Ocean\"	
005071cd	string	\"Depths of Klamper\"	
005071df	string	\"Churning Sea\"	
005071ec	string	\"Bluegreen Ocean\"	
005071fc	string	\"Red Algae Sea\"	
0050720a	string	\"Lop Ocean\"	
00507214	string	\"Milky Ocean\"	
00507220	string	\"QxQx-R Depths\"	
0050722e	string	\"Broiling Sea\"	
0050723b	string	\"Pressuta Depths\"	
0050724b	string	\"Fathomless Sea\"	
0050725a	string	\"Sunburn Sea\"	
00507266	string	\"Big Spray Sea\"	
00507274	string	\"Stingtail Gulf\"	
00507283	string	\"Tubal Sea\"	
0050728d	string	\"Jik Ocean\"	
00507297	string	\"Gulf of Bliss\"	
005072a5	string	\"Cherub Seas\"	
005072b1	string	\"Slumber Ocean\"	
005072bf	string	\"Grout Sea\"	
005072c9	string	\"Alpu Ocean\"	
005072d4	string	\"Naer Waters\"	
005072e8	string	\"Beggar's Sea\"	
005072f5	string	\"Oceanplace Ru\"	
00507303	string	\"Turgid Sea\"	
0050730e	string	\"Gulf of Skulls\"	
0050731d	string	\"Ik Waterway\"	
00507329	string	\"Calmu Ocean\"	
00507335	string	\"Your Basic Ocean\"	
00507346	string	\"Mussels Gulf\"	
00507353	string	\"Dank Depths\"	
0050735f	string	\"Kiol Sea\"	
00507368	string	\"Yot Depths\"	
00507373	string	\"Artia Sea\"	
0050737d	string	\"Eelbrute Ocean\"	
0050738c	string	\"Moonlight Sea\"	
0050739a	string	\"Secra Ocean\"	
005073a6	string	\"A Pretty Large Sea\"	
005073b9	string	\"Unnamed Sea\"	
005073c5	string	\"Gratis Ocean\"	
005073d2	string	\"Gulf of Mooka\"	
005073e0	string	\"Capsize Sea\"	
005073ec	string	\"Flowing Ocean\"	
005073fa	string	\"Oob Depths\"	
00507405	string	\"Depths of Carlu\"	
00507415	string	\"Spiteful Ocean\"	
00507424	string	\"Seasick Gulf\"	
00507431	string	\"Gulf of Tremors\"	
00507441	string	\"Yo Jo Co Sea\"	
0050744e	string	\"Deep Gulf\"	
00507458	string	\"Lifeless Sea\"	
00507465	string	\"Uurth Ocean\"	
00507471	string	\"Skyblue Sea\"	
0050747d	string	\"Blue Moon Sea\"	
0050748b	string	\"Ocean of Oceans\"	
0050749b	string	\"Bovato Depths\"	
005074a9	string	\"Ice Flow Gulf\"	
005074b7	string	\"Gulf of Sansa\"	
005074c5	string	\"Lovefish Ocean\"	
005074d4	string	\"Bermuda Triangle\"	
005074e5	string	\"Tornado Plains\"	
005074f4	string	\"Great Plains\"	
00507501	string	\"Sandy Plains\"	
0050750e	string	\"Joyous Plains\"	
0050751c	string	\"Dentrana Plains\"	
0050752c	string	\"Ct-Hi Plains\"	
00507539	string	\"Great Flatlands\"	
00507549	string	\"Hale Grasslands\"	
00507559	string	\"Windy Plains\"	
00507566	string	\"Longview Plains\"	
00507576	string	\"Vast Flatlands\"	
00507585	string	\"Tumorous Flats\"	
00507594	string	\"Healthy Plains\"	
005075a3	string	\"Fire Plains\"	
005075af	string	\"Long Level Ground\"	
005075c1	string	\"No Hills Plains\"	
005075d1	string	\"Good Landing Site\"	
005075e3	string	\"Woody Plains\"	
005075f0	string	\"Di-Nira Grasslands\"	
00507603	string	\"Tiny Plains\"	
0050760f	string	\"Green Grasslands\"	
00507620	string	\"Plains of Fire\"	
0050762f	string	\"Plain Plains\"	
0050763c	string	\"Beastial Plains\"	
0050764c	string	\"Stubble Prairie\"	
0050765c	string	\"Prairie of Flowers\"	
0050766f	string	\"Ganga Steppe\"	
0050767c	string	\"Yellow Meadows\"	
0050768b	string	\"Open Prairie\"	
00507698	string	\"Rolling Prairie\"	
005076a8	string	\"Cex Meadows\"	
005076b4	string	\"HgHg-r Plains\"	
005076c2	string	\"Fertile Plains\"	
005076d1	string	\"Ha Ha Savanna\"	
005076df	string	\"Burnt Steppe\"	
005076ec	string	\"Flat Prairie\"	
005076f9	string	\"Verga Heath\"	
00507705	string	\"Somber Mesa\"	
00507711	string	\"Heartless Prairie\"	
00507723	string	\"Xiphoid Prairie\"	
00507733	string	\"Fingerbone Steppe\"	
00507745	string	\"New Kansas Prairie\"	
00507758	string	\"Cebraska Fields\"	
00507768	string	\"Hoopola Prairie\"	
00507778	string	\"Fields of Zeami\"	
00507788	string	\"Plowshare Steppe\"	
00507799	string	\"Ivy Fields\"	
005077a4	string	\"Granka Fields\"	
005077b2	string	\"Juv Meadows\"	
005077be	string	\"Moist Prairie\"	
005077cc	string	\"Much Prairie\"	
005077d9	string	\"Fop Grasslands\"	
005077e8	string	\"Stu Grasslands\"	
005077f7	string	\"Tilted Prairie\"	
00507806	string	\"Wasta Meadows\"	
00507814	string	\"Solemn Heath\"	
00507821	string	\"Bone Meadows\"	
0050782e	string	\"Speckled Prairie\"	
0050783f	string	\"Purple Plains\"	
0050784d	string	\"Plains of Divinity\"	
00507860	string	\"Headbone Mesa\"	
0050786e	string	\"Fields of Joy\"	
0050787c	string	\"Strawberry Fields\"	
0050788e	string	\"Azarga Fields\"	
0050789c	string	\"Vunta Steppe\"	
005078a9	string	\"Rolling Fields\"	
005078b8	string	\"Vur Rangeland\"	
005078c6	string	\"New Grasslands\"	
005078d5	string	\"Op Savanna\"	
005078e0	string	\"Bluegrass Steppe\"	
005078f1	string	\"Hunger Prairie\"	
00507900	string	\"The Eternal Steppe\"	
00507913	string	\"Ravel Plains\"	
00507920	string	\"Ga Heath\"	
00507929	string	\"Freedom Plains\"	
00507938	string	\"Bright Grasslands\"	
0050794a	string	\"Wanka Meadows\"	
00507958	string	\"Low Prairie\"	
00507964	string	\"High Plains\"	
00507970	string	\"Big Fields\"	
0050797b	string	\"Yellow Savanna\"	
0050798a	string	\"Blood Steppe\"	
00507997	string	\"New Hope Mesa\"	
005079a5	string	\"Farmer Prairie\"	
005079b4	string	\"Long Prairie\"	
005079c1	string	\"Muli Steppe\"	
005079cd	string	\"Hard Plains\"	
005079d9	string	\"Hot Meadows\"	
005079e5	string	\"Trampled Plains\"	
005079f5	string	\"Bleeding Prairie\"	
00507a06	string	\"Skull Prairie\"	
00507a14	string	\"Qua Meadows\"	
00507a20	string	\"Sky Steppe\"	
00507a2b	string	\"Rumble Prairie\"	
00507a3a	string	\"Thunder Plains\"	
00507a49	string	\"Wild Prairie\"	
00507a56	string	\"Bonga Prairie\"	
00507a64	string	\"Steamy Mesa\"	
00507a70	string	\"Plains A6-Y\"	
00507a7c	string	\"Risky Plains\"	
00507a89	string	\"Waving Prairie\"	
00507a98	string	\"Amber Prairie\"	
00507aa6	string	\"Many Fields\"	
00507ab2	string	\"Zeta Fields\"	
00507abe	string	\"Je'Pi Plains\"	
00507acb	string	\"Lup Grasslands\"	
00507ada	string	\"Etta Heath\"	
00507ae5	string	\"Oo Steppe\"	
00507aef	string	\"Fun Plains\"	
00507afa	string	\"Prairie of Blades\"	
00507b0c	string	\"Open Sky Mesa\"	
00507b1a	string	\"Zardis Fields\"	
00507b28	string	\"Prairie of Strife\"	
00507b3a	string	\"Silicon Prairie\"	
00507b4a	string	\"Bu Savanna\"	
00507b55	string	\"Pleasant Fields\"	
00507b65	string	\"Calu Heath\"	
00507b70	string	\"Sta Meadow\"	
00507b7b	string	\"Zax Grasslands\"	
00507b8a	string	\"Jarta Heath\"	
00507b96	string	\"Red Prairie\"	
00507ba2	string	\"Op Grasslands\"	
00507bb0	string	\"Gaga Meadows\"	
00507bbd	string	\"Endless Prairie\"	
00507bcd	string	\"Yoth Fields\"	
00507bd9	string	\"Mesa of the Huta\"	
00507bea	string	\"Ki Savanna\"	
00507bf5	string	\"Prairie Kli\"	
00507c01	string	\"Broken Arm Heath\"	
00507c12	string	\"Gunfire Prairie\"	
00507c22	string	\"Trouble Steppe\"	
00507c31	string	\"Nowhere Fields\"	
00507c40	string	\"Windy Mesa\"	
00507c4b	string	\"Calm Meadows\"	
00507c58	string	\"Ukraine Prairie\"	
00507c68	string	\"Klij Plains\"	
00507c74	string	\"Fresh Air Prairie\"	
00507c86	string	\"Vengeance Plains\"	
00507c97	string	\"Retul Savanna\"	
00507ca5	string	\"Thirsty Prairie\"	
00507cb5	string	\"Ra Grasslands\"	
00507cc3	string	\"Tip Top Mesa\"	
00507cd0	string	\"Sula Heath\"	
00507cdb	string	\"KuKu Plains\"	
00507ce7	string	\"Gur Steppe\"	
00507cf2	string	\"Jilka Plains\"	
00507cff	string	\"Tor Savanna\"	
00507d0b	string	\"Unta Prairie\"	
00507d18	string	\"Hardship Prairie\"	
00507d29	string	\"Plains of Joy\"	
00507d37	string	\"Husk Prairie\"	
00507d44	string	\"Broken Tooth Fields\"	
00507d58	string	\"Many Grasses Fields\"	
00507d6c	string	\"Meadow Huto\"	
00507d78	string	\"Gretna Plains\"	
00507d86	string	\"Mixed Grass Steppe\"	
00507d99	string	\"Plentiful Plains\"	
00507daa	string	\"Crutch Steppe\"	
00507db8	string	\"Harmony Meadows\"	
00507dc8	string	\"Bloodbath Plains\"	
00507dd9	string	\"Plains of Turp\"	
00507de8	string	\"Grassland R45\"	
00507df6	string	\"Mut Plains\"	
00507e01	string	\"Hackplace Mesa\"	
00507e10	string	\"Mesa of Dreams\"	
00507e1f	string	\"Even Plains\"	
00507e2b	string	\"Plains of Loam\"	
00507e3a	string	\"Havanna Savanna\"	
00507e4a	string	\"Windswept Heath\"	
00507e5a	string	\"Rainy Plains\"	
00507e67	string	\"Fields of DdDd-d\"	
00507e78	string	\"Mellow Meadows\"	
00507e87	string	\"Drifting Plains\"	
00507e97	string	\"Stillness Prairie\"	
00507ea9	string	\"Quo Farmplace\"	
00507eb7	string	\"Prairie of Peace\"	
00507ec8	string	\"Sweet Savanna\"	
00507ed6	string	\"Purple Sage Plains\"	
00507ee9	string	\"Bush Plains\"	
00507ef5	string	\"Grass Seed Steppe\"	
00507f07	string	\"Evi Voxa Plains\"	
00507f17	string	\"Marvelous Plains\"	
00507f28	string	\"Qet Flatlands\"	
00507f36	string	\"Wa Flatlands\"	
00507f43	string	\"Urba Mesa\"	
00507f4d	string	\"Broken Heath\"	
00507f5a	string	\"Cracked Mesa\"	
00507f67	string	\"Blue Steppe\"	
00507f73	string	\"Jartus Steppe\"	
00507f81	string	\"Vax Wheatlands\"	
00507f90	string	\"Acco Fields\"	
00507f9c	string	\"Reasonable Plains\"	
00507fae	string	\"Talcim Steppe\"	
00507fbc	string	\"Very Flat Plains\"	
00507fcd	string	\"Pala Pala Fields\"	
00507fde	string	\"Opus Prairie\"	
00507feb	string	\"Aura Plains\"	
00507ff7	string	\"Pleasant Plains\"	
00508007	string	\"Sarto Prairie\"	
00508015	string	\"Hu Foodplace\"	
00508022	string	\"YoYo Savanna\"	
0050802f	string	\"Red Sage Steppe\"	
0050803f	string	\"Sopo Cow Prairie\"	
00508050	string	\"Popu Plains\"	
0050805c	string	\"Carved Prairie\"	
0050806b	string	\"Joyful Meadows\"	
0050807a	string	\"Big Wheatlands\"	
00508089	string	\"Range of the Wind\"	
0050809b	string	\"Smooth Plains\"	
005080a9	string	\"Earthquake Steppe\"	
005080bb	string	\"Ast Grasslands\"	
005080ca	string	\"Lightning Prairie\"	
005080dc	string	\"Stubble Fields\"	
005080eb	string	\"Prairie of the Beasts\"	
00508101	string	\"Dirt Prairie\"	
0050810e	string	\"Larque Steppe\"	
0050811c	string	\"Churning Heath\"	
0050812b	string	\"Prairie of the Moons\"	
00508140	string	\"Ruttle Plains\"	
0050814e	string	\" Zephyr Prairie\"	
0050815e	string	\"Tar Prairie\"	
0050816a	string	\"Untouched Prairie\"	
0050817c	string	\"Pink Plains\"	
00508188	string	\"Ja Steppe\"	
00508192	string	\"Fisk Plains\"	
0050819e	string	\"Olo Savanna\"	
005081aa	string	\"Re Grassland\"	
005081b7	string	\"Ca Meadows\"	
005081c2	string	\"Forever Mesa\"	
005081cf	string	\"Bu Flatlands\"	
005081dc	string	\"Sair Flatlands\"	
005081eb	string	\"We'Lo Fields\"	
005081f8	string	\"Compost Fields\"	
00508207	string	\"Hardship Mesa\"	
00508215	string	\"Moska Prairie\"	
00508223	string	\"Bountiful Plains\"	
00508234	string	\"Nin Steppe\"	
0050823f	string	\"Land of Plenty\"	
0050824e	string	\"Hita Flatlands\"	
0050825d	string	\"Ug Plains\"	
00508267	string	\"Clay Prairie\"	
00508274	string	\"Level Heath\"	
00508280	string	\"Longview Fields\"	
00508290	string	\"Prairie of Growth\"	
005082a2	string	\"Xi Meadowlands\"	
005082b1	string	\"Bogabu Flats\"	
005082be	string	\"Caliente Flats\"	
005082cd	string	\"Dead Waste Zone\"	
005082dd	string	\"Trashed Place\"	
005082eb	string	\"Dark Desert\"	
005082f7	string	\"Terrible Tarpit\"	
00508307	string	\"Sick and Nasty Place\"	
0050831c	string	\"Gross Land\"	
00508327	string	\"Awful Wasteland\"	
00508337	string	\"Gnarled Dirt Area\"	
00508349	string	\"Land of the Dead\"	
0050835a	string	\"Land with Death in Mind\"	
00508372	string	\"Lost Land\"	
0050837c	string	\"No Dumping Allowed\"	
0050838f	string	\"Unpleasant Place\"	
005083a0	string	\"Despised Acres\"	
005083af	string	\"Deathland\"	
005083b9	string	\"Spider Zone\"	
005083c5	string	\"Desert of Kli\"	
005083d3	string	\"Burnt Place\"	
005083df	string	\"Void Dryplace\"	
005083ed	string	\"Jir Grosslands\"	
005083fc	string	\"Dumpground\"	
00508407	string	\"Bumpy Wasteland\"	
00508417	string	\"Nowhere Desert\"	
00508426	string	\"Sand Dunes Of Gooth\"	
0050843a	string	\"Pits of Despair\"	
0050844a	string	\"Illcar Wastes\"	
00508458	string	\"Solitude of Pain\"	
00508469	string	\"Fruitless Solitude\"	
0050847c	string	\"Fruitless Zone\"	
0050848b	string	\"Barren Land\"	
00508497	string	\"Desolate Area\"	
005084a5	string	\"Lonely Desert\"	
005084b3	string	\"Deserted Wasteland\"	
005084c6	string	\"Deva DryLand\"	
005084d3	string	\"Lotar Wastes\"	
005084e0	string	\"The Zone of Devastation\"	
005084f8	string	\"Sand Dunes of Yeth\"	
0050850b	string	\"The Ravaged Desert\"	
0050851e	string	\"Deadland\"	
00508527	string	\"The Desert of Zo\"	
00508542	string	\"JhJh-t Drylands\"	
00508552	string	\"The New Sahara\"	
00508561	string	\"The Olar Wastes\"	
00508571	string	\"Delusion Desert\"	
00508581	string	\"Brown Badlands\"	
00508590	string	\"Big Badland\"	
0050859c	string	\"Skull Desert\"	
005085a9	string	\"Traj Drylands\"	
005085b7	string	\"Dunes of Fear\"	
005085c5	string	\"Land of Lost Hope\"	
005085d7	string	\"Unclean Desert\"	
005085e6	string	\"Johnson Desert\"	
005085f5	string	\"Terrible Desert\"	
00508605	string	\"Black Desert\"	
00508612	string	\"Desert Cho\"	
0050861d	string	\"Radiation Desert\"	
0050862e	string	\"Earp Desert\"	
0050863a	string	\"Wild Desert\"	
00508646	string	\"New Mojave\"	
00508651	string	\"Mel's Ranchland\"	
00508661	string	\"Desert of the Dead\"	
00508674	string	\"Salt Flats\"	
0050867f	string	\"Zone of Karg\"	
0050868c	string	\"Land of Trash\"	
0050869a	string	\"Big Spoiled Land\"	
005086ab	string	\"Spoiled Land 8932\"	
005086bd	string	\"Nooth Bonelands\"	
005086cd	string	\"Calore Wastes\"	
005086db	string	\"Gog Boneland\"	
005086e8	string	\"Second Sahara\"	
005086f6	string	\"Nuclear Desert\"	
00508705	string	\"Utar Sunlands\"	
00508713	string	\"Desert of Purity\"	
00508724	string	\"Partched Paradise\"	
00508736	string	\"New Arizona\"	
00508742	string	\"UjUj-w Desert\"	
00508750	string	\"Boneyards of Pugar\"	
00508763	string	\"New New Mexico\"	
00508772	string	\"Dune Buggy Heaven\"	
00508784	string	\"Roz Desert\"	
0050878f	string	\"Sea of Sand\"	
0050879b	string	\"Po'Uh Dryplace\"	
005087aa	string	\"Unglorious Desert\"	
005087bc	string	\"Mighty Sandpits\"	
005087cc	string	\"Sandstone Paradise\"	
005087df	string	\"Ok'Li Desert\"	
005087ec	string	\"Desert of Tears\"	
005087fc	string	\"Dunes of Hostility\"	
0050880f	string	\"Kli Desert\"	
0050881a	string	\"Boneyard of Oom\"	
0050882a	string	\"Texas Memory\"	
00508837	string	\"Desert Burx\"	
00508843	string	\"Boneyard 4890\"	
00508851	string	\"Rolling Desert\"	
00508860	string	\"Windblown Heights\"	
00508872	string	\"Place of the Burning Sun\"	
0050888b	string	\"Cool Desert\"	
00508897	string	\"We'Ro Wastes\"	
005088a4	string	\"Tonapah Wastes\"	
005088b3	string	\"New Vegas\"	
005088bd	string	\"Dog Desert\"	
005088c8	string	\"Ik Burial Grounds\"	
005088da	string	\"Noho Dunes\"	
005088e5	string	\"Sands of Lore\"	
005088f3	string	\"Gew Aridplace\"	
00508901	string	\"Ash Desert\"	
0050890c	string	\"Dunes of the Missing Campers\"	
00508929	string	\"Winnebago Wastes\"	
0050893a	string	\"Needles Desert\"	
00508949	string	\"Nevada Dryplace\"	
00508959	string	\"Arid Prime\"	
00508964	string	\"Ultar Dryplace\"	
00508973	string	\"Respirator Wastes\"	
00508985	string	\"Desert Prime\"	
00508992	string	\"Pharoh Paradise\"	
005089a2	string	\"Manhatten Dunes\"	
005089b2	string	\"Azarga Dumpspot\"	
005089c2	string	\"Big Bad Desert\"	
005089d1	string	\"Dunes of the Purple Sage\"	
005089ea	string	\"Desert of the Queen\"	
005089fe	string	\"Vi'Pa Desert\"	
00508a0b	string	\"Boneyard of Siim\"	
00508a1c	string	\"Tuva Ask Wastes\"	
00508a2c	string	\"Jika Car Desert\"	
00508a3c	string	\"Gilk Desert\"	
00508a48	string	\"Varta Sands\"	
00508a54	string	\"Desert Sands\"	
00508a61	string	\"Bi'Pla Sands\"	
00508a6e	string	\"Sands of Time\"	
00508a7c	string	\"Red Sands\"	
00508a86	string	\"Retribution Wastes\"	
00508a99	string	\"Ground Zero\"	
00508aa5	string	\"Plutonium Sands\"	
00508ab5	string	\"Desert of the Five Tails\"	
00508ace	string	\"CmCm-d Wilds\"	
00508adb	string	\"Wasteland of Yiz\"	
00508aec	string	\"Arg Desert\"	
00508af7	string	\"Clockwork Sands\"	
00508b07	string	\"Aridhome\"	
00508b10	string	\"Sandland of Varg\"	
00508b21	string	\"Beware Dunes\"	
00508b2e	string	\"Raspy Flats\"	
00508b3a	string	\"320 Grit\"	
00508b43	string	\"Blasted Anvil\"	
00508b51	string	\"Scalding Sands\"	
00508b60	string	\"Anywherebuthere\"	
00508b70	string	\"Graak's Folly\"	
00508b7e	string	\"Desolate Echoes\"	
00508b8e	string	\"Chm-Chm's Demise\"	
00508b9f	string	\"Slim Joys Flats\"	
00508baf	string	\"Soothing Blades\"	
00508bbf	string	\"Ch'turak Flatlands\"	
00508bd2	string	\"Brokenlands\"	
00508be5	string	\"Pulverized Mesa\"	
00508bf5	string	\"Ghobilands\"	
00508c00	string	\"Water's Absence\"	
00508c10	string	\"Slou's Dustlands\"	
00508c21	string	\"Nitkov's Last Breath\"	
00508c36	string	\"Lizard Roost\"	
00508c43	string	\"Nothing's Here\"	
00508c52	string	\"Skanky Paradise\"	
00508c62	string	\"Blasted Heath\"	
00508c70	string	\"Yuk Nomor\"	
00508c7a	string	\"Hot Cha\"	
00508c82	string	\"Mos'Tu Waste\"	
00508c8f	string	\"Toh Line\"	
00508c98	string	\"Wang Place\"	
00508ca3	string	\"World's Edge\"	
00508cb0	string	\"Hendorsen's Pass\"	
00508cc1	string	\"Bad Rocks\"	
00508ccb	string	\"Bleak Promise\"	
00508cd9	string	\"Dillusional Dreamlands\"	
00508cf0	string	\"Bumpy Place\"	
00508cfc	string	\"Rough Ride\"	
00508d07	string	\"Crustyland\"	
00508d12	string	\"Burton's Badlands\"	
00508d24	string	\"Troka's Teeth\"	
00508d32	string	\"Magestic Nightmare\"	
00508d45	string	\"Shuva Desert\"	
00508d52	string	\"Anguished Latitudes\"	
00508d66	string	\"Schmutzland\"	
00508d72	string	\"Waste 314-G\"	
00508d7e	string	\"Tragic Sands\"	
00508d8b	string	\"Coughing Desert\"	
00508d9b	string	\"Loveless Wilds\"	
00508daa	string	\"Guff's Sandbox\"	
00508db9	string	\"Sandelphia Flats\"	
00508dca	string	\"Black Dreams\"	
00508dd7	string	\"Plausen's Ordeal\"	
00508de8	string	\"Deplorable Wastes\"	
00508dfa	string	\"Chattlelands\"	
00508e07	string	\"T-19 Desertland\"	
00508e17	string	\"Stomping Grounds\"	
00508e28	string	\"Devil's Rumpus Room\"	
00508e3c	string	\"Lands of Nil\"	
00508e49	string	\"Weiss Sands\"	
00508e55	string	\"Fetid Tracts\"	
00508e62	string	\"Nature's Scorn\"	
00508e71	string	\"Battered Soils\"	
00508e80	string	\"Ghastly Corridor\"	
00508e91	string	\"Nor's Retreat\"	
00508e9f	string	\"Stingy Soils\"	
00508eac	string	\"Agony of Bel'Hau\"	
00508ebd	string	\"Last Resort\"	
00508ec9	string	\"Ertimi's Remains\"	
00508eda	string	\"No One's Landing\"	
00508eeb	string	\"Crummy Lands\"	
00508ef8	string	\"Hooth's Void\"	
00508f05	string	\"Pi'too's Hideaway\"	
00508f17	string	\"Wastes of Dwight\"	
00508f28	string	\"Rakka's Eyesore\"	
00508f38	string	\"Nevermore Tracts\"	
00508f49	string	\"Thirsty Highlands\"	
00508f5b	string	\"Southern Parklands\"	
00508f6e	string	\"Grated Earth\"	
00508f7b	string	\"Aybee Rocks\"	
00508f87	string	\"%s #%d\"	FUN_004843ac,
005097c4	string	\"Game 1\"	FUN_00468470,FUN_00468a28,FUN_00427da0,FUN_00427ca0,
00509804	string	\"New Player\"	FUN_0045fae4,FUN_004770fc,FUN_004770fc,FUN_004671d8,SendSlaveInfo,SendSlaveInfo,ParsePrefs,RaceInit,@PlayerNameDialog$qqspvuiuil,FUN_00468ea4,FUN_00468ea4,GetNetGameOptions,GetNetGameOptions,FUN_004671d8,ParsePrefs,FUN_004361b8,FUN_004362b4,FUN_004362b4,
00509994	string	\"Deadlock 2 Saved Games (*.SAV)\"	
005099b9	string	\"All Files (*.*)\"	
005099cf	string	\"ChCht\"	ChCht,
005099db	string	\"Human\"	
005099ed	string	\"Tarth\"	
00509b5c	string	\"Type custom messages here.\"	
00509ec0	string	\"Oolan's Advice\"	FUN_0045b8e8,FUN_00423904,FUN_0041db10,FUN_0041db10,FUN_0041db10,FUN_0041db10,FUN_00419f50,FUN_00421178,FUN_0045b304,FUN_0045b304,FUN_0045b448,FUN_0045b448,FUN_0045b448,FUN_0045b448,FUN_0045b448,FUN_0045b448,FUN_0041d414,FUN_00415624,FUN_00415624,FUN_0041d710,FUN_0041d710,FUN_004748dc,FUN_004848cc,FUN_00474920,FUN_0045ca3c,FUN_0045ca3c,FUN_0045eadc,FUN_0045eadc,FUN_00420aac,FUN_0043cc5c,FUN_00420d34,FUN_00420d34,FUN_0045ad98,FUN_0045ae78,FUN_00420e34,FUN_0045ef64,FUN_00446084,FUN_00446084,FUN_0045c384,FUN_0045c560,FUN_0045e6d0,FUN_0045c704,FUN_0045c704,FUN_0045c704,00508fa4,0045ed5a,0045ed7a,0045ed9a,0045edba,0045edda,0045edfa,0045ee17,0045ee34,0045ee51,0045ee6e,
00509ed2	string	\"Cancel\"	00508fac,
00509ee5	string	\"Non-aggression\"	FUN_00428b74,00508fbc,0042a73a,0042a88b,0042a9dc,
00509ef4	string	\"Military\"	FUN_00428b74,FUN_00428b74,FUN_00428b74,00508fc0,0042a77e,0042a8ce,0042aa1f,
00509efd	string	\"ILLEGAL\"	00508ffc,00509004,0050900c,00509014,0050901c,00509024,0050902c,00509034,00508fe4,00508ff4,00508fd4,
00509f05	string	\"Intelligence\"	FUN_00428b74,FUN_00428b74,00508fc8,0042a6b4,0042a804,0042a955,0042aaa6,
00509f12	string	\"Intelligence and Non-aggression\"	00508fcc,
00509f32	string	\"Intelligence and Military\"	00508fd0,
00509f4c	string	\"Technology\"	FUN_00428b74,FUN_00428b74,00508fd8,0042a670,0042a7c1,0042a912,0042aa62,
00509f57	string	\"Technology and Non-aggression\"	00508fdc,
00509f75	string	\"Technology and Military\"	00508fe0,
00509f8d	string	\"Technology and Intelligence\"	00508fe8,
00509fa9	string	\"Technology, Intelligence, and Non-aggression\"	00508fec,
00509fd6	string	\"Technology, Intelligence, and Military\"	00508ff0,
00509ffd	string	\"Victory\"	FUN_00428b74,FUN_00428b74,FUN_00428b74,00508ff8,0042a6f7,0042a848,0042a998,0042aae9,0042ab70,0042abf0,
0050a005	string	\"Victory and Military\"	00509000,
0050a01a	string	\"Victory and Intelligence\"	00509008,
0050a033	string	\"Victory, Intelligence, and Military\"	00509010,
0050a057	string	\"Victory and Technology\"	00509018,
0050a06e	string	\"Victory, Technology, and Military\"	00509020,
0050a090	string	\"Victory, Technology, and Intelligence\"	00509028,
0050a0b6	string	\"Victory, Technology, Intelligence, and Military\"	00509030,
0050a0e6	string	\"ChCh't\"	00509038,
0050a0f2	string	\"Human\"	00509040,
0050a0fd	string	\"Re'lu\"	00509048,
0050a103	string	\"Tarth\"	0050904c,
0050a109	string	\"Uva Mosk\"	00509050,
0050a116	string	\"Plains\"	00509058,
0050a11d	string	\"Forest\"	0050905c,
0050a124	string	\"Swamp\"	00509060,
0050a12a	string	\"Mountains\"	00509064,
0050a134	string	\"Wasteland\"	00509068,
0050a13e	string	\"Money\"	0050906c,
0050a149	string	\"Energy\"	FUN_0041ffd4,FUN_0041c418,0050927c,00509074,005091b4,
0050a15a	string	\"Steel\"	00509080,
0050a160	string	\"Endurium\"	00509084,
0050a169	string	\"Triidium\"	00509088,
0050a172	string	\"Electronic Parts\"	00509190,0050908c,
0050a183	string	\"Anti-Matter Pods\"	00509090,005091b8,
0050a198	string	\"credits\"	FUN_00437a3c,FUN_00417434,FUN_00431734,00509098,00509adc,005090f0,005090c4,
0050a1a5	string	\"energy\"	005090a0,005090cc,
0050a1b6	string	\"steel\"	005090ac,005090d8,
0050a1bc	string	\"endurium\"	005090b0,005090dc,
0050a1c5	string	\"triidium\"	005090b4,005090e0,
0050a1ce	string	\"electronic parts\"	005090b8,005090e4,
0050a1df	string	\"anti-matter pods\"	005090bc,00509114,005090e8,
0050a1f4	string	\"tons of food\"	WriteUnitData,FUN_00431734,SetItemStats,005090f4,
0050a201	string	\"KW of energy\"	WriteUnitData,FUN_00485668,FUN_00485668,FUN_00431734,005090f8,
0050a20e	string	\"tons of wood\"	005090fc,
0050a21b	string	\"tons of iron\"	00509100,
0050a228	string	\"tons of steel\"	00509104,
0050a236	string	\"tons of endurium\"	00509108,
0050a247	string	\"tons of triidium\"	0050910c,
0050a258	string	\"electronic components\"	00509110,
0050a26e	string	\"art objects\"	00509118,
0050a27a	string	\"Hog Tied\"	0050911c,
0050a283	string	\"Hindered\"	00509120,005094c8,
0050a28c	string	\"Fair Fight\"	00509124,005094cc,
0050a297	string	\"Boosted\"	00509128,005094d0,
0050a29f	string	\"Supercharged\"	0050912c,005094d4,
0050a2ac	string	\"Custom\"	00509130,
0050a2b3	string	\"Clear\"	FUN_0047425c,00509134,
0050a2b9	string	\"Rough\"	FUN_0047425c,00509138,
0050a2bf	string	\"Lightly Wooded\"	0050913c,
0050a2ce	string	\"Densely Wooded\"	00509140,
0050a2dd	string	\"Rocky\"	00509144,
0050a2e3	string	\"Worthless\"	00509148,
0050a2f1	string	\"Fertile \"	00509154,0050915c,
0050a2fa	string	\"Energy-rich \"	00509158,
0050a307	string	\"Mineral-rich \"	00509160,
0050a315	string	\"Endurium-rich \"	00509168,
0050a32b	string	\"Unassigned\"	0050917c,00509244,
0050a336	string	\"Construction\"	00509180,00509248,
0050a343	string	\"Mine Iron\"	00509184,
0050a34d	string	\"Mine Endurium\"	00509188,
0050a35b	string	\"Research\"	0050918c,
0050a364	string	\"Culture\"	00509194,
0050a36c	string	\"Create Art\"	00509198,
0050a377	string	\"Iron -> Steel\"	FUN_004202cc,0050919c,
0050a385	string	\"End. -> Tri.\"	005091a0,
0050a392	string	\"Build Units\"	005091a4,
0050a39e	string	\"Trade\"	005091b0,
0050a3a4	string	\"Clone\"	005091bc,
0050a3aa	string	\"Train Units\"	00509288,005091c0,
0050a3b6	string	\"Heal Militia\"	0050928c,005091c4,
0050a3c3	string	\"House Populace\"	FUN_0041b71c,00509290,005091c8,
0050a3d2	string	\"Upgrade\"	005091cc,
0050a3da	string	\"Unused!!\"	005091d0,
0050a3e3	string	\"Build Land Units\"	005091d4,
0050a3f4	string	\"Build Sea Units\"	005091d8,
0050a404	string	\"Build Air Units\"	005091dc,
0050a414	string	\"Build Missiles\"	005091e0,
0050a423	string	\"Build Special Units\"	005091e4,
0050a437	string	\"Never\"	FUN_0041b500,005091e8,0050959c,
0050a43d	string	\"1 turn\"	FUN_0041b500,005091ec,
0050a444	string	\"%s turns\"	FUN_0041b500,005091f0,
0050a44d	string	\"Finished\"	FUN_0041b500,005091f4,
0050a456	string	\"No labor!\"	FUN_0041ffd4,FUN_0041c418,005091f8,
0050a460	string	\"turn  \"	FUN_0041ffd4,FUN_0041c418,005091fc,
0050a467	string	\"Finished: No Room\"	FUN_0041ffd4,FUN_0041c418,00509204,
0050a479	string	\"%s\\nLabor Assigned\\t: %d/%d\\nEnergy Use\\t: %d\\n   (when completed)\"	FUN_0041bfc0,00509208,
0050a4b7	string	\"%s\\nLabor Assigned\\t: %d/%d\\nEnergy Use\\t: %d\"	FUN_0041bfc0,0050920c,
0050a4e1	string	\"%s\\nLabor Assigned\\t: %d/%d\\nEnergy Use\\t: %d\\n   (when completed)\\nRun By\\t: %s\"	FUN_0041bfc0,00509210,
0050a52b	string	\"%s\\nLabor Assigned\\t: %d/%d\\nEnergy Use\\t: %d\\nRun By\\t: %s\"	FUN_0041bfc0,00509214,
0050a561	string	\"Distribute your production between the available tasks by clicking and dragging the blue bars.\\n\\nAs new technologies are developed new tasks become available.\"	00509218,
0050a5ff	string	\"Oolans Advice\"	0050921c,
0050a60d	string	\"Only four units may be queued in a building at one time.\\n\\nIf you wish to have a continuous stream of units produced here, check the circular queue box.  This will queue a new unit each time one is produced\"	00509220,
0050a6db	string	\"You may not queue units in a building which is either shut down or under construction.\"	FUN_0041d414,FUN_00420e34,00509224,
0050a732	string	\"You must have a unit in the build queue selected before you can delete one.\"	FUN_0041d710,FUN_00420d34,00509228,
0050a77e	string	\"Do you want to remove this %s from the build queue?\"	FUN_0041d710,FUN_00420d34,0050922c,
0050a7b2	string	\"Remove Unit From Queue\"	
0050a7c9	string	\"You must select a unit before you may delete it.\"	FUN_0041d710,FUN_00420d34,00509234,
0050a7fa	string	\"%s Production\"	FUN_0041ccb0,00509238,
0050a808	string	\"\\t>>Circular queue<<\"	FUN_0041ffd4,FUN_0041c418,0050923c,
0050a81c	string	\"Endurium (with Endurium Mining)\"	00509250,
0050a83c	string	\"Technology Research\"	00509254,
0050a850	string	\"Electronic Parts (with Electronics)\"	00509258,
0050a874	string	\"Culture (improved Morale)\"	0050925c,
0050a88e	string	\"Art Objects (improved Morale)\"	00509260,
0050a8ac	string	\"Steel (with Metallurgy)\"	00509264,
0050a8c4	string	\"Triidium (with Triidium Processing)\"	00509268,
0050a8e8	string	\"Military Units\"	0050926c,
0050a8f7	string	\"Trade Income\"	00509278,
0050a904	string	\"Anti-Matter Pods (with Anti-Matter Containment)\"	00509280,
0050a934	string	\"Clone (with Cloning)\"	00509284,
0050a949	string	\"%s cr.\"	WriteUnitData,SetItemStats,00509294,00509b50,
0050a950	string	\"%d Labor\"	WriteUnitData,FUN_00431734,SetItemStats,00509298,00509b54,
0050a959	string	\"Nothing\"	SetItemStats,0050929c,
0050a961	string	\"Upkeep: %d Energy/turn\"	SetItemStats,005092a0,
0050a978	string	\"Upkeep: None\"	SetItemStats,005092a4,
0050a985	string	\"A Random Resource\"	SetItemStats,005092a8,
0050a997	string	\"Done Deal\"	005092ac,
0050a9a1	string	\"A secret transmission lets you view %s for the rest of this turn.  We Skirineen hope that this information will be of much use to you.\"	005092b0,
0050aa28	string	\"Insufficient Funds\"	CheckSubUnit,CheckSubInfo,005092b4,
0050aa3b	string	\"Territory information costs %d credits.\\nYou cannot afford our price.  Please call after you have fattened your treasury.\"	
0050aab4	string	\"No Valid Targets\"	CheckSubUnit,005092bc,
0050aac5	string	\"You have seen the entire planet!\\nThere are no new territories to report on.\"	005092c0,
0050ab11	string	\"The Skirineen will not offer any credits for these goods. Are you sure you want to give them away?\"	005092c4,
0050ab74	string	\"Network Error\"	GetNetGameOptions,FUN_00458508,005092c8,00509c94,00509bfc,FUN_00468214,FUN_00468214,FUN_00468c94,FUN_00426868,FUN_00426868,FUN_00426868,FUN_00426868,FUN_00426868,FUN_00426868,FUN_00426868,FUN_00426868,
0050ab82	string	\"The TCP/IP (Internet) service is not available.  Please exit the game and make sure that you have TCP/IP installed and that it is configured correctly.\"	005092cc,FUN_00468214,FUN_00426868,
0050ac1a	string	\"The IPX (LAN) service is not available.  Please exit the game and make sure that you have IPX installed and that it is configured correctly.\"	005092d0,FUN_00426868,
0050aca7	string	\"The Modem Play service is not available.  Please exit the game and use the Modem's control panel to make sure that your modem is properly installed.\"	005092d4,FUN_00426868,
0050ad3c	string	\"The Serial Connection service is not available.  Please exit the game and make sure that your COM ports are installed and correctly configured.\"	005092d8,FUN_00426868,
0050adcc	string	\"The TCP/IP (Internet) service could not be initialized.  Please exit the game and make sure that your TCP/IP settings are correct.\"	005092dc,FUN_00468214,FUN_00426868,
0050ae4f	string	\"The IPX (LAN) service could not be initialized.  Please exit the game and make sure that your IPX networking is properly configured.\"	005092e0,FUN_00426868,
0050aed4	string	\"The Modem Play service could not be initialized.  Please exit the game and make sure that your modem is connected, turned on, and  properly configured.\"	005092e4,FUN_00426868,
0050af6c	string	\"The Serial Connection service could not be initialized.  Please exit the game and make sure that your serial ports are correctly configured.\"	005092e8,FUN_00426868,
0050aff9	string	\"Your version of DirectX is not supported by the Matching Service. Make sure you're running the most recent version, then try again.\"	FUN_00458508,005092ec,
0050b07d	string	\"Continue Turn\"	FUN_0045e554,005092f0,
0050b08b	string	\"Your opponents are still not done with their turns.\\n\\nWhile you wait you can keep working on your colony.  This turn is not over until everyone either presses their End Turn button or the timer runs out.\"	FUN_0045e554,005092f4,
0050b156	string	\"Waiting For Opponents\"	005092f8,
0050b16c	string	\"Wait for Opponents Advice\"	005092fc,
0050b186	string	\"You are waiting for all players to end their turns.\\n\\nYou can still give your colony orders.  When all the players end their turns will a new turn begin.\\n\\nTo cancel your end turn command, press the Continue Turn button.\"	00509300,
0050b261	string	\"iron deposit\"	00509304,
0050b26e	string	\"endurium deposit\"	00509308,
0050b27f	string	\"energy deposit\"	0050930c,
0050b28e	string	\"fertile plot\"	00509310,
0050b29b	string	\"hardwood grove\"	00509314,
0050b2ad	string	\"almost no\"	0050931c,
0050b2b7	string	\"noticeable amounts of\"	00509320,
0050b2cd	string	\"sizable amounts of\"	00509324,
0050b2e0	string	\"tremendous amounts of\"	00509328,
0050b2f6	string	\"horrible amounts of\"	0050932c,
0050b30a	string	\"catastrophic amounts of\"	00509330,
0050b322	string	\"Waiting for Game\"	00509334,FUN_0046716c,
0050b333	string	\"Deadlock 2 is waiting for the master computer to start the game.\"	00509338,FUN_0046716c,
0050b374	string	\"Slave Waiting Advice\"	0050933c,
0050b389	string	\"Once you join a network game, you must wait for other players to log on.  When the game master has enough players the game will begin.\"	00509340,
0050b410	string	\"Initializing Network Advice\"	00509344,
0050b42c	string	\"NetBios needs to register all the computers to give each station an ID number.  This can take several seconds to do.\"	00509348,
0050b4a1	string	\"Initializing Network\"	0050934c,FUN_00468a28,
0050b4b6	string	\"Deadlock 2 is now registering with the network.\\n\\nThis can take up to 10 seconds, so you have some time to just sit and admire your monitor.\"	00509350,FUN_00468a28,
0050b542	string	\"Waiting for More Players\"	00509354,
0050b55b	string	\"Deadlock 2 is waiting for %d players.\\n\\nOnly you have joined so far.\"	FUN_00468898,00509358,
0050b59f	string	\"Waiting for %d players.\\n\\nIncluding you, the game now has %d players.\"	FUN_00468898,0050935c,
0050b5e4	string	\"You are the game master, so you control how many players may join this game.\\n\\nSelect OK when you have enough players.  Any remaining players will be taken over by the computer.\\n\\nChoosing CANCEL will end this game.\"	
0050b6ba	string	\"Waiting for Connect\"	FUN_00468898,FUN_00468898,00509364,
0050b6ce	string	\"Connected, Waiting for Players\"	00509368,
0050b6ed	string	\"Modem Error\"	0050936c,
0050b6f9	string	\"Dialing\"	00509370,
0050b701	string	\"Purchased Units Arriving\"	00509374,
0050b71a	string	\"Some resources are being shipped to our colony.  Which territory should they go to?\"	00509378,
0050b76e	string	\"You may place your purchased unit in any territory that you own, providing there is room for it.\\n\\nHighlight the territory you want your unit sent to and it will be delivered immediately.\"	0050937c,
0050b829	string	\"Making an Offer\"	00509380,
0050b839	string	\"Making offer to the %s\"	00509384,
0050b850	string	\"This colony is considering your offer.  You can wait to see if they accept your price or you can cancel the sale.\"	00509388,
0050b8c2	string	\"An offer to you\"	FUN_0043793c,0050938c,
0050b8d2	string	\"The %s offer to transfer %d %s to %s for %d credits per unit.\\n\\nIt would cost us an additional %d credits to transfer the materials.\\n\\nThe total cost would be %d credits.\"	FUN_0043793c,00509390,
0050b97b	string	\"You sell resources by clicking and dragging them onto another colony's territory.\\n\\nRight now a colony has just done this and is offering some resources to you.  You can accept or reject this deal.\"	
0050ba40	string	\"Proposing a pact\"	FUN_00429464,FUN_00429464,FUN_00437718,00509398,
0050ba51	string	\"Proposing a %s pact to the %s\"	FUN_00429464,0050939c,
0050ba6f	string	\"This colony is considering your proposal.  You can wait to see if they accept or cancel.\"	005093a0,
0050bac8	string	\"A proposal for you\"	005093a4,
0050badb	string	\"The %s propose a %s pact\"	005093a8,
0050baf4	string	\"You can propose pacts to any other colony.\\n\\nRight now a colony has just proposed a pact with you.  You can accept or reject this pact.\"	005093ac,
0050bb7b	string	\"Breaking a pact\"	005093b0,
0050bb8b	string	\"Break your %s pact with the %s?\"	005093b4,
0050bbab	string	\"Annul your %s pact without informing the %s?\"	005093b8,
0050bbd8	string	\"The %s are busy with other matters.  Try them later.\"	FUN_00429464,FUN_00437718,005093bc,
0050bc0d	string	\"Propose %s pact to the %s\"	0042a73b,0042a77f,0042a7c2,0042a805,0042a849,005093c0,
0050bc27	string	\"Have %s pact with the %s\"	FUN_00428b74,FUN_00428b74,FUN_00428b74,FUN_00428b74,FUN_00428b74,005093c4,0042a88c,0042a8cf,0042a913,0042a956,0042a999,
0050bc40	string	\"Break %s pact with the %s\"	005093c8,0042a9dd,0042aa20,0042aa63,0042aaa7,0042aaea,
0050bc5a	string	\"Backstab %s pact with the %s\"	005093cc,0042ab2d,0042ab71,
0050bc77	string	\"Backstabbed %s pact with the %s\"	FUN_00428b74,FUN_00428b74,005093d0,0042abb1,0042abf1,
0050bc97	string	\"No %s pact with the %s\"	FUN_00428b74,FUN_00428b74,FUN_00428b74,FUN_00428b74,005093d4,0042a62e,0042a671,0042a6b5,0042a6f8,
0050bcae	string	\"Military or Non-aggression\"	0042a62d,0042ab2c,0042abb0,005093d8,
0050bcc9	string	\"The insectoid ChCh't grow into a horde quickly and they manufacture all military units at a very fast rate.  Their Scouts can also steal resources.\"	005093dc,
0050bd5d	string	\"The morose Cyth rarely have morale problems.  Their Command Corps units use a mind blast that kills enemies.  Cyth Scouts also destroy food by poisoning land.\"	005093e0,
0050bdfc	string	\"Humans make more money from trade and taxes; their transport costs are also reduced.  Human infantry units have a berserk order that gives them a massive combat bonus.\"	005093e4,
0050bea4	string	\"The Maug are adept at researching technologies.  Their Scouts easily steal technology and sabotage enemy artillery, airplanes, missiles, and buildings.\"	005093e8,
0050bf3c	string	\"The Re'Lu can see everything on the world.  Their Command Corps mind control enemy units, forcing them to join the Re'Lu.  Their Scouts can subvert morale.\"	005093ec,
0050bfd8	string	\"Military behemoths, the Tarth have tough artillery, infantry, and defense posts. Tarth farms produce more food than any other race, allowing them to feed their massive armies.\"	005093f0,
0050c088	string	\"The Uva Mosk produce more energy, iron, endurium, and wood than any other race.  Their food production is second only to the Tarth.  Their infantry units can also spy.\"	005093f4,
0050c130	string	\"(Hog-Tied) The most difficult level.  Your starting resources are meager, your military's strength is severely compromised, and your production is much slower than normal.  Because of these hindrances, your scores will be boosted fifty percent.\"	005093f8,
0050c225	string	\"(Hindered) A more challenging level.  Your starting resources are slightly reduced, your military's strength is marginally compromised, and your production is somewhat slower than normal.  Your score is adjusted upwards by twenty-five percent.\"	
0050c319	string	\"(Fair Fight) The normal level.  There are no modifications to your play at this level and your score is calculated without adjustments.\"	FUN_0042d574,00509400,
0050c3a1	string	\"(Boosted) An easier level.  Your starting resources are slightly increased, your military is a little stronger, and your production is faster than normal.  Your game score will take a twenty-five percent hit.\"	00509404,
0050c472	string	\"(Supercharged) The easiest level.  Your starting resources are very large, your military is much more potent, and your production is significantly faster than normal.  With all these advantages to ease play, your score will be halved.\"	00509408,
0050c55d	string	\"Select which race you will command.\"	FUN_0042da3c,RaceInit_dc94,0050940c,
0050c581	string	\"Player #%d is selecting a race.\"	FUN_0042da3c,RaceInit_dc94,00509410,
0050c5a1	string	\"Select a minimum of 1 opponent race.\"	00509414,
0050c5c6	string	\"Opponent Selection Error\"	00509418,
0050c5df	string	\"Player Skill Level\"	0050941c,
0050c5f2	string	\"You may only drag and drop units to the world map or satelite view\"	FUN_00419f50,00509420,
0050c635	string	\"Group of Units\"	FUN_00417434,00509424,
0050c644	string	\"(group)\"	FUN_00417434,00509428,
0050c64c	string	\"Skirineen Units for Sale\"	
0050c665	string	\"No Units Are Available\"	FUN_0043242c,00509430,
0050c67c	string	\"Please accept our many regrets, but we have no units to sell you at this time.  Call us later.\"	FUN_0043242c,00509434,
0050c6db	string	\"Not Enough Credits\"	CheckSubTech,00509570,
0050c6ee	string	\"Unfortunately, you cannot afford our price for that unit.\\nPlease return when your treasury is more substantial.\"	CheckSubUnit,CheckSubInfo,0050943c,
0050c75e	string	\"Nowhere To Place Unit\"	00509440,
0050c774	string	\"That territory already has enough military units!  We cannot land our unit there.\\nThis agreement is null and void!\"	00509444,
0050c7e7	string	\"%s credits\"	00509448,
0050c7f2	string	\"%s\\n%d cr.\"	0050944c,
0050c7fc	string	\"Unit Purchase Cancelled\"	00509450,
0050c814	string	\"Sale Cancelled.\"	00509454,
0050c824	string	\"Your chosen unit cannot operate on the selected territory's terrain.\\n If you want to buy this unit, please change your active territory and try again.\"	CheckSubUnit,00509458,
0050c8bb	string	\"Standard Racial Abilities\"	0050945c,
0050c8d5	string	\"All Have Best\"	00509460,
0050c8e3	string	\"No Abilities\"	00509464,
0050c8f0	string	\"You are setting the options you wish to use for this game.\\n\\nIf you are playing the demo version of Deadlock 2, some options will be grayed out.\\n\\nThe 'Last player has x seconds' option is for multi-player games only.\"	00509468,
0050c9c8	string	\"Current Difficulty Rating\\n\\n%d%%\"	0050946c,
0050c9e8	string	\"You may specify which advantages and disadvantages the computer AI's will use.\\n\\nAll computer opponents will use the same set of advantages or disadventages.\"	00509470,
0050ca85	string	\"Number of Players\"	00509474,
0050ca9b	string	\"Three\"	0050947c,
0050caaf	string	\"Seven\"	0050948c,
0050cab5	string	\"Victory Conditions\"	00509490,
0050cac8	string	\"Two Shrines\"	00509494,
0050cad4	string	\"Three Shrines\"	00509498,
0050cae2	string	\"Five Shrines\"	0050949c,
0050caef	string	\"Three Turns\"	005094a0,
0050cafb	string	\"Five Turns\"	005094a4,
0050cb06	string	\"Eight Turns\"	005094a8,
0050cb12	string	\"Two Cities\"	005094ac,
0050cb1d	string	\"Three Cities\"	005094b0,
0050cb2a	string	\"Five Cities\"	005094b4,
0050cb36	string	\"Seven Cities\"	005094b8,
0050cb43	string	\"Ten Cities\"	005094bc,
0050cb4e	string	\"AI Skill Level\"	005094c0,
0050cb5d	string	\"Hog-tied\"	005094c4,
0050cb66	string	\"Rules Options\"	005094d8,
0050cb74	string	\"Random Events\"	005094dc,
0050cb82	string	\"Allow Alliances\"	005094e0,
0050cb92	string	\"Fast Production\"	005094e4,
0050cba2	string	\"Use World Resource Amounts\"	005094e8,
0050cbbd	string	\"Advanced Options\"	005094ec,
0050cbce	string	\"Last player has\"	005094f0,
0050cbde	string	\"seconds\"	005094f4,005094fc,
0050cbe6	string	\"Auto end turn in\"	005094f8,
0050cbf7	string	\"Choose during Race Select\"	00509504,
0050cc11	string	\"Manifest Destiny\"	DumpGameOptions,00509508,
0050cc22	string	\"Conquest\"	DumpGameOptions,0050950c,
0050cc2b	string	\"Shrine Wars\"	DumpGameOptions,00509510,
0050cc37	string	\"Win either by owning the below number of cities, or totally eliminating your opponents.\"	FUN_0042f950,00509514,
0050cc8f	string	\"Win by totally eliminating your opponents.\"	FUN_0042f950,00509518,
0050ccba	string	\"Win by finding and holding shrines for long enough to complete your research, as below:\"	FUN_0042f950,0050951c,
0050cd12	string	\"Combat Reports\"	00509520,
0050cd21	string	\"View Combat\"	00509524,
0050cd2d	string	\"Please select which combat to view.\"	00509528,
0050cd51	string	\"Territories that have battles in them are highlighted.  To see a battle in a highlighted territory, press the View Combat button.\\n\\nYou can also double click on a territory to view any specific battle you want to see.\"	0050952c,
0050ce2a	string	\"Research Report\"	00509530,
0050ce3a	string	\"We have studied all the technologies that are known to us.  There is nothing more to study.\"	00509534,
0050ce96	string	\"%s\\n\\nResearch Cost\\n%d\\n\\nMonths To Complete\\n%s\\n\\nRequires\\n%s\\n%s\\n%s\"	00509538,
0050ced5	string	\"You cannot buy or sell resources from a territory\\nthat you do not own.\\nSelect one of your territories and try again.\"	0050953c,
0050cf4a	string	\"You do not have enough money to buy these resources.\"	00509540,
0050cf7f	string	\"The resources you are trying to sell must be in another territory.\\n\\nSelect the territory that these resources are in.  Then try selling these resources again.\"	00509544,
0050d01e	string	\"Purchasing %s\"	00509548,
0050d02c	string	\"How much %s are you willing to buy?\"	0050954c,
0050d050	string	\"Selling %s\"	00509550,
0050d05b	string	\"How much %s do you feel you can sell?\"	00509554,
0050d081	string	\"Your Treasury: %d cr.\"	00509558,
0050d097	string	\"Sell For : %d\\nBuy For : %d\\nStock : %d\"	0050955c,
0050d0bd	string	\"%d cr.\\n%d\\n\\n%d\"	00509560,
0050d0cb	string	\"Skirineen Technologies for Sale\"	00509564,
0050d0eb	string	\"No Technologies Are Available\"	FUN_0043210c,00509568,
0050d109	string	\"Lately our sources have not supplied us with any new technologies.  We promise that this situation will change.  Please contact us again.\"	FUN_0043210c,0050956c,
0050d193	string	\"You do not have enough funds for this technology!\\nObviously, we cannot complete this sale.  A pity.  Now this technology will have to be sold to someone else.\"	CheckSubTech,00509574,
0050d232	string	\"%s @ %d credits\"	FUN_004312fc,00509578,
0050d242	string	\"%s\\n\\nResearchCost\\n%d\\n\\n\\n\\n\\nRequires\\n%s\\n%s\\n%s\"	0050957c,
0050d26c	string	\"Colony Statistics Advice\"	00509580,
0050d285	string	\"Use this dialog box to look over your colony and anything you know about other colonies.\\n\\nYou can also double click on buildings or units to directly give them orders.\"	00509584,
0050d32d	string	\"%s commander\\nCities Built: %d\"	00509588,
0050d34b	string	\"%s, %d Cr. %s Tax:%d\"	0050958c,
0050d360	string	\"%s %d/%d Pop. %d Morale\"	00509590,
0050d378	string	\"Construction Site\"	DrawSTileBuilding,00509594,00509974,
0050d38a	string	\"Stock :%d\\nProduction:%+d\"	00509598,
0050d3a3	string	\"No Project\"	005095a0,
0050d3ae	string	\"Current Project: %s\\nETA: %s\"	005095a4,
0050d3ca	string	\"%s commander >>>Captured %d Shrines<<<\\nWill win in %d turns!\"	005095a8,
0050d407	string	\"%s commander >>>Captured %d Shrines<<<\\nWill win THIS TURN!!!\"	005095ac,
0050d444	string	\"%s commander\\nShrines Captured: %d\"	005095b0,
0050d466	string	\"%s commander\"	005095b4,
0050d473	string	\"Select Landing Sites\"	005095b8,
0050d488	string	\"%s colony leader, please select your landing site.\"	FUN_00426d54,005095bc,
0050d4bb	string	\"Please wait while the %s colony leader chooses a landing site...\"	FUN_00426d54,005095c0,
0050d4fc	string	\"Can't Land: Ocean Territory\"	FUN_00427ab0,005095c4,
0050d518	string	\"Can't Land: Adjacent to enemy colony.\"	FUN_00427ab0,005095c8,
0050d53e	string	\"We may land here.\"	FUN_00427ab0,005095cc,
0050d550	string	\"Can't Land: Owned by %s\"	FUN_00427ab0,005095d0,
0050d568	string	\"%s\\nTerrain Type: %s\\n\\n%d building sites\\n%d adjacent land territories\\n\\n%s\\n\"	FUN_00427ab0,005095d4,
0050d5b1	string	\"Can't Land: Wasteland Territory\"	FUN_00427ab0,005095d8,
0050d5d1	string	\"Please select landing site for %s colony.\"	FUN_00426d54,005095dc,
0050d5fb	string	\"A siege cruiser can either move or launch missiles but not both in a turn.\"	FUN_00446084,FUN_00446084,005095e0,
0050d646	string	\"No Unit\"	005095e4,
0050d64e	string	\"Laser Squad\"	005095e8,
0050d65a	string	\"Trooper\"	005095ec,005095f4,
0050d662	string	\"Trooper.\"	005095f0,
0050d66b	string	\"Cannon\"	005095f8,005095fc,00509600,00509604,
0050d672	string	\"Fighter\"	00509608,
0050d67a	string	\"Bomber\"	0050960c,
0050d681	string	\"Spyjet\"	00509610,
0050d688	string	\"Transport\"	00509614,
0050d692	string	\"Dreadnought\"	00509618,
0050d69e	string	\"Carrier\"	0050961c,
0050d6a6	string	\"Commander\"	00509620,
0050d6b0	string	\"Warhead\"	00509624,00509628,0050962c,
0050d6b8	string	\"Defense\"	00509630,00509634,00509638,0050963c,
0050d6c0	string	\"Scout\"	00509644,
0050d6c6	string	\"Colonizer\"	00509648,
0050d6d0	string	\"Medic\"	0050964c,
0050d6da	string	\"Air Command\"	00509654,
0050d6e6	string	\"Destroyer\"	00509658,
0050d6f0	string	\"Submarine\"	0050965c,
0050d6fa	string	\"Sea Colonizer\"	00509660,
0050d708	string	\"Sea Fort\"	00509664,
0050d711	string	\"Sea Command\"	00509668,
0050d71d	string	\"Flak Ship\"	0050966c,
0050d727	string	\"Siege Cruiser\"	00509670,
0050d735	string	\"Siege Missile\"	00509674,
0050d743	string	\"Land Mine\"	00509678,
0050d74d	string	\"Sea Mine\"	0050967c,
0050d756	string	\"WARNING!  WARNING!  PLANE CRASH!\"	FUN_00401ac0,00509680,
0050d777	string	\"If you move your airplane unit to this territory, it will crash at the end of the turn.Do you still feel like moving it?\"	FUN_00401ac0,00509684,
0050d7f0	string	\"Disband Unit\"	FUN_00419924,00509688,
0050d7fd	string	\"Are you sure you want to disband your unit selection?\"	FUN_00419924,0050968c,
0050d833	string	\"Demolish Building\"	FUN_0045b094,00509690,
0050d845	string	\"Demolishing this %s will give you back half the resources you used to build it.  However, this building will be gone.\\n\\nAre you sure you want to demolish your %s?\"	FUN_0045b094,00509694,
0050d8e7	string	\"Sorry.  You cannot demolish buildings in territories you do not own.  Nice try, though.\"	FUN_0045b304,00509698,
0050d93f	string	\"You cannot put workers on this construction site until it gathers all the resources it needs.\\n\\nDouble click this site to see what resources it still doesn't have.\"	0050969c,
0050d9e2	string	\"This %s has been shut down.  You cannot put workers here until you turn it back on.\\n\\nDouble click on the building and uncheck the 'shut down' button.  This activates the building.\"	005096a0,
0050da96	string	\"This %s already has its maximum number of colonists.  There is no room for any more colonists to work here.\"	FUN_0041db10,FUN_0045b448,005096a4,
0050db02	string	\"You cannot place colonists over empty squares.  Colonists must be put on buildings or construction sites.\"	FUN_0045b448,005096a8,
0050db6c	string	\"Colonists may only be put on buildings that are inside the settlement.\"	FUN_0045b448,005096ac,
0050dbb3	string	\"You are not able to change the production of your opponent's buildings.\\n\\nHowever, congratulations on your clever idea!\"	FUN_0045b8e8,005096b0,
0050dc2a	string	\"Missiles can only be launched into neutral or enemy territories.\"	FUN_0045c384,FUN_0045c560,005096b4,
0050dc6b	string	\"Abandoning Territory\"	FUN_0045b448,FUN_0045c704,005096b8,
0050dc80	string	\"You will abandon this territory if you move everyone out of it.\\nAre you sure that you want to leave %s?\"	FUN_0045b448,FUN_0045c704,005096bc,
0050dce8	string	\"You can only move colonists into territories you own.\"	FUN_0045b448,FUN_0045c704,005096c0,
0050dd1e	string	\"You must first send a Colonizer here and give it the Build Settlement mission.  Then you can move colonists into this territory.\"	FUN_0045b448,FUN_0045c704,005096c4,
0050dd9f	string	\"Transfer failed\"	FUN_0045b448,FUN_0045c704,005096c8,
0050ddaf	string	\"You need 25 credits to move each colonist.\"	FUN_0045b448,FUN_0045c704,005096cc,
0050ddda	string	\"%s is full of colonists.  There isn't room for more colonists to move in here.  Either you need to build more Housing or you have reached the territory's population limit.\"	FUN_0045b448,FUN_0045c704,005096d0,
0050de86	string	\"For some reason your colonists did not move into this territory.  Please try again.\"	FUN_0045b448,FUN_0045c704,005096d4,
0050deda	string	\"You can only ship resources to territories that another colony owns.\"	FUN_0045ca3c,005096d8,
0050df1f	string	\"Trade Completed!\"	FUN_00437718,FUN_00437718,005096dc,
0050df30	string	\"Your offer is accepted with enthusiasm.  More money is yours!\"	FUN_00437718,005096e0,
0050df6e	string	\"They like your offer.  Unfortunately, they do not have enough money to pay your price.\"	
0050dfc5	string	\"This colony felt that your offer would cost too much.  They refuse to trade with you.\"	FUN_00437718,005096e8,
0050e01b	string	\"You may only view settlements if they are next to your colony, you have a unit spying in them, or you have bought information from the Skirineen.\"	FUN_0045ad98,005096ec,
0050e0ad	string	\"We have researched all of the technologies we can.  The planet will soon be ours!\"	FUN_0045e4f4,005096f0,
0050e0ff	string	\"Relax, colony leader.\"	FUN_0045e554,005096f4,
0050e115	string	\"Your turn has been logged. (You probably push elevator buttons a million times too, don't you)?\"	FUN_0045e554,005096f8,
0050e175	string	\"Good News\"	005096fc,
0050e17f	string	\"There aren't any battles to watch this turn.\"	00509700,
0050e1ac	string	\"Surrender Now or Die!\"	00509704,
0050e1c2	string	\"Are you sure you wish to surrender?\"	00509708,
0050e1e6	string	\"You must start a settlement before you can make buildings there.  Give a Colonizer the 'Build Settlement' mission and move it into this territory.  The next turn the territory will be yours!\"	FUN_0045eadc,00509718,
0050e2a5	string	\"This building cannot be set down here.  You have placed it over the edge of the settlement.\"	0050971c,0045ed53,
0050e301	string	\"Buildings cannot be built on top of each other.  Demolish a few buildings to make room for this one.\"	00509720,0045ed73,
0050e366	string	\"There is too much water in this square.  You cannot put a building here because its foundation would sink!\"	00509724,0045ed93,
0050e3d1	string	\"You can only build ports in territories that are next to water.\"	00509728,0045edb3,
0050e411	string	\"You already have a City Center in this territory.  You cannot build another one here.\"	0050972c,0045edd3,
0050e467	string	\"%d seconds.\"	00509730,
0050e473	string	\"Morale in %s\"	FUN_00415624,00509734,
0050e480	string	\"Culture at Maximum\"	FUN_00415624,00509738,
0050e493	string	\"You may only view the morale of settlements that you own.\"	FUN_00415624,0050973c,
0050e4cd	string	\"Territories must have population before they have morale.\"	FUN_00415624,00509740,
0050e507	string	\"%s%s %s\\n\\nFood:\\t\\t\\t%d\\nWood:\\t\\t%d\\nEnergy:\\t\\t%d\\nIron:\\t\\t\\t%d\\nEndurium:\\t%d\\n\"	00509744,
0050e54a	string	\"Mineral Survey\"	00509748,
0050e559	string	\"Good News!\"	FUN_0045e4f4,0050974c,
0050e564	string	\"You can't build on a wasteland!\"	00509750,0045edf3,
0050e584	string	\"Pact Status\"	00509754,
0050e590	string	\"The colony accepts your proposal\"	00509758,
0050e5b1	string	\"The colony feels that any alliance would be premature\"	0050975c,
0050e5e7	string	\"Demolishing a sea platform will also destroy every building on it!\\n\\nAre you sure you want to demolish your sea platform?\"	FUN_0045b094,00509760,
0050e660	string	\"One can not build that building on a sea platform.\"	00509764,0045ee10,
0050e693	string	\"You already have a Sea Platform in this territory.  You cannot build another one here.\"	00509768,0045ee2d,
0050e6ea	string	\"One can not build that building on land.\"	0050976c,0045ee4a,
0050e713	string	\"Demolish all buildings in territory %s?\"	FUN_0045b304,00509770,
0050e73b	string	\"WARNING, there is a shrine in %s territory! Are you sure you want to demolish all buildings there?\"	00509774,
0050e79e	string	\"You already have a Shrine in this territory.  You cannot build another one here.\"	00509778,0045ee67,
0050e7ef	string	\"Sea Platforms must be built off a coast. You cannot build one in this territory.\"	FUN_0045eadc,0050977c,
0050e840	string	\"Morale is currently:\\t%d\\nMorale will become:\\t\\t%d\\n\\n\\tMODIFIERS\\nOver population:\\t\\t%+d\\nStarvation:\\t\\t\\t%+d\\nTaxation:\\t\\t\\t\\t%+d\\nCloning:\\t\\t\\t\\t\\t%+d\\nMilitary Presence:\\t%+d\\nCulture and Art:\\t%+d\\nHospitals:\\t\\t\\t\\t%+d\\n%s\"	
0050e907	string	\"Sorry, but you may only place buildings in territories you own and have settled.\"	FUN_0045ef64,00509784,
0050e958	string	\"You may only drag colonists to Task Buttons, the Labor Pool, the Housing Pool, and the Satellite Map. Try again.\"	FUN_0041db10,FUN_00421178,00509788,
0050e9c9	string	\"You can not drag colonists to a locked task.\"	FUN_0041db10,0050978c,
0050e9f6	string	\"The housing pool is full.\"	FUN_0041db10,00509790,
0050ea10	string	\"You cannot set tax rates for a territory you do not own.\"	FUN_0045ae78,00509794,
0050ea49	string	\"Your silicon-based opponents are considering their strategies.\"	RunAITurns,RunAITurns,00509798,
0050ea88	string	\"Please wait...\"	RunAITurns,RunAITurns,0050979c,
0050ea97	string	\"All tasks in this %s are locked. You must unlock some if you want to move a colonist from here.\"	FUN_0045b448,005097a0,
0050eaf7	string	\"You can not drop colonists on this %s while all its tasks are locked.\"	FUN_0045b448,005097a4,
0050eb3d	string	\"As long as you don't have enough housing to fit all your colonists, you can't use the Colony Assistant. Build more housing or move your extra colonists to another settlement.\"	FUN_00420aac,005097a8,
0050ebec	string	\"You can only summon the Skirineen from your own settled territories. Select a new territory and try again.\"	FUN_0045e6d0,005097ac,
0050ec57	string	\"This shrewd move elevates you above your peers. We'll see you soon.\"	005097b0,
0050ec9b	string	\"You've just made the choice that will change your life, forever. We're on our way.\"	005097b4,
0050ecee	string	\"Salvation at the press of a button! We're eager to feed your colony's appetite.\"	005097b8,
0050ed3e	string	\"Skirineen Communique\"	FUN_0045e6d0,005097bc,
0050ed53	string	\"Sorry, you can't transfer materials to a blockaded territory without Transporter technology.\"	FUN_0045ca3c,005097c0,
0050edb0	string	\"Possible memory shortage\"	TestMemory,0050982c,00509824,FUN_00466ddc,
0050edc9	string	\"This machine has %d megabytes of memory.  To improve game performance, we recommend not loading building animations. You may change your mind by changing the 'Force Small Sprites' option in the game options menu.\\n\\nShall we use the reduced sprite set?\"	TestMemory,00509828,
0050eec4	string	\"This machine has %d megabytes of memory.  You will probably have problems playing with this large a world map. \\n\\nWould you like to go back to select a game with a smaller world?\"	00509830,FUN_00466ddc,
0050ef76	string	\"Possible display problems\"	WinMain,00509834,
0050ef90	string	\"Deadlock 2 is designed to run with at least 256-colors and may look odd with your current settings.\\n\\nSet the number of screen colors by using the windows setup program, control panel, or your video card configuration program.\"	WinMain,00509838,
0050f072	string	\"Deadlock 2: Shrine Wars\"	FUN_004770fc,CreateMainWindow,0050983c,
0050f08a	string	\"Quit Game\"	
0050f094	string	\"Re-synching Machines\"	RaceInit,WinMain,FUN_0046e980,00509844,
0050f0a9	string	\"All players are now being synchronized.  This may take some time.  Please wait...\"	RaceInit,WinMain,FUN_0046e980,00509848,
0050f0fb	string	\"Synchronization may take a long time.  This is especially true if everyone has ended their turns but someone still has a dialog box open.\\n\\nThe game cannot continue until this dialog box is closed.\"	0050984c,
0050f1c0	string	\"We have urgent reports for you from the following battles:\\n\\n\\n\"	00509850,
0050f1fe	string	\"Out of Memory Error\"	FUN_0046f5d4,FUN_0046f5d4,00509854,
0050f212	string	\"There is not enough memory to run the game.\\n\\nTry playing Deadlock 2 on a smaller map.\"	FUN_0046f5d4,FUN_0046f5d4,00509858,
0050f268	string	\"Surrender\"	0050985c,
0050f272	string	\"Are you quite sure you wish to surrender?\"	00509860,
0050f29c	string	\"Accepting Surrender\"	00509864,
0050f2b0	string	\"All colonists are evacuating to our colony ship.  The invaders are forcing us to leave behind everything!\"	00509868,
0050f31a	string	\"We have lost the planet!\"	0050986c,
0050f333	string	\"Fill your thoughts with vengeance, colony leader.  Someday we shall return!\"	00509870,
0050f37f	string	\"Refusing Surrender\"	00509874,
0050f392	string	\"So you are going to fight on.  You must have something planned.  What could it be?\"	00509878,
0050f3e5	string	\"The Deadlock 2 CD-ROM cannot be found.  Please insert it in your CD-ROM drive and re-start the game.\"	0050987c,
0050f44a	string	\"Please place the Deadlock 2 CD-ROM in your drive and press OK.\\n\\nIf you just wish to join a multiplayer game, you may press CANCEL to continue without the CD.\"	InitCYGame,00509880,
0050f4e8	string	\"Deadlock 2 Demo\"	00509984,
0050f4f8	string	\"%s Landing\"	FUN_0046d2e8,FUN_004749f8,00509888,
0050f503	string	\"The %s colony has given up all claims to the planet.  Their colonists have left.\"	FUN_0046e39c,0050988c,
0050f554	string	\"Opponent Surrenders\"	FUN_0046e39c,00509890,
0050f568	string	\"Exit Game\"	WaitSync,WaitSync,FUN_00472da4,00509894,00509bbc,
0050f572	string	\"Are you sure you want to exit Deadlock 2?\"	WaitSync,WaitSync,FUN_00472da4,00509898,00509bc0,
0050f59c	string	\"Deadlock 2 CD-ROM Not Found\"	InitCYGame,GetNetGameOptions,0050989c,
0050f5b8	string	\"downed\"	FUN_0046f26c,FUN_0046f26c,FUN_0046f26c,FUN_0046f26c,FUN_0046f26c,005098a4,
0050f5c4	string	\"Scenario Status\"	005098ac,
0050f5d4	string	\"Victory Condition: %s\\n\"	005098b0,
0050f5eb	string	\"Race   City Ctrs.\\tPlayer Name (Skill Level)\\n\"	005098b4,
0050f618	string	\"Race     Shrines\\tPlayer Name (Skill Level)\\n\"	005098b8,
0050f644	string	\"Race\\t\\tPlayer Name (Skill Level)\\n\"	005098bc,
0050f665	string	\"%s\\t  %d \"	005098c0,
0050f66e	string	\"%s\\t *%d*\"	005098c4,
0050f677	string	\"%s\\t     \"	005098c8,
0050f680	string	\"%s\\tdefeated\"	005098cc,
0050f68c	string	\"*** %s *** Will win in %d turns! ***\\n\"	FUN_00415924,005098d0,
0050f6b2	string	\"*** %s *** Will win THIS TURN!!! ***\\n\"	FUN_00415924,005098d4,
0050f6d8	string	\"-------------------------------------------------------\\n\"	005098d8,
0050f711	string	\"\\t%s  (%s)\\n\"	005098dc,
0050f71c	string	\"Victory Condition: %s - %d City Centers\\n\"	005098e0,
0050f745	string	\"Vict. Cond.: %s - %d Shrines for %d Turns\\n\"	005098e4,
0050f770	string	\"Score: %d\\n\"	005098e8,
0050f77b	string	\"Could not open dictionary\"	FUN_00467e58,FUN_00467e58,OpenDataFiles,OpenDataFiles,OpenDataFiles,OpenDataFiles,OpenDataFiles,OpenDataFiles,005098ec,
0050f795	string	\"%s Campaign Scenario #%d\\n\\n\"	
0050f7b0	string	\"Can't start network game with less than 2 participants.\"	GetNetGameOptions,005098f4,
0050f7e8	string	\"Without the CD-ROM, you can not be the master of a multiplayer game.  Please insert it now and click OK to continue, or cancel to quit.\"	GetNetGameOptions,005098f8,
0050f870	string	\"minimal damage.\"	005098fc,
0050f880	string	\"severe damage!\"	00509900,
0050f88f	string	\"catastrophic amounts of damage!\"	00509904,
0050f8af	string	\"Clear High Scores\"	00509908,FUN_0042ebb8,
0050f8c1	string	\"Are you sure you want to clear the high score list?\"	0050990c,FUN_0042ebb8,
0050f8f5	string	\"Choose how you would like your world to be constructed.\"	00509910,
0050f92d	string	\"Preparing Long Range Scan\"	FUN_0046a844,00509914,
0050f947	string	\"Out of Memory (RAM) Error\"	FUN_0046a844,00509918,
0050f961	string	\"Not enough Memory for world map.\\n\\nTry playing on a smaller world.\"	FUN_0046a844,0050991c,
0050f9a3	string	\"Scanning Terrain\"	FUN_0046a844,00509920,
0050f9b4	string	\"Detaching Colony Ship\"	FUN_0046a844,00509924,
0050f9ca	string	\"Colonists Descending Towards Planet\"	FUN_0046a844,00509928,
0050f9ee	string	\"%s\\n\\nTech Level\\n%d\\n\\nResearch Cost\\n%s\\n\\nRequires\\n\"	00509954,0050992c,
0050fa1d	string	\"Skirineen Spy Report Selection\"	00509930,
0050fa3c	string	\"Please select the territory you want a report on.\\nThis will cost you 25 credits.\"	RaceInit,00509934,
0050fa8d	string	\"Sting\"	00509938,
0050fa93	string	\"Masster\"	0050993c,
0050fa9b	string	\"Commander Jameson\"	00509940,
0050faad	string	\"Mighty Maug Chief\"	00509944,
0050fabf	string	\"Mind Bender\"	00509948,
0050facb	string	\"Ubergeneral Grunt\"	0050994c,
0050fadd	string	\"Grand Hortus\"	00509950,
0050faea	string	\"Tech Level\\t%d\\nCost\\t\\t%s\"	00509958,
0050fb01	string	\"No Slots to record Shipments\"	0050995c,
0050fb1e	string	\"To build a %s you will need:\\n\"	FUN_00471d34,00509960,
0050fb3c	string	\"Tech: %s\\n\"	FUN_00471d34,00509964,
0050fb46	string	\"Not enough Stuff!\"	FUN_00471d34,00509968,
0050fb58	string	\"%d credits and the import cost of the materials\\n\"	FUN_00471d34,0050996c,
0050fb89	string	\"Message from the %s\"	
0050fb9d	string	\"Population %d/%d\"	FUN_0047fc84,00509978,
0050fbae	string	\"CD-ROM not found\"	0050997c,
0050fbbf	string	\"The Deadlock 2 CD-ROM can not be found in your CD-ROM drive.\\n\\nYou may continue playing in demo mode.\"	00509980,
0050fc24	string	\"Launching Colony Ship\"	FUN_004634a0,00509988,
0050fc3a	string	\"World Generation Error!\"	FUN_004634a0,0050998c,
0050fc52	string	\"Oops, this world is not usable.  Click OK to try again.\"	FUN_004634a0,00509990,
0050fc8a	string	\"Save Game Error\"	ChCht,ChCht,005099fc,
0050fc9a	string	\"Unable to save current game.\\nWould you like to try again?\"	ChCht,00509a00,
0050fcd4	string	\"Could not open file %s.\"	FUN_004618e8,FUN_00479b6c,FUN_00461c68,FUN_00461d80,FUN_00461e9c,FUN_00479700,00509a04,
0050fcec	string	\"Load Game Error\"	FUN_004618e8,FUN_004618e8,FUN_004618e8,FUN_00479b6c,FUN_00461c68,FUN_00461c68,FUN_00461c68,FUN_00461d80,FUN_00461e9c,FUN_00479700,FUN_00468da0,00509a08,00509a10,00509a18,
0050fcfc	string	\"%s is not a valid saved game.  Unable to load game.\"	FUN_004618e8,FUN_00461c68,FUN_00468da0,00509a0c,
0050fd30	string	\"%s is corrupt.  Unable to load game.\"	FUN_004618e8,FUN_00461c68,00509a14,
0050fd55	string	\"This scenario map does not have enough shrines to complete the SHRINE WARS victory condition. Are you sure you want to save?\"	ChCht,00509a1c,
0050fdd2	string	\"%s is a savefile from a newer version of deadlock. Unable to load game.\"	FUN_004618e8,FUN_00461c68,00509a20,
0050fe1a	string	\"Delete Saved Game\"	FUN_004393e8,00509a24,
0050fe2c	string	\"Are you sure you want to delete '%s'?\"	FUN_004393e8,00509a28,
0050fe52	string	\"Save Game\"	FUN_004393e8,00509a2c,
0050fe5c	string	\"'%s' already exists.  Do you want to overwrite it?\"	FUN_004393e8,00509a30,
0050fe8f	string	\"&Advice\"	00509a34,
0050fe97	string	\"No material may be bought or sold for more than 200 cr. per unit.\\n\\nWould you like to make your offer at 200 cr?\"	00509a38,
0050ff07	string	\"You may transfer materials between territories.  Simply indicate how much you wish to transfer.  The transport cost will be shown.  \\n\\nYou may also offer to sell materials to another player by dragging the materials to their territory.  If the buyer accepts, they will pay the cost of transport, in addition to your price.\"	FUN_004848cc,00509a3c,
00510049	string	\"Transferring Materials\"	FUN_00484980,00509a40,
00510060	string	\"Transferring %s from %s to %s.\"	FUN_00484980,00509a44,
0051007f	string	\"Price per unit:\"	FUN_00484980,00509a48,
0051008f	string	\"Selling Materials\"	FUN_00437718,FUN_00484980,00509a4c,
005100a1	string	\"Offering to sell some of our %s in %s to the %s.\"	FUN_00437718,FUN_00484980,00509a50,
005100d2	string	\"Sale price offered:\"	FUN_00484980,00509a54,
005100e6	string	\"Green\"	00509a58,
005100ec	string	\"Veteran\"	00509a5c,
005100f4	string	\"Elite\"	00509a60,
005100fa	string	\"Does Not Move\"	FUN_00437a3c,FUN_00417434,FUN_00431734,00509a64,00509ac8,
00510108	string	\"Ultra Fast\"	00509a68,
00510113	string	\"Very Fast\"	00509a6c,
0051011d	string	\"Medium\"	00509a74,
00510129	string	\"Very Slow\"	00509a7c,
00510133	string	\"Ultra Slow\"	FUN_00437a3c,FUN_00417434,FUN_00431734,00509a80,
0051013e	string	\"Does Not Shoot\"	FUN_00437a3c,FUN_00417434,00509a84,00509ab4,
00510166	string	\" round/sec.\"	FUN_00437a3c,FUN_00417434,FUN_00431734,00509aac,
00510172	string	\" rounds/sec.\"	FUN_00437a3c,FUN_00417434,FUN_00431734,00509ab0,
0051017f	string	\"%d.3 squares\"	FUN_00437a3c,FUN_00417434,00509ab8,
0051018c	string	\"%d.6 squares\"	FUN_00437a3c,FUN_00417434,00509abc,
00510199	string	\"%d square\"	FUN_00437a3c,FUN_00417434,00509ac0,
005101a3	string	\"%d squares\"	FUN_00437a3c,FUN_00417434,00509ac4,
005101ae	string	\"point\"	FUN_00437a3c,FUN_00417434,FUN_00431734,00509acc,
005101b4	string	\"points\"	FUN_00437a3c,FUN_00417434,FUN_00431734,00509ad0,
005101bb	string	\"credit\"	FUN_00437a3c,FUN_00417434,FUN_00431734,00509ad8,
005101c2	string	\"You can rename your units and give them battle orders and missions.\\n\\nBattle orders control how they behave in combat.\\n\\nUnit missions allow them to perform special actions.\"	00509ae0,
0051026e	string	\"This construction site requires more materials before labor may be assigned to it.  Listed are how many materials have been collected, as well as how many are required.\\n\\nMaterials will be automatically imported as they become available.  When enough materials have been collected you will be able to assign labor to construct the building.\"	00509ae4,
005103c2	string	\"Materials Collected\"	00509ae8,
005103d6	string	\"Shut Down\"	00509aec,
005103e0	string	\"This dialog allows you to adjust your sound and display preferences.\\n\\nThese will be saved and automatically restored the next time you play.\"	00509af0,
0051046d	string	\"Sprite Options\"	00509af4,
0051047c	string	\"Changes to this setting will not take effect until you re-start the game.\"	00509af8,
005104c6	string	\"Tax Revenue\\t\\t\\t%s Cr.\"	00509afc,
005104db	string	\"Morale Effect\\t\\t%d\"	00509b00,
005104ed	string	\"Trade Revenue\\t\\t%s Cr.\"	00509b04,
00510503	string	\"Local Tax Adjustment\"	00509b08,
00510518	string	\"%s Colony's Global Tax Rate\"	FUN_00436a44,00509b0c,
00510534	string	\"Set Tax Rates\"	00509b10,
00510542	string	\"No Taxes\"	00509b14,
0051054b	string	\"Minimal Taxes\"	00509b18,
00510559	string	\"Light Taxes\"	00509b1c,
00510565	string	\"Moderate Taxes\"	00509b20,
00510574	string	\"Heavy Taxes\"	00509b24,
00510580	string	\"Oppressive Taxes\"	00509b28,
00510591	string	\"Reduced Taxes\"	00509b2c,
0051059f	string	\"Standard Taxes\"	00509b30,
005105ae	string	\"Increased Taxes\"	00509b34,
005105be	string	\"Troop Upkeep\\t\\t%s Cr.\"	00509b38,
005105d3	string	\"Select Ship Launch Site\"	FUN_0042f680,00509b3c,
005105eb	string	\"Please select where to launch your ships.\"	FUN_0042f680,00509b40,
00510615	string	\"Specify an ocean territory to launch new ships into.\\n\\nAll ships created by this port will be launched into this ocean.\\n\\nYou may change your launch site at any time.\"	00509b44,
005106ba	string	\"Events for turn %d\"	00509b48,
005106cd	string	\"There are no events to report this turn.\"	FUN_00423904,00509b4c,
005106f6	string	\"To add a unit to your buildings unit queue, highlight the unit and select Build.\\n\\nTo view all units in the game, select 'view all units'\"	
0051077f	string	\"Type in a custom chat message\"	FUN_0041ed44,00509bac,
0051079d	string	\"Select the Custom button to enter a custom chat message\"	FUN_0041ed78,00509bb0,
005107d5	string	\"Player #%d has disconnected from the network.\"	00509bb4,
00510803	string	\"Player Disconnected\"	00509bb8,00509be8,
00510817	string	\"The game files have been corrupted or tampered with.\\nDeadlock 2 can not run in this state.\\n\\nPlease call Accolade customer support.\"	FUN_00473924,00509bc4,
0051089a	string	\"Bad Game File\"	FUN_00473924,00509bc8,
005108a8	string	\"Add Race Error\"	FUN_0043bd5c,FUN_0043bd5c,FUN_0043bd5c,00509bcc,
005108b7	string	\"You cannot create a landing site on another race's territory.\"	FUN_0043bd5c,00509bd0,
005108f5	string	\"There are already 7 races in this scenario.\"	FUN_0043bd5c,00509bd4,
00510921	string	\"That territory is not suitable as a landing site.\"	FUN_0043bd5c,00509bd8,
00510953	string	\"Rotate Race Error\"	00509bdc,
00510965	string	\"Can't change player's race because all are in use.\"	00509be0,
00510998	string	\"Session #%d disconnected.\"	FUN_004751d0,00509be4,
005109b2	string	\"Sale Completed.\"	00509bec,
005109c2	string	\"You have made the purchase!\"	00509bf0,
005109de	string	\"Offer Withdrawn.\"	00509bf4,
005109ef	string	\"The other player has withdrawn their offer.\"	00509bf8,
00510a1b	string	\"The slaves are not responding to our messages.\\n\\nShall we exit the game?\"	00509c00,
00510a63	string	\"The master is not responding to our messages.\\n\\nShall we exit the game?\"	00509c04,
00510aaa	string	\"Pact Completed.\"	00509c08,
00510aba	string	\"You have made the pact!\"	00509c0c,
00510ad2	string	\"Proposal Withdrawn.\"	00509c10,
00510ae6	string	\"The other player has withdrawn their proposal.\"	00509c14,
00510b15	string	\"Pact Broken\"	NetBreakPact,00509c18,
00510b21	string	\"You have broken your %s pact with the %s\"	
00510b4a	string	\"The %s have broken their %s pact with you\"	NetBreakPact,00509c20,
00510b74	string	\"The %s are unaware that your %s pact is broken\"	00509c24,
00510ba3	string	\"Synchronizing\"	00509c28,
00510bb1	string	\"Now synchronizing game data with the master.  Please wait.\"	00509c2c,
00510bec	string	\"Load MultiPlayer Game\"	FUN_0047997c,FUN_00479de4,FUN_00479700,00509c30,
00510c02	string	\"Sending Game Data\\r%d%% complete\"	FUN_00479b6c,FUN_00479b6c,FUN_00479700,FUN_00479700,00509c34,
00510c22	string	\"Receiving Game Data\\r%d%% complete\"	FUN_0047997c,FUN_00479a88,FUN_00479de4,FUN_00479ee0,00509c38,
00510c44	string	\"Load Map\"	FUN_00479b6c,00509c3c,
00510c4d	string	\"To start a new game, or join one, specify which type of connection (LAN or serial) and whether you wish to start a game or join one.\\n\\nTEN and Mplayer are internet providers.  You will be charged to use these services, but they will allow you to play with people across the world.\"	00509c40,
00510d65	string	\"Mplayer Launch Error\"	00509c44,
00510d7a	string	\"Unable To Launch Deadlock 2 On Mplayer!\\n\\nPlease make sure the MPCHECK.EXE file is in the Deadlock 2 directory. If it is not please re-install Deadlock 2 or visit www.mplayer.com for more information.\"	00509c48,
00510e42	string	\"To play Deadlock 2 over TEN, you must be using Windows 95.\"	00509c4c,
00510e7d	string	\"Bad or missing tengame.ini file.  Please install TEN from your Deadlock 2 CD or visit www.ten.net for a free installer.\"	00509c50,
00510ef5	string	\"Bad ten.ini file.  Please install TEN from your Deadlock 2 CD or visit www.ten.net for a free installer.\"	00509c54,
00510f5e	string	\"TEN installer not found in Deadlock 2 directory.  Install TEN from your Deadlock 2 CD or visit www.ten.net for a free installer.\"	00509c58,
00510fdf	string	\"Play on TEN\"	00509c5c,
00510feb	string	\"No wave devices!\\n\"	00509c60,
00510ffd	string	\"DEADLOCK 2 DEMO v%d.%d%d\"	00509c64,
00511016	string	\"DEADLOCK 2 v%d.%d%d\"	LoadPrefsAndInit,00509c68,
0051102a	string	\"Deadlock and Accolade are trademarks of Accolade, Inc.\\nThe Deadlock 2 game is (c)1997/1998 Accolade, Inc. Portions (c)Microsoft, Inc. All Rights Reserved.\"	LoadPrefsAndInit,00509c6c,
005110c5	string	\"Please name this game.\"	00509c70,
005110dc	string	\"Serial Error\"	00509c74,FUN_00468a28,FUN_00468a28,
005110e9	string	\"Couldn't initialize connection.\"	00509c78,FUN_00468a28,FUN_00468a28,FUN_00468a28,
00511109	string	\"Netbios Error\"	00509c7c,FUN_00468a28,FUN_00468a28,
00511117	string	\"Confirm Quitting Deadlock 2\"	00509c80,FUN_00467884,FUN_00468a28,
00511133	string	\"Quit Deadlock 2 to run NetAccolade?\"	00509c84,FUN_00467884,
00511157	string	\"Couldn't start NetAccolade. Try shutting down other applications and attempt to run it again.\"	00509c88,FUN_00467884,FUN_00467884,FUN_00467884,
005111b5	string	\"The NetAccolade program file couldn't be found.\"	00509c8c,FUN_00467884,FUN_00467884,
005111e5	string	\"Error Starting NetAccolade\"	00509c90,FUN_00467884,FUN_00467884,FUN_00467884,
00511200	string	\"Could not connect to the game.  Verify your network, serial, or modem settings and try again.\"	00509c98,FUN_00468c94,
0051125e	string	\"NetAccolade has not been installed properly. Please reinstall or call Accolade customer support.\"	00509c9c,FUN_00467884,FUN_00467884,
005112bf	string	\"%s\\nOwned by: Nobody\"	FUN_0044a0e0,00509ca0,
005112d3	string	\"%s\\nOwned by: %s\"	FUN_0044a0e0,00509ca4,
005112e3	string	\"%s\\nOwned by: Unknown\"	FUN_0044a0e0,00509ca8,
005112f8	string	\"%s stockpile\"	00509cac,
00511305	string	\"Unhappy Colonists\"	00509cb0,
00511317	string	\"Happy Colonists\"	00509cb4,
00511327	string	\"Current Research Project\"	00509cb8,
00511340	string	\"Research Progress\"	00509cbc,
00511352	string	\"Ringing\"	00509cc0,
0051135a	string	\"Not Connected\"	00509cc4,
00511368	string	\"Would you like to save the current game before continuing?\"	FUN_00423c24,00509ccc,
005113a3	string	\"New Single Player Game\"	00509cd0,
005113ba	string	\"New Multi-player Game\"	00509cd4,
005113d0	string	\"New Shrine Wars Campaign\"	00509cd8,
005113e9	string	\"Load Custom Scenario\"	FUN_004399dc,00509cdc,
005113fe	string	\"Single Player Quickstart\"	00509ce0,
00511417	string	\"Tutorial\"	00509ce4,
00511420	string	\"Editor\"	00509cec,
00511427	string	\"Load Single Player Game\"	00509cf0,
0051143f	string	\"Load Multi-player Game\"	00509cf4,
0051145b	string	\"Player Name\"	00509d00,
00511467	string	\"Map Editor\"	00509d04,
00511472	string	\"Scenario Editor\"	00509d08,
00511482	string	\"Campaign Editor\"	00509d0c,
00511492	string	\"Custom Campaign\"	00509d18,
005114a2	string	\"Random Scenario\"	00509d1c,
005114b2	string	\"Custom Map\"	FUN_004399dc,00509d20,
005114bd	string	\"Random Map\"	00509d24,
005114c8	string	\"Load Campaign Game\"	00509d28,
005114db	string	\"Load Other Single Player Game\"	00509d2c,
005114f9	string	\"Create New Scenario\"	00509d30,
0051150d	string	\"Load Existing Scenario\"	00509d34,
00511524	string	\"Create New Map\"	00509d38,
00511533	string	\"Load Existing Map\"	FUN_004399dc,00509d3c,
00511545	string	\"Load Game\"	
0051154f	string	\"Territory '%s'\"	FUN_00473d0c,00509d44,
0051155e	string	\"Edit Resources (base terrain is %s)\"	FUN_0047425c,00509d48,
00511582	string	\"There must be at least as many landing sites (%d) as players!\"	FUN_00413784,00509d50,
005115c0	string	\"Territory Specification Error...\"	FUN_00413784,00509d54,
005115e1	string	\"Online Help is not in this demo.\"	00509d58,
00511602	string	\"The file readme.txt contains detailed directions for playing the Demo.\"	00509d5c,
00511649	string	\"Pacts Button Disabled\"	FUN_0043baf4,FUN_0043be98,00509d60,
0051165f	string	\"The ALLOW ALLIANCES option was not selected during game setup phase.\"	FUN_0043baf4,FUN_0043be98,00509d64,
005116a4	string	\"Building Button Disabled\"	FUN_0043baf4,FUN_0043be98,00509d68,
005116bd	string	\"You must be in the Settlement View in order to place buildings.\"	FUN_0043baf4,FUN_0043be98,00509d6c,
005116fd	string	\"Select Territory to Effect\"	00509d70,
00511718	string	\"Please select which territory your Weather Control Station will manipulate.\"	00509d74,
00511764	string	\"Specify which territory the Weather Control Station is aimed at. For friendly territories, this will improve crop growth and provide satellilte blockage. For enemy territories, flooding and ship sinking will occur!\"	00509d78,
0051183b	string	\"%c Establish Military or Victory pact with %s\\n\"	00509d80,
0051186a	string	\"%c Capture %s for %d turns\\n\"	00509d84,
00511886	string	\"o Lose if %s are eliminated\\n\"	00509d88,
005118a3	string	\"o Can't research %s\\n\"	00509d8c,
005118b8	string	\"o Aircraft, Missiles, and their support buildings are not available\\n\"	00509d98,
005118fd	string	\"%c Obtain %s\\n\"	00509d9c,
0051190b	string	\"o Scenario ends after %d turns\\n\"	00509da0,
0051192b	string	\"o Colonists can't reproduce\\n\"	00509da4,
00511948	string	\"%c Eliminate the %s\\n\"	00509da8,
0051195d	string	\"o Destroy all shrines and your opponents' city centers\\n\"	00509dac,
00511995	string	\"o Obtain %d sea territories for %d turns\\n\"	00509db0,
005119bf	string	\"o Capture both shrines and their surrounding territories\\n\"	FUN_00415924,00509db4,
005119f9	string	\"Due to a mishap with your colony supply ship, Metallurgy technology can not be researched. It must be obtained through alternate means.\"	FUN_0043cc5c,00509db8,
00511a81	string	\"Move Resources\"	FUN_00428468,00509dbc,
00511a90	string	\"It will cost\"	00509dc0,
00511a9d	string	\"credits to move this many units\"	00509dc4,
00511abd	string	\"How many units of this resource do you wish to transfer?\"	FUN_00428468,00509dc8,
00511af6	string	\"No Mission\"	FUN_00419154,FUN_00419154,FUN_00419154,FUN_00419154,00509dcc,
00511b05	string	\"Subvert\"	00509dd4,
00511b0d	string	\"Poison Land\"	00509dd8,
00511b19	string	\"Steal Technology\"	00509ddc,
00511b2a	string	\"Steal Resources\"	00509de0,
00511b3a	string	\"Mechanical Sabotage\"	00509de4,
00511b4e	string	\"Shaman Dance\"	00509de8,
00511b5b	string	\"Build Settlement\"	00509dec,
00511b6c	string	\"Build Platform\"	00509df0,
00511b7b	string	\"Patrol\"	00509df4,
00511b82	string	\"Repair\"	00509df8,
00511b89	string	\"Uncloak\"	00509dfc,
00511b91	string	\"Suppress Population\"	00509e00,
00511ba5	string	\"Train\"	00509e04,
00511bab	string	\"Silent Running\"	00509e08,
00511bbf	string	\"Underwater Search\"	00509e10,
00511bd1	string	\"Mine Territory\"	00509e14,
00511be0	string	\"Disarm Mines\"	00509e18,
00511bed	string	\"Transfer to ChCht\"	00509e1c,
00511bff	string	\"Transfer to Cyth\"	00509e20,
00511c10	string	\"Transfer to Humans\"	00509e24,
00511c23	string	\"Transfer to Maug\"	00509e28,
00511c34	string	\"Transfer to Relu\"	00509e2c,
00511c45	string	\"Transfer to Tarth\"	00509e30,
00511c57	string	\"Transfer to Uva Mosk\"	00509e34,
00511c6c	string	\"Attack Units Only\"	FUN_004193e0,FUN_004193e0,FUN_004193e0,FUN_004193e0,00509e38,
00511c7e	string	\"Berserk\"	00509e3c,
00511c86	string	\"Juggernaut\"	00509e40,
00511c91	string	\"Attack All\"	00509e44,
00511c9c	string	\"Avoid Mines\"	00509e48,
00511ca8	string	\"Attack Buildings\"	00509e4c,
00511cb9	string	\"Attack Farms\"	00509e50,
00511cc6	string	\"Attack Mines\"	00509e54,
00511cd3	string	\"Attack Power Plants\"	00509e58,
00511ce7	string	\"Attack Factories\"	00509e5c,
00511cf8	string	\"Attack Research Centers\"	00509e60,
00511d10	string	\"Attack Culture Centers\"	00509e64,
00511d27	string	\"Attack Sea Ports\"	00509e68,
00511d38	string	\"Attack Airports\"	00509e6c,
00511d48	string	\"Attack City Centers\"	00509e70,
00511d5c	string	\"Attack Missile Bases\"	00509e74,
00511d71	string	\"Attack Shrines\"	00509e78,
00511d80	string	\"Attack Fuel Depots\"	00509e7c,
00511d93	string	\"Attack Cloning Centers\"	00509e80,
00511daa	string	\"Attack Hospitals\"	00509e84,
00511dbb	string	\"Attack Training Centers\"	00509e88,
00511dd3	string	\"Attack Ocean Controls\"	00509e8c,
00511de9	string	\"Attack Housing\"	00509e90,
00511df8	string	\"Attack Forts\"	00509e94,
00511e05	string	\"Attack Bunkers\"	00509e98,
00511e14	string	\"Attack Sea Platforms\"	00509e9c,
00511e29	string	\"Combat Support\"	00509ea0,
00511e38	string	\"Why throw your ground forces into peril?\\n\\nA squadron of Starflare Bombers can wreak havoc on your enemy's settlements.\\n\\nBuy the full version of Deadlock and research 46 awesome technologies!\"	00509ea4,
00511ef7	string	\"Want to keep your coasts safe?\\n\\nCreating silent running wolf packs of attack submarines is a great way to defend your shores.\\n\\nBuy the full version of Deadlock and research 46 awesome technologies!\"	00509ea8,
00511fbd	string	\"Tired of getting flak?\\n\\nTry an attack with terrain following Groundbreaker Warheads.\\n\\nBuy the full version of Deadlock and research 46 awesome technologies!\"	00509eac,
0051205a	string	\"Why fire blind?\\n\\nTargeting Computers allow your missiles to go after exactly the targets you want.\\n\\nBuy the full version of Deadlock and research 46 awesome technologies!\"	00509eb0,
00512105	string	\"Don't leave your valuable settlements exposed.\\n\\nLaying mines gives you an extra edge of defense for those valuable territories.\\n\\nBuy the full version of Deadlock and research 46 awesome technologies!\"	00509eb4,
005121cd	string	\"Why put untrained colonists on your front lines?\\n\\nA Combat Bunker protects your population and leaves the fighting to those who know how.\\n\\nBuy the full version of Deadlock and research 46 awesome technologies!\"	00509eb8,
0051229f	string	\"Not getting all you want out of your air force?\\n\\nSee farther, strike harder with an Air Command directing your sqadrons.\\n\\nBuy the full version of Deadlock and research 46 awesome technologies!\"	00509ebc,
00512360	string	\"pThis NULL in UnitList::Insert()\"	UnitList__Insert,
00512381	string	\"pIterance NULL in UnitList::Delete()\"	UnitList__Delete,
005123a6	string	\"pThis NULL in UnitList::Delete()\"	UnitList__Delete,
005123c8	string	\"Steal Tech\"	FUN_0048514c,
005123d3	string	\"AnyKnown\"	AnyKnown,
005123dc	string	\"Give Experience\"	FUN_004851ec,
005123ec	string	\"SearchForSubs\"	SearchForSubs,SearchForSubs,
005123fa	string	\"Uncloak\"	FUN_00485364,FUN_00485364,
00512402	string	\"SpyCaught\"	SpyCaught,
0051240c	string	\"DETECT_MINE_MISSION1\"	FUN_00485668,
00512421	string	\"DETECT_MINE_MISSION2\"	FUN_00485668,
00512436	string	\"SABOTAGE_MISSION\"	FUN_00485668,
00512447	string	\"Sabotage Destroys Building?\"	FUN_00485668,
00512463	string	\"Sabotage\"	FUN_00485668,
0051246c	string	\"sabotaged\"	FUN_00485668,
00512476	string	\"Shaman\"	FUN_00485668,FUN_00485668,
0051247d	string	\"spied\"	FUN_00485668,
00512483	string	\"StealTechM\"	FUN_00485668,
0051248e	string	\"stole tech\"	FUN_00485668,
00512499	string	\"SUBVERT_MISSION\"	FUN_00485668,
005124a9	string	\" subverted\"	FUN_00485668,
005124b4	string	\"POISON_LAND_MISSION\"	FUN_00485668,
005124c8	string	\"poisoned\"	FUN_00485668,
005124d1	string	\"stole resources\"	FUN_00485668,
005126af	string	\"%d turns\"	FUN_00486e34,
00512700	string	\"SMACKW32.DLL\"	LoadSmacker,LoadSmacker,LoadSmacker,
0051270d	string	\"XenoWinG\"	CreateWinGWindow,
00512716	string	\"SPRITENW.DAT\"	CreateWinGWindow,
005154e4	string	\"MISC\\\\CIDLEA\"	
005154f0	string	\"MISC\\\\CIDLEB\"	
005154fc	string	\"MISC\\\\CIDLEC\"	
00515508	string	\"MISC\\\\CIDLED\"	
00515514	string	\"MISC\\\\CIDLEE\"	
00515520	string	\"MISC\\\\CHEADA\"	
0051552c	string	\"MISC\\\\CTAILA\"	
00515538	string	\"CH\\\\CSTARA\"	
00515542	string	\"CH\\\\CWARNA\"	
00515560	string	\"CH\\\\CGRANA\"	
00515574	string	\"CH\\\\CGRANC\"	
0051557e	string	\"CH\\\\CBRANA\"	
00515592	string	\"CH\\\\CBRANC\"	
0051559c	string	\"CH\\\\CGCONA\"	
005155b0	string	\"CH\\\\CGCONC\"	
005155ba	string	\"CH\\\\CBCONA\"	
005155ce	string	\"CH\\\\CBCONC\"	
0051561e	string	\"CH\\\\CEXITA\"	
00515646	string	\"CH\\\\CEXITE\"	
00515664	string	\"CH\\\\CEXITH\"	
0051566e	string	\"CH\\\\CEXITI\"	
0051568c	string	\"CH\\\\CEXITL\"	
00515696	string	\"CH\\\\CCURRA\"	
005156b4	string	\"CH\\\\CCURRD\"	
005156be	string	\"CH\\\\CCURRE\"	
005156d2	string	\"CH\\\\CCURRG\"	
005156dc	string	\"CH\\\\CCURRH\"	
005156e6	string	\"CH\\\\CCURRI\"	
005156f0	string	\"CH\\\\CTECHG\"	
005156fa	string	\"CH\\\\CTECHH\"	
00515704	string	\"CH\\\\CTECHI\"	
0051570e	string	\"CH\\\\CTECHA\"	
00515718	string	\"CH\\\\CTECHB\"	
0051572c	string	\"CH\\\\CTECHD\"	
00515736	string	\"CH\\\\CTECHE\"	
0051574a	string	\"CH\\\\CANNOA\"	
00515754	string	\"CH\\\\CANNOB\"	
00515768	string	\"CH\\\\CDAMAB\"	
00515772	string	\"CH\\\\CDAMAC\"	
0051577c	string	\"CH\\\\CTRIBA\"	
005157a4	string	\"CH\\\\CWAITA\"	
005157c2	string	\"CH\\\\CELIMD\"	
005157d6	string	\"CH\\\\CELIMA\"	
005157e0	string	\"CH\\\\CELIMB\"	
005157f4	string	\"CH\\\\CELIME\"	
00515812	string	\"MISC\\\\CVICT\"	
0051581d	string	\"CH\\\\CINSTA\"	
00515827	string	\"CH\\\\CINSTB\"	
00515831	string	\"CH\\\\CINSTC\"	
0051583b	string	\"CH\\\\CINSTD\"	
00515845	string	\"CH\\\\CINSTE\"	
0051584f	string	\"CH\\\\CINSTF\"	
00515859	string	\"CH\\\\CINSTG\"	
00515863	string	\"CH\\\\CINSTH\"	
0051586d	string	\"CH\\\\CINSTI\"	
00515881	string	\"CH\\\\CINSTK\"	
0051588b	string	\"CH\\\\CINSTL\"	
00515895	string	\"CH\\\\CINSTM\"	
0051589f	string	\"CH\\\\CINSTN\"	
005158a9	string	\"CH\\\\CINSTO\"	
005158b3	string	\"CH\\\\CINSTP\"	
005158bd	string	\"CH\\\\CINSTQ\"	
005158c7	string	\"CH\\\\CINSTR\"	
005158d1	string	\"CH\\\\CINSTS\"	
005158db	string	\"CH\\\\CINSTT\"	
005158e5	string	\"CH\\\\CTHRTA\"	
0051590d	string	\"CH\\\\CTHRTE\"	
0051592b	string	\"CH\\\\CTHRTH\"	
005159ad	string	\"CH\\\\CBRAGA\"	
005159d5	string	\"CH\\\\CBRAGE\"	
005159e9	string	\"CH\\\\CBRAGG\"	
005159f3	string	\"CH\\\\CBRAGH\"	
005159fd	string	\"CH\\\\CBRAGI\"	
00515a25	string	\"CH\\\\CBRAGM\"	
00515a2f	string	\"CH\\\\CBRAGN\"	
00515a39	string	\"CH\\\\CBRAGO\"	
00515a57	string	\"CH\\\\CBRAGR\"	
00515a61	string	\"CH\\\\CBRAGS\"	
00515a75	string	\"CH\\\\CBRAGU\"	
00515a7f	string	\"CH\\\\CCMPTA\"	
00515aa7	string	\"CH\\\\CCMPTE\"	
00515ac5	string	\"CH\\\\CCMPTH\"	
00515acf	string	\"CH\\\\CCMPTI\"	
00515b0b	string	\"CH\\\\CCMPTO\"	
00515b33	string	\"CH\\\\CCMPTS\"	
00515b47	string	\"CH\\\\CCUSTA\"	
00515b51	string	\"CH\\\\CCUSTB\"	
00515b5b	string	\"CH\\\\CCUSTC\"	
00515b65	string	\"CH\\\\CCUSTD\"	
00515b6f	string	\"MISC\\\\YIDLEA\"	
00515b7b	string	\"MISC\\\\YIDLEB\"	
00515b87	string	\"MISC\\\\YIDLEC\"	
00515b93	string	\"MISC\\\\YIDLED\"	
00515b9f	string	\"MISC\\\\YIDLEE\"	
00515bab	string	\"MISC\\\\YHEADA\"	
00515bb7	string	\"MISC\\\\YTAILA\"	
00515bc3	string	\"CY\\\\YSTARA\"	
00515bcd	string	\"CY\\\\YWARNA\"	
00515beb	string	\"CY\\\\YGRANA\"	
00515bff	string	\"CY\\\\YGRANC\"	
00515c09	string	\"CY\\\\YBRANA\"	
00515c1d	string	\"CY\\\\YBRANC\"	
00515c27	string	\"CY\\\\YGCONA\"	
00515c45	string	\"CY\\\\YBCONA\"	
00515ca9	string	\"CY\\\\YEXITA\"	
00515cd1	string	\"CY\\\\YEXITE\"	
00515cef	string	\"CY\\\\YEXITH\"	
00515cf9	string	\"CY\\\\YEXITI\"	
00515d21	string	\"CY\\\\YCURRA\"	
00515d49	string	\"CY\\\\YCURRE\"	
00515d71	string	\"CY\\\\YCURRI\"	
00515d8f	string	\"CY\\\\YTECHI\"	
00515d99	string	\"CY\\\\YTECHA\"	
00515dc1	string	\"CY\\\\YTECHE\"	
00515dd5	string	\"CY\\\\YANNOA\"	
00515ddf	string	\"CY\\\\YANNOB\"	
00515dfd	string	\"CY\\\\YDAMAC\"	
00515e07	string	\"CY\\\\YTRIBA\"	
00515e2f	string	\"CY\\\\YWAITA\"	
00515e57	string	\"CY\\\\YELIMB\"	
00515e61	string	\"CY\\\\YELIMA\"	
00515e6b	string	\"CY\\\\YELIME\"	
00515e9d	string	\"MISC\\\\YVICT\"	
00515ea8	string	\"CY\\\\YINSTA\"	
00515eb2	string	\"CY\\\\YINSTB\"	
00515ebc	string	\"CY\\\\YINSTC\"	
00515ec6	string	\"CY\\\\YINSTD\"	
00515ed0	string	\"CY\\\\YINSTE\"	
00515eda	string	\"CY\\\\YINSTF\"	
00515eee	string	\"CY\\\\YINSTH\"	
00515ef8	string	\"CY\\\\YINSTI\"	
00515f0c	string	\"CY\\\\YINSTK\"	
00515f16	string	\"CY\\\\YINSTL\"	
00515f20	string	\"CY\\\\YINSTM\"	
00515f2a	string	\"CY\\\\YINSTN\"	
00515f34	string	\"CY\\\\YINSTO\"	
00515f3e	string	\"CY\\\\YINSTP\"	
00515f48	string	\"CY\\\\YINSTQ\"	
00515f52	string	\"CY\\\\YINSTR\"	
00515f5c	string	\"CY\\\\YINSTS\"	
00515f66	string	\"CY\\\\YINSTT\"	
00515f70	string	\"CY\\\\YTHRTA\"	
00515f98	string	\"CY\\\\YTHRTE\"	
00515fb6	string	\"CY\\\\YTHRTH\"	
00515fc0	string	\"CY\\\\YTHRTI\"	
00515ffc	string	\"CY\\\\YTHRTO\"	
00516024	string	\"CY\\\\YTHRTS\"	
0051604c	string	\"CY\\\\YBRAGA\"	
00516074	string	\"CY\\\\YBRAGE\"	
00516088	string	\"CY\\\\YBRAGG\"	
00516092	string	\"CY\\\\YBRAGH\"	
0051609c	string	\"CY\\\\YBRAGI\"	
005160ce	string	\"CY\\\\YBRAGN\"	
005160d8	string	\"CY\\\\YBRAGO\"	
00516100	string	\"CY\\\\YBRAGS\"	
00516114	string	\"CY\\\\YCMPTA\"	
0051613c	string	\"CY\\\\YCMPTE\"	
0051615a	string	\"CY\\\\YCMPTH\"	
00516164	string	\"CY\\\\YCMPTI\"	
005161a0	string	\"CY\\\\YCMPTO\"	
005161be	string	\"CY\\\\YCMPTR\"	
005161c8	string	\"CY\\\\YCMPTS\"	
005161dc	string	\"CY\\\\YCUSTA\"	
00516204	string	\"MISC\\\\HIDLEA\"	
00516210	string	\"MISC\\\\HIDLEB\"	
0051621c	string	\"MISC\\\\HIDLEC\"	
00516228	string	\"MISC\\\\HIDLED\"	
00516234	string	\"MISC\\\\HIDLEE\"	
00516240	string	\"MISC\\\\HHEADA\"	
0051624c	string	\"MISC\\\\HTAILA\"	
00516258	string	\"HU\\\\HSTARA\"	
00516262	string	\"HU\\\\HWARNA\"	
00516280	string	\"HU\\\\HGRANA\"	
00516294	string	\"HU\\\\HGRANC\"	
0051629e	string	\"HU\\\\HBRANA\"	
005162b2	string	\"HU\\\\HBRANC\"	
005162bc	string	\"HU\\\\HGCONA\"	
0051633e	string	\"HU\\\\HEXITA\"	
00516366	string	\"HU\\\\HEXITE\"	
00516384	string	\"HU\\\\HEXITH\"	
0051638e	string	\"HU\\\\HEXITI\"	
005163ac	string	\"HU\\\\HEXITL\"	
005163b6	string	\"HU\\\\HCURRA\"	
005163de	string	\"HU\\\\HCURRE\"	
00516406	string	\"HU\\\\HCURRI\"	
00516424	string	\"HU\\\\HTECHI\"	
0051642e	string	\"HU\\\\HTECHA\"	
00516456	string	\"HU\\\\HTECHE\"	
0051646a	string	\"HU\\\\HANNOA\"	
00516474	string	\"HU\\\\HANNOB\"	
00516492	string	\"HU\\\\HDAMAC\"	
0051649c	string	\"HU\\\\HTRIBA\"	
005164c4	string	\"HU\\\\HWAITA\"	
005164e2	string	\"HU\\\\HELIMD\"	
005164ec	string	\"HU\\\\HELIMB\"	
00516500	string	\"HU\\\\HELIMA\"	
00516514	string	\"HU\\\\HELIME\"	
00516532	string	\"MISC\\\\HVICT\"	
0051653d	string	\"HU\\\\HINSTA\"	
00516547	string	\"HU\\\\HINSTB\"	
00516551	string	\"HU\\\\HINSTC\"	
0051655b	string	\"HU\\\\HINSTD\"	
00516565	string	\"HU\\\\HINSTE\"	
0051656f	string	\"HU\\\\HINSTF\"	
00516579	string	\"HU\\\\HINSTG\"	
00516583	string	\"HU\\\\HINSTH\"	
0051658d	string	\"HU\\\\HINSTI\"	
005165a1	string	\"HU\\\\HINSTK\"	
005165ab	string	\"HU\\\\HINSTL\"	
005165b5	string	\"HU\\\\HINSTM\"	
005165bf	string	\"HU\\\\HINSTN\"	
005165c9	string	\"HU\\\\HINSTO\"	
005165d3	string	\"HU\\\\HINSTP\"	
005165dd	string	\"HU\\\\HINSTQ\"	
005165e7	string	\"HU\\\\HINSTR\"	
005165f1	string	\"HU\\\\HINSTS\"	
005165fb	string	\"HU\\\\HINSTT\"	
00516605	string	\"HU\\\\HTHRTA\"	
0051662d	string	\"HU\\\\HTHRTE\"	
0051664b	string	\"HU\\\\HTHRTH\"	
00516655	string	\"HU\\\\HTHRTI\"	
00516691	string	\"HU\\\\HTHRTO\"	
005166b9	string	\"HU\\\\HTHRTS\"	
005166cd	string	\"HU\\\\HBRAGA\"	
005166f5	string	\"HU\\\\HBRAGE\"	
0051671d	string	\"HU\\\\HBRAGI\"	
0051674f	string	\"HU\\\\HBRAGN\"	
00516759	string	\"HU\\\\HBRAGO\"	
00516781	string	\"HU\\\\HBRAGS\"	
005167bd	string	\"HU\\\\HCMPTE\"	
00516867	string	\"HU\\\\HCUSTA\"	
0051688f	string	\"MISC\\\\MIDLEA\"	
0051689b	string	\"MISC\\\\MIDLEB\"	
005168a7	string	\"MISC\\\\MIDLEC\"	
005168b3	string	\"MISC\\\\MIDLED\"	
005168bf	string	\"MISC\\\\MIDLEE\"	
005168cb	string	\"MISC\\\\MHEADA\"	
005168d7	string	\"MISC\\\\MTAILA\"	
005168e3	string	\"MA\\\\MSTARA\"	
005168ed	string	\"MA\\\\MWARNA\"	
00516901	string	\"MA\\\\MWARNC\"	
0051690b	string	\"MA\\\\MGRANA\"	
0051691f	string	\"MA\\\\MGRANC\"	
00516929	string	\"MA\\\\MBRANA\"	
0051693d	string	\"MA\\\\MBRANC\"	
00516947	string	\"MA\\\\MGCONA\"	
0051695b	string	\"MA\\\\MGCONC\"	
00516965	string	\"MA\\\\MBCONA\"	
00516979	string	\"MA\\\\MBCONC\"	
005169bf	string	\"MA\\\\MXENOD\"	
005169c9	string	\"MA\\\\MEXITA\"	
005169f1	string	\"MA\\\\MEXITE\"	
00516a0f	string	\"MA\\\\MEXITH\"	
00516a19	string	\"MA\\\\MEXITI\"	
00516a37	string	\"MA\\\\MEXITL\"	
00516a41	string	\"MA\\\\MCURRA\"	
00516a5f	string	\"MA\\\\MCURRD\"	
00516a69	string	\"MA\\\\MCURRE\"	
00516a91	string	\"MA\\\\MCURRI\"	
00516aaf	string	\"MA\\\\MTECHI\"	
00516ab9	string	\"MA\\\\MTECHA\"	
00516ae1	string	\"MA\\\\MTECHE\"	
00516af5	string	\"MA\\\\MANNOA\"	
00516aff	string	\"MA\\\\MANNOB\"	
00516b13	string	\"MA\\\\MDAMAB\"	
00516b1d	string	\"MA\\\\MDAMAC\"	
00516b27	string	\"MA\\\\MTRIBA\"	
00516b4f	string	\"MA\\\\MWAITA\"	
00516b77	string	\"MA\\\\MELIMB\"	
00516b81	string	\"MA\\\\MELIMA\"	
00516b95	string	\"MA\\\\MELIMD\"	
00516b9f	string	\"MA\\\\MELIME\"	
00516bbd	string	\"MISC\\\\MVICT\"	
00516bc8	string	\"MA\\\\MINSTA\"	
00516bd2	string	\"MA\\\\MINSTB\"	
00516bdc	string	\"MA\\\\MINSTC\"	
00516be6	string	\"MA\\\\MINSTD\"	
00516bf0	string	\"MA\\\\MINSTE\"	
00516bfa	string	\"MA\\\\MINSTF\"	
00516c04	string	\"MA\\\\MINSTG\"	
00516c0e	string	\"MA\\\\MINSTH\"	
00516c18	string	\"MA\\\\MINSTI\"	
00516c22	string	\"MA\\\\MINSTJ\"	
00516c2c	string	\"MA\\\\MINSTK\"	
00516c36	string	\"MA\\\\MINSTL\"	
00516c40	string	\"MA\\\\MINSTM\"	
00516c4a	string	\"MA\\\\MINSTN\"	
00516c54	string	\"MA\\\\MINSTO\"	
00516c5e	string	\"MA\\\\MINSTP\"	
00516c68	string	\"MA\\\\MINSTQ\"	
00516c72	string	\"MA\\\\MINSTR\"	
00516c7c	string	\"MA\\\\MINSTS\"	
00516c86	string	\"MA\\\\MINSTT\"	
00516c90	string	\"MA\\\\MTHRTA\"	
00516cb8	string	\"MA\\\\MTHRTE\"	
00516cd6	string	\"MA\\\\MTHRTH\"	
00516ce0	string	\"MA\\\\MTHRTI\"	
00516d44	string	\"MA\\\\MTHRTS\"	
00516d58	string	\"MA\\\\MBRAGA\"	
00516d62	string	\"MA\\\\MBRAGB\"	
00516d76	string	\"MA\\\\MBRAGD\"	
00516d80	string	\"MA\\\\MBRAGE\"	
00516d94	string	\"MA\\\\MBRAGG\"	
00516d9e	string	\"MA\\\\MBRAGH\"	
00516da8	string	\"MA\\\\MBRAGI\"	
00516dc6	string	\"MA\\\\MBRAGL\"	
00516dd0	string	\"MA\\\\MBRAGM\"	
00516dda	string	\"MA\\\\MBRAGN\"	
00516de4	string	\"MA\\\\MBRAGO\"	
00516e02	string	\"MA\\\\MBRAGR\"	
00516e0c	string	\"MA\\\\MBRAGS\"	
00516e16	string	\"MA\\\\MBRAGT\"	
00516e20	string	\"MA\\\\MCMPTA\"	
00516e48	string	\"MA\\\\MCMPTE\"	
00516e66	string	\"MA\\\\MCMPTH\"	
00516e70	string	\"MA\\\\MCMPTI\"	
00516eac	string	\"MA\\\\MCMPTO\"	
00516eca	string	\"MA\\\\MCMPTR\"	
00516ed4	string	\"MA\\\\MCMPTS\"	
00516ef2	string	\"MA\\\\MCUSTA\"	
00516f10	string	\"MA\\\\MCUSTD\"	
00516f1a	string	\"MISC\\\\RIDLEA\"	
00516f26	string	\"MISC\\\\RIDLEB\"	
00516f32	string	\"MISC\\\\RIDLEC\"	
00516f3e	string	\"MISC\\\\RIDLED\"	
00516f4a	string	\"MISC\\\\RIDLEE\"	
00516f56	string	\"MISC\\\\RHEADA\"	
00516f62	string	\"MISC\\\\RTAILA\"	
00516f6e	string	\"RE\\\\RSTARA\"	
00516f78	string	\"RE\\\\RWARNA\"	
00516f82	string	\"RE\\\\RWARNB\"	
00516f8c	string	\"RE\\\\RWARNC\"	
00516f96	string	\"RE\\\\RGRANA\"	
00516fa0	string	\"RE\\\\RGRANB\"	
00516faa	string	\"RE\\\\RGRANC\"	
00516fb4	string	\"RE\\\\RBRANA\"	
00516fbe	string	\"RE\\\\RBRANB\"	
00516fc8	string	\"RE\\\\RBRANC\"	
00516fd2	string	\"RE\\\\RGCONA\"	
00516fe6	string	\"RE\\\\RGCONC\"	
00516ff0	string	\"RE\\\\RBCONA\"	
00517004	string	\"RE\\\\RBCONC\"	
0051700e	string	\"RE\\\\REVNTA\"	
00517040	string	\"RE\\\\RXENOC\"	
0051704a	string	\"RE\\\\RXENOD\"	
00517054	string	\"RE\\\\REXITA\"	
0051705e	string	\"RE\\\\REXITB\"	
00517068	string	\"RE\\\\REXITC\"	
00517072	string	\"RE\\\\REXITD\"	
0051707c	string	\"RE\\\\REXITE\"	
00517086	string	\"RE\\\\REXITF\"	
0051709a	string	\"RE\\\\REXITH\"	
005170a4	string	\"RE\\\\REXITI\"	
005170b8	string	\"RE\\\\REXITK\"	
005170c2	string	\"RE\\\\REXITL\"	
005170cc	string	\"RE\\\\RCURRB\"	
005170d6	string	\"RE\\\\RCURRC\"	
005170e0	string	\"RE\\\\RCURRA\"	
005170ea	string	\"RE\\\\RCURRD\"	
005170f4	string	\"RE\\\\RCURRE\"	
005170fe	string	\"RE\\\\RCURRF\"	
00517108	string	\"RE\\\\RCURRG\"	
00517112	string	\"RE\\\\RCURRH\"	
0051711c	string	\"RE\\\\RCURRI\"	
00517126	string	\"RE\\\\RTECHG\"	
00517130	string	\"RE\\\\RTECHH\"	
0051713a	string	\"RE\\\\RTECHI\"	
00517144	string	\"RE\\\\RTECHA\"	
0051714e	string	\"RE\\\\RTECHB\"	
00517158	string	\"RE\\\\RTECHC\"	
00517162	string	\"RE\\\\RTECHD\"	
0051716c	string	\"RE\\\\RTECHE\"	
00517176	string	\"RE\\\\RTECHF\"	
00517180	string	\"RE\\\\RANNOA\"	
0051718a	string	\"RE\\\\RANNOB\"	
00517194	string	\"RE\\\\RDAMAA\"	
0051719e	string	\"RE\\\\RDAMAB\"	
005171a8	string	\"RE\\\\RDAMAC\"	
005171b2	string	\"RE\\\\RTRIBA\"	
005171bc	string	\"RE\\\\RDCDEA\"	
005171d0	string	\"RE\\\\RDCDEC\"	
005171da	string	\"RE\\\\RWAITA\"	
005171f8	string	\"RE\\\\RELIMD\"	
00517202	string	\"RE\\\\RELIMA\"	
0051720c	string	\"RE\\\\RELIME\"	
00517216	string	\"RE\\\\RELIMB\"	
00517220	string	\"RE\\\\RELIMF\"	
0051722a	string	\"RE\\\\RELIMC\"	
00517248	string	\"MISC\\\\RVICT\"	
00517253	string	\"RE\\\\RINSTA\"	
0051725d	string	\"RE\\\\RINSTB\"	
00517267	string	\"RE\\\\RINSTC\"	
00517271	string	\"RE\\\\RINSTD\"	
0051727b	string	\"RE\\\\RINSTE\"	
00517285	string	\"RE\\\\RINSTF\"	
0051728f	string	\"RE\\\\RINSTG\"	
00517299	string	\"RE\\\\RINSTH\"	
005172a3	string	\"RE\\\\RINSTI\"	
005172ad	string	\"RE\\\\RINSTJ\"	
005172b7	string	\"RE\\\\RINSTK\"	
005172c1	string	\"RE\\\\RINSTL\"	
005172cb	string	\"RE\\\\RINSTM\"	
005172d5	string	\"RE\\\\RINSTN\"	
005172df	string	\"RE\\\\RINSTO\"	
005172e9	string	\"RE\\\\RINSTP\"	
005172f3	string	\"RE\\\\RINSTQ\"	
005172fd	string	\"RE\\\\RINSTR\"	
00517307	string	\"RE\\\\RINSTS\"	
00517311	string	\"RE\\\\RINSTT\"	
0051731b	string	\"RE\\\\RTHRTA\"	
00517325	string	\"RE\\\\RTHRTB\"	
0051732f	string	\"RE\\\\RTHRTC\"	
00517339	string	\"RE\\\\RTHRTD\"	
00517343	string	\"RE\\\\RTHRTE\"	
0051734d	string	\"RE\\\\RTHRTF\"	
00517357	string	\"RE\\\\RTHRTG\"	
00517361	string	\"RE\\\\RTHRTH\"	
0051736b	string	\"RE\\\\RTHRTI\"	
0051737f	string	\"RE\\\\RTHRTK\"	
00517389	string	\"RE\\\\RTHRTL\"	
00517393	string	\"RE\\\\RTHRTM\"	
0051739d	string	\"RE\\\\RTHRTN\"	
005173a7	string	\"RE\\\\RTHRTO\"	
005173b1	string	\"RE\\\\RTHRTP\"	
005173c5	string	\"RE\\\\RTHRTR\"	
005173cf	string	\"RE\\\\RTHRTS\"	
005173d9	string	\"RE\\\\RTHRTT\"	
005173e3	string	\"RE\\\\RBRAGA\"	
005173ed	string	\"RE\\\\RBRAGB\"	
005173f7	string	\"RE\\\\RBRAGC\"	
00517401	string	\"RE\\\\RBRAGD\"	
0051740b	string	\"RE\\\\RBRAGE\"	
0051741f	string	\"RE\\\\RBRAGG\"	
00517429	string	\"RE\\\\RBRAGH\"	
00517433	string	\"RE\\\\RBRAGI\"	
00517451	string	\"RE\\\\RBRAGL\"	
0051745b	string	\"RE\\\\RBRAGM\"	
00517465	string	\"RE\\\\RBRAGN\"	
0051746f	string	\"RE\\\\RBRAGO\"	
00517479	string	\"RE\\\\RBRAGP\"	
0051748d	string	\"RE\\\\RBRAGR\"	
00517497	string	\"RE\\\\RBRAGS\"	
005174a1	string	\"RE\\\\RBRAGT\"	
005174ab	string	\"RE\\\\RBRAGU\"	
005174b5	string	\"RE\\\\RCMPTA\"	
005174d3	string	\"RE\\\\RCMPTD\"	
005174dd	string	\"RE\\\\RCMPTE\"	
005174fb	string	\"RE\\\\RCMPTH\"	
00517505	string	\"RE\\\\RCMPTI\"	
00517519	string	\"RE\\\\RCMPTK\"	
00517523	string	\"RE\\\\RCMPTL\"	
00517541	string	\"RE\\\\RCMPTO\"	
0051755f	string	\"RE\\\\RCMPTR\"	
00517569	string	\"RE\\\\RCMPTS\"	
00517573	string	\"RE\\\\RCMPTT\"	
0051757d	string	\"RE\\\\RCMPTU\"	
00517591	string	\"RE\\\\RCUSTA\"	
0051759b	string	\"RE\\\\RCUSTB\"	
005175a5	string	\"RE\\\\RCUSTC\"	
005175af	string	\"RE\\\\RCUSTD\"	
005175b9	string	\"MISC\\\\TIDLEA\"	
005175c5	string	\"MISC\\\\TIDLEB\"	
005175d1	string	\"MISC\\\\TIDLEC\"	
005175dd	string	\"MISC\\\\TIDLED\"	
005175e9	string	\"MISC\\\\TIDLEE\"	
005175f5	string	\"MISC\\\\THEADA\"	
00517601	string	\"MISC\\\\TTAILA\"	
0051760d	string	\"TA\\\\TSTARA\"	
00517617	string	\"TA\\\\TWARNA\"	
00517621	string	\"TA\\\\TWARNB\"	
0051762b	string	\"TA\\\\TWARNC\"	
00517635	string	\"TA\\\\TGRANA\"	
0051763f	string	\"TA\\\\TGRANB\"	
00517649	string	\"TA\\\\TGRANC\"	
00517653	string	\"TA\\\\TBRANA\"	
0051765d	string	\"TA\\\\TBRANB\"	
00517667	string	\"TA\\\\TBRANC\"	
00517671	string	\"TA\\\\TGCONA\"	
00517685	string	\"TA\\\\TGCONC\"	
0051768f	string	\"TA\\\\TBCONA\"	
005176a3	string	\"TA\\\\TBCONC\"	
005176ad	string	\"TA\\\\TEVNTA\"	
005176d5	string	\"TA\\\\TXENOB\"	
005176df	string	\"TA\\\\TXENOC\"	
005176e9	string	\"TA\\\\TXENOD\"	
005176f3	string	\"TA\\\\TEXITA\"	
005176fd	string	\"TA\\\\TEXITB\"	
00517707	string	\"TA\\\\TEXITC\"	
00517711	string	\"TA\\\\TEXITD\"	
0051771b	string	\"TA\\\\TEXITE\"	
00517725	string	\"TA\\\\TEXITF\"	
0051772f	string	\"TA\\\\TEXITG\"	
00517739	string	\"TA\\\\TEXITH\"	
00517743	string	\"TA\\\\TEXITI\"	
0051774d	string	\"TA\\\\TEXITJ\"	
00517757	string	\"TA\\\\TEXITK\"	
00517761	string	\"TA\\\\TEXITL\"	
0051776b	string	\"TA\\\\TCURRA\"	
00517775	string	\"TA\\\\TCURRB\"	
0051777f	string	\"TA\\\\TCURRC\"	
00517789	string	\"TA\\\\TCURRD\"	
00517793	string	\"TA\\\\TCURRE\"	
0051779d	string	\"TA\\\\TCURRF\"	
005177a7	string	\"TA\\\\TCURRG\"	
005177b1	string	\"TA\\\\TCURRH\"	
005177bb	string	\"TA\\\\TCURRI\"	
005177c5	string	\"TA\\\\TTECHG\"	
005177cf	string	\"TA\\\\TTECHH\"	
005177d9	string	\"TA\\\\TTECHI\"	
005177e3	string	\"TA\\\\TTECHA\"	
005177ed	string	\"TA\\\\TTECHB\"	
005177f7	string	\"TA\\\\TTECHC\"	
00517801	string	\"TA\\\\TTECHD\"	
0051780b	string	\"TA\\\\TTECHE\"	
00517815	string	\"TA\\\\TTECHF\"	
0051781f	string	\"TA\\\\TANNOA\"	
00517829	string	\"TA\\\\TANNOB\"	
00517833	string	\"TA\\\\TDAMAA\"	
0051783d	string	\"TA\\\\TDAMAB\"	
00517847	string	\"TA\\\\TDAMAC\"	
00517851	string	\"TA\\\\TTRIBA\"	
0051785b	string	\"TA\\\\TDCDEA\"	
00517865	string	\"TA\\\\TDCDEB\"	
0051786f	string	\"TA\\\\TDCDEC\"	
00517879	string	\"TA\\\\TWAITA\"	
00517883	string	\"TA\\\\TRSLTA\"	
00517897	string	\"TA\\\\TELIMD\"	
005178a1	string	\"TA\\\\TELIME\"	
005178ab	string	\"TA\\\\TELIMC\"	
005178b5	string	\"TA\\\\TELIMA\"	
005178bf	string	\"TA\\\\TELIMB\"	
005178c9	string	\"TA\\\\TELIMF\"	
005178e7	string	\"MISC\\\\TVICT\"	
005178f2	string	\"TA\\\\TINSTA\"	
005178fc	string	\"TA\\\\TINSTB\"	
00517906	string	\"TA\\\\TINSTC\"	
00517910	string	\"TA\\\\TINSTD\"	
0051791a	string	\"TA\\\\TINSTE\"	
00517924	string	\"TA\\\\TINSTF\"	
0051792e	string	\"TA\\\\TINSTG\"	
00517938	string	\"TA\\\\TINSTH\"	
00517942	string	\"TA\\\\TINSTI\"	
0051794c	string	\"TA\\\\TINSTJ\"	
00517956	string	\"TA\\\\TINSTK\"	
00517960	string	\"TA\\\\TINSTL\"	
0051796a	string	\"TA\\\\TINSTM\"	
00517974	string	\"TA\\\\TINSTN\"	
0051797e	string	\"TA\\\\TINSTO\"	
00517988	string	\"TA\\\\TINSTP\"	
00517992	string	\"TA\\\\TINSTQ\"	
0051799c	string	\"TA\\\\TINSTR\"	
005179a6	string	\"TA\\\\TINSTS\"	
005179b0	string	\"TA\\\\TINSTT\"	
005179ba	string	\"TA\\\\TTHRTA\"	
005179c4	string	\"TA\\\\TTHRTB\"	
005179ce	string	\"TA\\\\TTHRTC\"	
005179d8	string	\"TA\\\\TTHRTD\"	
005179e2	string	\"TA\\\\TTHRTE\"	
005179f6	string	\"TA\\\\TTHRTH\"	
00517a00	string	\"TA\\\\TTHRTI\"	
00517a1e	string	\"TA\\\\TTHRTL\"	
00517a28	string	\"TA\\\\TTHRTM\"	
00517a32	string	\"TA\\\\TTHRTN\"	
00517a3c	string	\"TA\\\\TTHRTO\"	
00517a46	string	\"TA\\\\TTHRTP\"	
00517a5a	string	\"TA\\\\TTHRTR\"	
00517a64	string	\"TA\\\\TTHRTS\"	
00517a6e	string	\"TA\\\\TTHRTT\"	
00517a78	string	\"TA\\\\TTHRTU\"	
00517a8c	string	\"TA\\\\TBRAGA\"	
00517a96	string	\"TA\\\\TBRAGB\"	
00517aa0	string	\"TA\\\\TBRAGC\"	
00517aaa	string	\"TA\\\\TBRAGD\"	
00517ab4	string	\"TA\\\\TBRAGE\"	
00517abe	string	\"TA\\\\TBRAGF\"	
00517ac8	string	\"TA\\\\TBRAGG\"	
00517ad2	string	\"TA\\\\TBRAGH\"	
00517adc	string	\"TA\\\\TBRAGI\"	
00517afa	string	\"TA\\\\TBRAGL\"	
00517b04	string	\"TA\\\\TBRAGM\"	
00517b0e	string	\"TA\\\\TBRAGN\"	
00517b18	string	\"TA\\\\TBRAGO\"	
00517b22	string	\"TA\\\\TBRAGP\"	
00517b36	string	\"TA\\\\TBRAGR\"	
00517b40	string	\"TA\\\\TBRAGS\"	
00517b4a	string	\"TA\\\\TBRAGT\"	
00517b54	string	\"TA\\\\TCMPTA\"	
00517b5e	string	\"TA\\\\TCMPTB\"	
00517b68	string	\"TA\\\\TCMPTC\"	
00517b72	string	\"TA\\\\TCMPTD\"	
00517b7c	string	\"TA\\\\TCMPTE\"	
00517b86	string	\"TA\\\\TCMPTF\"	
00517b90	string	\"TA\\\\TCMPTG\"	
00517b9a	string	\"TA\\\\TCMPTH\"	
00517ba4	string	\"TA\\\\TCMPTI\"	
00517bb8	string	\"TA\\\\TCMPTK\"	
00517bc2	string	\"TA\\\\TCMPTL\"	
00517bcc	string	\"TA\\\\TCMPTM\"	
00517bd6	string	\"TA\\\\TCMPTN\"	
00517be0	string	\"TA\\\\TCMPTO\"	
00517bea	string	\"TA\\\\TCMPTP\"	
00517bf4	string	\"TA\\\\TCMPTQ\"	
00517bfe	string	\"TA\\\\TCMPTR\"	
00517c08	string	\"TA\\\\TCMPTS\"	
00517c12	string	\"TA\\\\TCMPTT\"	
00517c1c	string	\"TA\\\\TCMPTU\"	
00517c26	string	\"TA\\\\TCUSTA\"	
00517c30	string	\"TA\\\\TCUSTB\"	
00517c3a	string	\"TA\\\\TCUSTC\"	
00517c44	string	\"TA\\\\TCUSTD\"	
00517c4e	string	\"MISC\\\\UIDLEA\"	
00517c5a	string	\"MISC\\\\UIDLEB\"	
00517c66	string	\"MISC\\\\UIDLEC\"	
00517c72	string	\"MISC\\\\UIDLED\"	
00517c7e	string	\"MISC\\\\UIDLEE\"	
00517c8a	string	\"MISC\\\\UHEADA\"	
00517c96	string	\"MISC\\\\UTAILA\"	
00517ca2	string	\"UV\\\\USTARA\"	
00517cca	string	\"UV\\\\UGRANA\"	
00517cde	string	\"UV\\\\UGRANC\"	
00517ce8	string	\"UV\\\\UBRANA\"	
00517cfc	string	\"UV\\\\UBRANC\"	
00517d24	string	\"UV\\\\UBCONA\"	
00517d38	string	\"UV\\\\UBCONC\"	
00517db0	string	\"UV\\\\UEXITE\"	
00517e00	string	\"UV\\\\UCURRA\"	
00517e28	string	\"UV\\\\UCURRE\"	
00517e50	string	\"UV\\\\UCURRI\"	
00517e6e	string	\"UV\\\\UTECHI\"	
00517e78	string	\"UV\\\\UTECHA\"	
00517ea0	string	\"UV\\\\UTECHE\"	
00517ebe	string	\"UV\\\\UANNOB\"	
00517ee6	string	\"UV\\\\UTRIBA\"	
00517f4a	string	\"UV\\\\UELIME\"	
00517f54	string	\"UV\\\\UELIMA\"	
00517f7c	string	\"MISC\\\\UVICT\"	
00517f87	string	\"UV\\\\UINSTA\"	
00517fa5	string	\"UV\\\\UINSTD\"	
00517faf	string	\"UV\\\\UINSTE\"	
00517fb9	string	\"UV\\\\UINSTF\"	
00517fcd	string	\"UV\\\\UINSTH\"	
00517fd7	string	\"UV\\\\UINSTI\"	
00517ff5	string	\"UV\\\\UINSTL\"	
00518013	string	\"UV\\\\UINSTO\"	
00518031	string	\"UV\\\\UINSTR\"	
0051803b	string	\"UV\\\\UINSTS\"	
00518045	string	\"UV\\\\UINSTT\"	
0051804f	string	\"UV\\\\UINSTU\"	
00518081	string	\"UV\\\\UTHRTE\"	
0051809f	string	\"UV\\\\UTHRTH\"	
0051812b	string	\"UV\\\\UBRAGA\"	
00518153	string	\"UV\\\\UBRAGE\"	
005181ad	string	\"UV\\\\UBRAGN\"	
005181b7	string	\"UV\\\\UBRAGO\"	
005181df	string	\"UV\\\\UBRAGS\"	
00518211	string	\"UV\\\\UCMPTE\"	
005182bb	string	\"UV\\\\UCUSTA\"	
005182e3	string	\"MISC\\\\SIDLEA\"	
005182ef	string	\"MISC\\\\SIDLEB\"	
005182fb	string	\"MISC\\\\SIDLEC\"	
00518307	string	\"MISC\\\\SIDLED\"	
00518313	string	\"MISC\\\\SIDLEE\"	
0051831f	string	\"MISC\\\\SHEADA\"	
0051832b	string	\"MISC\\\\STAILA\"	
00518337	string	\"SK\\\\SHLLOA\"	
0051834b	string	\"SK\\\\SHLLOC\"	
00518355	string	\"SK\\\\SHLLOD\"	
00518445	string	\"SK\\\\SHIREQ\"	
0051844f	string	\"SK\\\\SHIRES\"	
00518459	string	\"SK\\\\SHIREV\"	
00518463	string	\"SK\\\\SHIREX\"	
00518477	string	\"SK\\\\SHIREA\"	
00518481	string	\"SK\\\\SHIREC\"	
0051848b	string	\"SK\\\\SHIRED\"	
00518495	string	\"SK\\\\SHIREF\"	
0051849f	string	\"SK\\\\SHIREI\"	
005184a9	string	\"SK\\\\SHIREL\"	
00518549	string	\"MISC\\\\NIDLEA\"	
00518555	string	\"MISC\\\\NIDLEB\"	
00518561	string	\"MISC\\\\NIDLEC\"	
0051856d	string	\"MISC\\\\NIDLED\"	
00518579	string	\"MISC\\\\NIDLEE\"	
00518585	string	\"MISC\\\\NHEADA\"	
00518591	string	\"MISC\\\\NTAILA\"	
0051859d	string	\"NA\\\\NPREA\"	
005185a6	string	\"NA\\\\NPREB\"	
005185af	string	\"NA\\\\NPREC\"	
005185b8	string	\"NA\\\\NONEA\"	
005185c1	string	\"NA\\\\NONEB\"	
005185ca	string	\"NA\\\\NONEC\"	
005185d3	string	\"NA\\\\NONED\"	
005185dc	string	\"NA\\\\NONEE\"	
005185e5	string	\"NA\\\\NONEF\"	
005185ee	string	\"NA\\\\NONEG\"	
005185f7	string	\"NA\\\\NONEH\"	
00518600	string	\"NA\\\\NONEI\"	
00518609	string	\"NA\\\\NONEM\"	
00518612	string	\"NA\\\\NONEN\"	
0051861b	string	\"NA\\\\NONEO\"	
00518624	string	\"NA\\\\NONEP\"	
0051862d	string	\"NA\\\\NONEQ\"	
00518636	string	\"NA\\\\NONER\"	
0051863f	string	\"NA\\\\NONES\"	
00518648	string	\"NA\\\\NTWOA\"	
00518651	string	\"NA\\\\NTWOB\"	
00518663	string	\"NA\\\\NTWOD\"	
0051866c	string	\"NA\\\\NTWOE\"	
00518675	string	\"NA\\\\NTWOF\"	
0051867e	string	\"NA\\\\NTWOG\"	
005186a2	string	\"NA\\\\NTWOK\"	
005186ab	string	\"NA\\\\NTWOL\"	
005186b4	string	\"NA\\\\NTWOM\"	
005186bd	string	\"NA\\\\NTHREA\"	
005186c7	string	\"NA\\\\NTHREB\"	
005186d1	string	\"NA\\\\NTHREC\"	
005186db	string	\"NA\\\\NTHRED\"	
005186e5	string	\"NA\\\\NTHREE\"	
005186ef	string	\"NA\\\\NTHREF\"	
005186f9	string	\"NA\\\\NTHREG\"	
00518703	string	\"NA\\\\NFOURA\"	
0051870d	string	\"NA\\\\NFOURB\"	
00518717	string	\"NA\\\\NFOURC\"	
00518721	string	\"NA\\\\NFOURD\"	
0051872b	string	\"NA\\\\NFOURE\"	
00518735	string	\"NA\\\\NFOURF\"	
0051873f	string	\"NA\\\\NFOURG\"	
00518749	string	\"NA\\\\NFOURH\"	
00518753	string	\"NA\\\\NFOURI\"	
0051875d	string	\"NA\\\\NTIEA\"	
00518766	string	\"NA\\\\NTIEB\"	
0051876f	string	\"NA\\\\NTIEC\"	
00518778	string	\"NA\\\\NTIED\"	
00518781	string	\"NA\\\\NTIEE\"	
0051878a	string	\"NA\\\\NTIEF\"	
00518793	string	\"NA\\\\NTIEG\"	
0051879c	string	\"NA\\\\NTIEH\"	
005187a5	string	\"NA\\\\NTIEI\"	
005187b7	string	\"NA\\\\NTIEK\"	
005187c0	string	\"NA\\\\NOPENA\"	
005187ca	string	\"NA\\\\NOPENB\"	
005187d4	string	\"NA\\\\NOPENC\"	
005187de	string	\"NA\\\\NOPEND\"	
005187e8	string	\"NA\\\\NOPENE\"	
005187f2	string	\"NA\\\\NOPENF\"	
005187fc	string	\"NA\\\\NCATAA\"	
00518806	string	\"NA\\\\NCATAB\"	
00518810	string	\"NA\\\\NCATAC\"	
0051881a	string	\"NA\\\\NCATAD\"	
00518824	string	\"NA\\\\NCATAE\"	
0051882e	string	\"NA\\\\NCATAF\"	
00518838	string	\"NA\\\\NCATAG\"	
00518842	string	\"NA\\\\NCATAH\"	
0051884c	string	\"NA\\\\NCATAI\"	
00518856	string	\"NA\\\\NCATAJ\"	
00518860	string	\"NA\\\\NCATAK\"	
0051886a	string	\"NA\\\\NCATAL\"	
00518874	string	\"NA\\\\NSCOLA\"	
0051887e	string	\"NA\\\\NSCOLB\"	
00518888	string	\"NA\\\\NSCOLC\"	
00518892	string	\"NA\\\\NSCOLD\"	
0051889c	string	\"NA\\\\NSCOLE\"	
005188a6	string	\"NA\\\\NSCOLF\"	
005188b0	string	\"NA\\\\NSRESA\"	
005188ba	string	\"NA\\\\NSRESB\"	
005188c4	string	\"NA\\\\NSRESC\"	
005188ce	string	\"NA\\\\NSRESD\"	
005188d8	string	\"NA\\\\NSRESE\"	
005188e2	string	\"NA\\\\NSRESF\"	
005188ec	string	\"NA\\\\NSRESG\"	
005188f6	string	\"NA\\\\NSRESH\"	
00518900	string	\"NA\\\\NSRESI\"	
00518914	string	\"NA\\\\NSRESK\"	
0051891e	string	\"NA\\\\NSRESL\"	
00518928	string	\"NA\\\\NSTECA\"	
00518932	string	\"NA\\\\NSTECB\"	
0051893c	string	\"NA\\\\NSTECC\"	
00518946	string	\"NA\\\\NSTECD\"	
00518950	string	\"NA\\\\NSTECE\"	
0051895a	string	\"NA\\\\NSTECF\"	
00518964	string	\"NA\\\\NSTECG\"	
0051896e	string	\"NA\\\\NSTECH\"	
005189a0	string	\"NA\\\\NSBLDE\"	
005189f0	string	\"NA\\\\NSMILA\"	
005189fa	string	\"NA\\\\NSMILB\"	
00518a04	string	\"NA\\\\NSMILC\"	
00518a0e	string	\"NA\\\\NSMILD\"	
00518a18	string	\"NA\\\\NSMILE\"	
00518a22	string	\"NA\\\\NSMILF\"	
00518a2c	string	\"NA\\\\NSMILG\"	
00518a36	string	\"NA\\\\NSMILH\"	
00518a40	string	\"NA\\\\NSMILI\"	
00518a4a	string	\"NA\\\\NSCOMA\"	
00518a54	string	\"NA\\\\NSCOMB\"	
00518a5e	string	\"NA\\\\NSCOMC\"	
00518a68	string	\"NA\\\\NSCOMD\"	
00518a72	string	\"NA\\\\NSCOME\"	
00518a7c	string	\"NA\\\\NSCOMF\"	
00518a86	string	\"NA\\\\NSCOMG\"	
00518a90	string	\"NA\\\\NSCOMH\"	
00518a9a	string	\"NA\\\\NSCOMI\"	
00518aa4	string	\"NA\\\\NSCOMJ\"	
00518aae	string	\"NA\\\\NSCOMK\"	
00518ab8	string	\"NA\\\\NSRACA\"	
00518ac2	string	\"NA\\\\NSRACB\"	
00518acc	string	\"NA\\\\NSRACC\"	
00518ad6	string	\"NA\\\\NSRACD\"	
00518ae0	string	\"NA\\\\NSRACE\"	
00518aea	string	\"NA\\\\NSRACF\"	
00518afe	string	\"NA\\\\NSRACH\"	
00518b08	string	\"NA\\\\NSRACI\"	
00518b12	string	\"NA\\\\NSGLOA\"	
00518b1c	string	\"NA\\\\NSGLOB\"	
00518b26	string	\"NA\\\\NSGLOC\"	
00518b30	string	\"NA\\\\NSGLOD\"	
00518b3a	string	\"NA\\\\NSSHAA\"	
00518b44	string	\"NA\\\\NSSHAB\"	
00518b4e	string	\"NA\\\\NSSHAC\"	
00518b58	string	\"NA\\\\NSESPA\"	
00518b62	string	\"NA\\\\NSESPB\"	
00518b6c	string	\"NA\\\\NSSTRA\"	
00518b76	string	\"NA\\\\NSSTRB\"	
00518b80	string	\"NA\\\\NSSTRC\"	
00518b8a	string	\"NA\\\\NSSTRD\"	
00518b94	string	\"NA\\\\NSSTRE\"	
00518b9e	string	\"NA\\\\NLOOPA\"	
00518ba8	string	\"NA\\\\NLOOPB\"	
00518bb2	string	\"NA\\\\NLOOPC\"	
00518bbc	string	\"NA\\\\NEXITA\"	
00518bc6	string	\"NA\\\\NEXITB\"	
00518bd0	string	\"NA\\\\NEXITC\"	
00518bda	string	\"NA\\\\NEXITD\"	
00518be4	string	\"NA\\\\NEXITE\"	
00518bee	string	\"NA\\\\NEXITF\"	
00518bf8	string	\"NA\\\\NEXITG\"	
00518c02	string	\"NA\\\\NEXITH\"	
00518c0c	string	\"MISC\\\\DEFEAT\"	
0051b2a4	string	\"\\\\Error opening, %s (%s)\\r\\n\"	FUN_00489320,FUN_004894d4,FUN_00489406,
0051b2be	string	\"Opened, %s\\r\\n\"	FUN_004888ec,
0051b2cb	string	\"Error creating, %s (%s)\\r\\n\"	FUN_00488998,
0051b2e5	string	\"Created and opened, %s ref = %d\\r\\n\"	FUN_00488998,
0051b307	string	\"Error closing file, %d, (%s)\\r\\n\"	FUN_00488a09,
0051b326	string	\"Closed, %d\\r\\n\"	FUN_00488a09,
0051b333	string	\"Error deleting file, %s, (%s)\\r\\n\"	FUN_00488a67,
0051b353	string	\"Error creating directory, %s, (%s)\\r\\n\"	FUN_00488aae,
0051b378	string	\"Error getting file attribs, %s, (%s)\\r\\n\"	FUN_00488b0f,
0051b39f	string	\"Error setting file attribs, %s, (%s)\\r\\n\"	FUN_00488b59,
0051b3c6	string	\"Error reading from file, ref = %d, buff = %d, size = %d, (%s)\\r\\n\"	FUN_00488ba3,
0051b406	string	\"Read from file, ref = %d, buff = %d, size = %d\\r\\n\"	FUN_00488ba3,
0051b437	string	\"Error writing to file, ref = %d, buff = %d, size = %d, (%s)\\r\\n\"	FUN_00488c1c,
0051b475	string	\"Write to file, ref = %d, buff = %d, size = %d\\r\\n\"	FUN_00488c1c,
0051b4a5	string	\"Error seeking in file, ref = %d, pos = %d, mode = %d, (%s)\\r\\n\"	FUN_00488c95,
0051b4e2	string	\"Error getting file size, ref = %d, (%s)\\r\\n\"	FUN_00488ce9,
0051b50c	string	\"Error renaming %s to %s, (%s)\\r\\n\"	FUN_00488d30,
0051b52c	string	\"Error expanding path name %s, (%s)\\r\\n\"	FUN_00488d7e,
0051b551	string	\"Error getting the default dir, (%s)\\r\\n\"	FUN_00488dd3,
0051b577	string	\"Error setting the default dir to %s, (%s)\\r\\n\"	FUN_00488e1b,
0051b5a3	string	\"Error getting disk space attribs %s , (%s)\\r\\n\"	FUN_00488e9d,
0051b5d0	string	\"Error getting disk attribs %s\\r\\n\"	FUN_00488f20,
0051b623	string	\"`Failed to initialize COM library\\r\\n\"	
0051b647	string	\"Initializing Direct Sound:\"	FUN_00489c98,
0051b662	string	\"\\r\\nWarning: (DirectSound) Primary buffer could not be set to preferred format.\\r\\n\"	FUN_00489c98,
0051b6b2	string	\"\\r\\n(DirectSound) Primary buffer successfully set to preferred format.\\r\\n\"	FUN_00489c98,
0051b6f9	string	\"Direct Sound: Error starting primary buffer\\r\\n\"	FUN_00489c98,
0051b727	string	\"SUCCESSFUL\\r\\n\"	FUN_00489c98,
0051b734	string	\"Direct Sound: Cannot create primary buffer\\r\\n\"	FUN_00489c98,
0051b761	string	\"Direct Sound: SetCooperativeLevel failed\\r\\n\"	FUN_00489c98,
0051b78c	string	\"Direct Sound:Failed to initialize DirectSound object\\r\\n\"	FUN_00489c98,
0051b7c3	string	\"Unable to allocate sound buffer:size = %ul, format = %d, sample rate = %ul\"	FUN_00489ef5,
0051bce4	string	\"DirectDraw Init FAILED\"	FUN_0048afb8,
0051bcfb	string	\"Cyberlore Game\"	FUN_0048afb8,
0051bd0a	string	\"DirectDraw started:\\r\\n\"	CYGame_InitDirectDraw,
0051bd20	string	\"Pixel Depth: %d\\r\\n\"	CYGame_InitDirectDraw,
0051bd32	string	\"Pixel Format: %d\\r\\n\"	CYGame_InitDirectDraw,
0051bd45	string	\"Pixel masks: %#08x %#08x %#08x %#08x\\r\\n\"	CYGame_InitDirectDraw,
0051bd6c	string	\"CYGame\"	CYGame_CreateWindow,
0051bd73	string	\"CYGame\"	CYGame_CreateWindow,
0051bd7a	string	\"CYGame\"	CYGame_CreateWindow,
0051bd81	string	\"Cyberlore Game\"	CYGame_CreateWindow,
0051bd90	string	\"Memory Manager inited, max memory: %ul\\r\\n\"	FUN_0048baa6,
0051bdb9	string	\"Memory Manager shutdown\\r\\n\"	FUN_0048badd,
0051c1ec	string	\"Unable to lock offport: Error =      %#08x\\r\\n\"	FUN_0048c2c5,
0051c219	string	\"               Offport: Primary =    %s\\r\\n\"	FUN_0048c2c5,
0051c248	string	\"FALSE\"	FUN_0048c2c5,FUN_0048c2c5,
0051c24e	string	\"                        Size =       %d, %d\\r\\n\"	FUN_0048c2c5,
0051c27c	string	\"                        Lock Count = %d, %d\\r\\n\"	FUN_0048c2c5,
0051c2aa	string	\"Tried to lock a NULL offport\\r\\n\"	FUN_0048c2c5,
0051c2c9	string	\"..\\\\src\\\\win\\\\offport.c\"	FUN_0048d2e7,
0051c2de	string	\"..\\\\src\\\\win\\\\offport.c\"	FUN_0048d32c,
0051c30c	string	\"Clock started\\r\\n\"	FUN_0048dd95,
0051c31c	string	\"Clock stopped\\r\\n\"	FUN_0048ddb8,
0051c32c	string	\"Keyboard input inited\\r\\n\"	FUN_0048de1d,
0051c344	string	\"Keyboard input stopped\\r\\n\"	FUN_0048de49,
0051c35d	string	\"Mouse input inited\\r\\n\"	FUN_0048e0b7,
0051c372	string	\"Mouse input stopped\\r\\n\"	FUN_0048e0d7,
0051c388	string	\"CYGame\"	FUN_0048e530,
0051c38f	string	\"Cyberlore Game\"	FUN_0048e530,
0051c3a4	string	\"debug_chk, line %d, file %s\"	FUN_0048e656,
0051d6e4	string	\"..\\\\src\\\\bread.c\"	FUN_0048fade,
0051db00	string	\"WARNING:CYLib handle of unknown type dispose of.\\r\\n\"	FUN_0048fee9,
0051db33	string	\"WARNING:Default CYLib translator ask to load unknow subtype\\r\\n\"	FUN_0048fee9,
0051db71	string	\"Too many translators:%c%c%c%c\"	FUN_00490122,
0051db8f	string	\"..\\\\src\\\\cylib.c\"	FUN_0049073f,
0051db9e	string	\"Library added: %s\\r\\n\"	FUN_00490bca,
0051dbb2	string	\"Library closed: %s\\r\\n\"	FUN_00490ce4,
0051dbc7	string	\"CYLib Manager inited, max libraries: %d, locked lib headers: %d\\r\\n\"	FUN_00490d98,
0051dc28	string	\"..\\\\src\\\\font.c\"	FUN_00491a2b,
0051dc36	string	\"..\\\\src\\\\font.c\"	FUN_00491ace,
0051dcac	string	\"Mouse Pos:%d, %d\\r\\n\"	FUN_00495086,
0051dea8	string	\"General error\"	0051dccc,
0051deb6	string	\"Out of memory\"	
0051dec4	string	\"Out of memory\"	
0051ded2	string	\"Invalid handle\"	
0051dee1	string	\"Invalid pointer\"	
0051def1	string	\"Unexpected EOF\"	
0051df00	string	\"File not found\"	
0051df0f	string	\"Path not found\"	
0051df1e	string	\"Too many files open\"	
0051df32	string	\"Access denied\"	
0051df40	string	\"Disk write protected\"	
0051df55	string	\"Seek error\"	
0051df60	string	\"Write error\"	
0051df6c	string	\"Read error\"	
0051df77	string	\"General failure\"	
0051df87	string	\"Sharing violation\"	
0051df99	string	\"File locked\"	
0051dfa5	string	\"Past EOF\"	
0051dfae	string	\"Disk full\"	
0051dfb8	string	\"File exists\"	
0051dfc4	string	\"Can'nt create file\"	
0051dfd7	string	\"Drive locked\"	
0051dfe4	string	\"Can't open file\"	
0051dff4	string	\"Disk full\"	
0051dffe	string	\"Invalid name\"	
0051e00b	string	\"File exists\"	
0051e017	string	\"No Error\"	
0051e020	string	\"Unknown error %d\"	FUN_004950da,
0051e031	string	\"err.log\"	FUN_00495162,
0051e039	string	\"err.bak\"	FUN_00495241,
0051e041	string	\"err.log\"	FUN_00495241,
0051e049	string	\"Error log started, %d/%d/%d, %d:%d:%d\\r\\n\"	FUN_00495241,
0051e071	string	\"err.log\"	FUN_004952f0,
0051e094	string	\"..\\\\src\\\\glsound.c\"	FUN_004961e8,
0051e0a5	string	\"WARNING:Objects still in sound list.\\r\\n\"	FUN_004962e7,
0051e0cc	string	\"WARNING:Converting IMAG/%d from 1.0\\r\\n\"	FUN_00496358,
0051e0f2	string	\"..\\\\src\\\\img.c\"	FUN_004968c8,
0051e0ff	string	\"..\\\\src\\\\img.c\"	FUN_00496945,
0051e10c	string	\"..\\\\src\\\\img.c\"	FUN_0049698a,
0051e119	string	\"..\\\\src\\\\img.c\"	FUN_00496a26,
0051e126	string	\"..\\\\src\\\\img.c\"	FUN_00496a5c,
0051e133	string	\"..\\\\src\\\\img.c\"	FUN_00496a97,
0051e140	string	\"..\\\\src\\\\img.c\"	FUN_00496adf,
0051e14d	string	\"..\\\\src\\\\img.c\"	FUN_00496c03,
0051e16a	string	\"false\"	FUN_00497859,
0051e174	string	\"Can't create '%s'.\\n\"	FUN_00498826,
0051e188	string	\"Write error on '%s'\"	FUN_00498826,
0051e19c	string	\"Write error on '%s'\"	FUN_00498826,
0051e1b0	string	\"Write error on '%s'\"	FUN_00498826,
0051e1e0	string	\"Native memory manager memory pool inited.\\r\\n\"	FUN_00498d22,
0051e360	string	\"..\\\\src\\\\pixel.c\"	FUN_0049a8ed,
0051e36f	string	\"..\\\\src\\\\pixel.c\"	FUN_0049a93f,
0051e390	string	\"Could not set font for item ID %d\\r\\n\"	FUN_0049eb9f,
0051e3b4	string	\"DrawSMenuItem, index %d, id %d, time:%d\\r\\n\"	FUN_004a0f18,
0051e3de	string	\"Unable to SMenu item font, %c%c%c%c\\r\\n\"	FUN_004a1715,
0051e409	string	\"%sID:%d\\r\\nX:%d y:%d\\r\\nW:%d H:%d\\r\\nMENU ID:%c%c%c%c\"	FUN_004a24f1,
0051e439	string	\"Unknown opcode in SMenu item list\"	FUN_004a335b,
0051e45b	string	\"Unknown opcode in SMenu item list\"	FUN_004a3533,
0051e47d	string	\"Created SMenu %c%c%c%c, chain count = %d\\r\\n\"	FUN_004a3d26,
0051e4a8	string	\"Disposed SMenu %c%c%c%c, chain count = %d\\r\\n\"	FUN_004a4025,
0051e4e8	string	\"Requested tile out of range, wanted %d, max %d\"	FUN_004a5699,
0051f180	string	\"Stack Overflow!\"	004a7370,
0051f25c	string	\"(ctorMask & 0x0100) != 0 || (ctorMask & 0x0020) == 0\"	FUN_004a75c4,
0051f291	string	\"XX.CPP\"	FUN_004a75c4,
0051f298	string	\"(ctorMask & 0x0080) == 0\"	FUN_004a75c4,
0051f2b1	string	\"XX.CPP\"	FUN_004a75c4,
0051f2b8	string	\"what?\"	FUN_004a75c4,
0051f2be	string	\"!\\\"what?\\\"\"	FUN_004a75c4,
0051f2c7	string	\"XX.CPP\"	FUN_004a75c4,
0051f2ce	string	\"what?\"	FUN_004a75c4,
0051f2d4	string	\"!\\\"what?\\\"\"	FUN_004a75c4,
0051f2dd	string	\"XX.CPP\"	FUN_004a75c4,
0051f2e4	string	\"(dtorMask & 0x0080) == 0\"	FUN_004a76d2,
0051f2fd	string	\"XX.CPP\"	FUN_004a76d2,
0051f304	string	\"what?\"	FUN_004a76d2,
0051f30a	string	\"!\\\"what?\\\"\"	FUN_004a76d2,
0051f313	string	\"XX.CPP\"	FUN_004a76d2,
0051f31a	string	\"(mfnMask & 0x0080) == 0\"	FUN_004a7826,
0051f332	string	\"XX.CPP\"	FUN_004a7826,
0051f339	string	\"what?\"	FUN_004a7826,
0051f33f	string	\"!\\\"what?\\\"\"	FUN_004a7826,
0051f348	string	\"XX.CPP\"	FUN_004a7826,
0051f34f	string	\"cctrAddr\"	FUN_004a78a4,
0051f358	string	\"XX.CPP\"	FUN_004a78a4,
0051f35f	string	\"dtorAddr\"	FUN_004a7c1f,
0051f368	string	\"XX.CPP\"	FUN_004a7c1f,
0051f36f	string	\"argType\"	FUN_004a7c94,
0051f377	string	\"XX.CPP\"	FUN_004a7c94,
0051f37e	string	\"__CPPexceptionList\"	FUN_004a7d1c,
0051f391	string	\"XX.CPP\"	FUN_004a7d1c,
0051f39b	string	\"XX.CPP\"	FUN_004a7d1c,
0051f3a2	string	\"xdrPtr->xdERRaddr == xl\"	FUN_004a7d1c,
0051f3ba	string	\"XX.CPP\"	FUN_004a7d1c,
0051f3c1	string	\"dscPtr->xdERRaddr == errPtr\"	FUN_004a7df4,
0051f3dd	string	\"XX.CPP\"	FUN_004a7df4,
0051f3e4	string	\"dscPtr->xdHtabAdr == hdtPtr\"	FUN_004a7df4,
0051f400	string	\"XX.CPP\"	FUN_004a7df4,
0051f407	string	\"dscPtr->xdArgCopy == 0\"	FUN_004a7df4,
0051f41e	string	\"XX.CPP\"	FUN_004a7df4,
0051f425	string	\"(dscPtr->xdMask & TM_IS_PTR) == 0\"	FUN_004a7df4,
0051f447	string	\"XX.CPP\"	FUN_004a7df4,
0051f44e	string	\"mask & TM_IS_PTR\"	FUN_004a7df4,
0051f45f	string	\"XX.CPP\"	FUN_004a7df4,
0051f466	string	\"dscPtr->xdMask & TM_IS_PTR\"	FUN_004a7df4,
0051f481	string	\"XX.CPP\"	FUN_004a7df4,
0051f488	string	\"dscPtr->xdTypeID == dscPtr->xdBase\"	FUN_004a7df4,
0051f4ab	string	\"XX.CPP\"	FUN_004a7df4,
0051f4b2	string	\"hdtPtr->HDcctrAddr\"	FUN_004a7df4,
0051f4c5	string	\"XX.CPP\"	FUN_004a7df4,
0051f4cc	string	\"dscPtr->xdSize == size\"	FUN_004a7df4,
0051f4e3	string	\"XX.CPP\"	FUN_004a7df4,
0051f4ea	string	\"xdrPtr && xdrPtr == *xdrLPP\"	Local_unwind,
0051f506	string	\"XX.CPP\"	Local_unwind,
0051f50d	string	\"bogus context in Local_unwind()\"	Local_unwind,
0051f52d	string	\"!\\\"bogus context in Local_unwind()\\\"\"	Local_unwind,
0051f550	string	\"XX.CPP\"	Local_unwind,
0051f557	string	\"bogus context in _ExceptionHandler()\"	_ExceptionHandler,
0051f57c	string	\"!\\\"bogus context in _ExceptionHandler()\\\"\"	_ExceptionHandler,
0051f5a4	string	\"XX.CPP\"	_ExceptionHandler,
0051f5ab	string	\"varType->tpClass.tpcFlags & CF_HAS_DTOR\"	FUN_004a86dc,
0051f5d3	string	\"XX.CPP\"	FUN_004a86dc,
0051f5da	string	\"varType->tpClass.tpcDtorAddr\"	FUN_004a86dc,
0051f5f7	string	\"XX.CPP\"	FUN_004a86dc,
0051f5fe	string	\"(errPtr->ERRcInitDtc >= varType->tpClass.tpcDtorCount) || flags\"	FUN_004a86dc,
0051f63e	string	\"XX.CPP\"	FUN_004a86dc,
0051f645	string	\"varType->tpClass.tpcFlags & CF_HAS_DTOR\"	FUN_004a881e,
0051f66d	string	\"XX.CPP\"	FUN_004a881e,
0051f674	string	\"dtorCnt < varCount\"	FUN_004a881e,
0051f687	string	\"XX.CPP\"	FUN_004a881e,
0051f68e	string	\"IS_STRUC(blType->tpMask)\"	FUN_004a881e,
0051f6a7	string	\"XX.CPP\"	FUN_004a881e,
0051f6ae	string	\"IS_STRUC(blType->tpMask)\"	FUN_004a881e,
0051f6c7	string	\"XX.CPP\"	FUN_004a881e,
0051f6ce	string	\"memType\"	FUN_004a881e,
0051f6d6	string	\"XX.CPP\"	FUN_004a881e,
0051f6dd	string	\"memType->tpClass.tpcFlags & CF_HAS_DTOR\"	FUN_004a881e,
0051f705	string	\"XX.CPP\"	FUN_004a881e,
0051f70c	string	\"varType->tpMask & TM_IS_ARRAY\"	FUN_004a8ab8,
0051f72a	string	\"XX.CPP\"	FUN_004a8ab8,
0051f731	string	\"varType->tpArr.tpaElemType->tpClass.tpcFlags & CF_HAS_DTOR\"	FUN_004a8ab8,
0051f76c	string	\"XX.CPP\"	FUN_004a8ab8,
0051f773	string	\"vdtCount\"	FUN_004a8ab8,
0051f77c	string	\"XX.CPP\"	FUN_004a8ab8,
0051f783	string	\"etdCount <= elemCount || elemCount == 0\"	FUN_004a8ab8,
0051f7ab	string	\"XX.CPP\"	FUN_004a8ab8,
0051f7b2	string	\"dtrCount <= vdtCount\"	FUN_004a8ab8,
0051f7c7	string	\"XX.CPP\"	FUN_004a8ab8,
0051f7ce	string	\"IS_CLASS(varType->tpMask)\"	FUN_004a8bdc,
0051f7e8	string	\"XX.CPP\"	FUN_004a8bdc,
0051f7ef	string	\"((unsigned __far *)vftAddr)[-1] == 0\"	FUN_004a8bdc,
0051f814	string	\"XX.CPP\"	FUN_004a8bdc,
0051f81b	string	\"dttPtr->dttFlags & (DTCVF_PTRVAL|DTCVF_RETVAL)\"	FUN_004a8c58,
0051f84a	string	\"XX.CPP\"	FUN_004a8c58,
0051f851	string	\"dttPtr->dttType->tpMask & TM_IS_PTR\"	FUN_004a8c58,
0051f875	string	\"XX.CPP\"	FUN_004a8c58,
0051f87c	string	\"dttPtr->dttType->tpPtr.tppBaseType->tpClass.tpcFlags & CF_HAS_DTOR\"	FUN_004a8c58,
0051f8bf	string	\"XX.CPP\"	FUN_004a8c58,
0051f8c6	string	\"IS_CLASS(dttPtr->dttType->tpMask) && (dttPtr->dttType->tpClass.tpcFlags & CF_HAS_DTOR)\"	FUN_004a8c58,
0051f91d	string	\"XX.CPP\"	FUN_004a8c58,
0051f924	string	\"varType->tpClass.tpcFlags & CF_HAS_DTOR\"	FUN_004a8c58,
0051f94c	string	\"XX.CPP\"	FUN_004a8c58,
0051f953	string	\"elemType->tpClass.tpcFlags & CF_HAS_DTOR\"	FUN_004a8c58,
0051f97c	string	\"XX.CPP\"	FUN_004a8c58,
0051f983	string	\"varType->tpMask & TM_IS_PTR\"	FUN_004a8c58,
0051f99f	string	\"XX.CPP\"	FUN_004a8c58,
0051f9a6	string	\"dtCnt >= 0\"	FUN_004a8c58,
0051f9b1	string	\"XX.CPP\"	FUN_004a8c58,
0051f9b8	string	\"**BCCxh1\"	FUN_004a903a,
0051f9c4	string	\"<notype>\"	FUN_004a90cc,
0051f9cd	string	\"id->tpName\"	FUN_004a90cc,
0051f9d8	string	\"XXTYPE.CPP\"	FUN_004a90cc,
0051f9e7	string	\"XXTYPE.CPP\"	FUN_004a9103,
0051f9f6	string	\"XXTYPE.CPP\"	FUN_004a9103,
0051fa01	string	\"tp1->tpName\"	FUN_004a9103,
0051fa0d	string	\"XXTYPE.CPP\"	FUN_004a9103,
0051fa18	string	\"tp2->tpName\"	FUN_004a9103,
0051fa24	string	\"XXTYPE.CPP\"	FUN_004a9103,
0051fa2f	string	\"IS_STRUC(base->tpMask)\"	FUN_004a91de,
0051fa46	string	\"XXTYPE.CPP\"	FUN_004a91de,
0051fa51	string	\"IS_STRUC(derv->tpMask)\"	FUN_004a91de,
0051fa68	string	\"XXTYPE.CPP\"	FUN_004a91de,
0051fa73	string	\"derv->tpClass.tpcFlags & CF_HAS_BASES\"	FUN_004a91de,
0051fa99	string	\"XXTYPE.CPP\"	FUN_004a91de,
0051faa4	string	\"((unsigned __far *)vtablePtr)[-1] == 0\"	FUN_004a9564,
0051facb	string	\"XXTYPE.CPP\"	FUN_004a9564,
0051fad6	string	\"topTypPtr != 0 && IS_STRUC(topTypPtr->tpMask)\"	FUN_004a95c1,
0051fb04	string	\"XXTYPE.CPP\"	FUN_004a95c1,
0051fb0f	string	\"tgtTypPtr != 0 && IS_STRUC(tgtTypPtr->tpMask)\"	FUN_004a95c1,
0051fb3d	string	\"XXTYPE.CPP\"	FUN_004a95c1,
0051fb48	string	\"srcTypPtr == 0 || IS_STRUC(srcTypPtr->tpMask)\"	FUN_004a95c1,
0051fb76	string	\"XXTYPE.CPP\"	FUN_004a95c1,
0051fb81	string	\"__isSameTypeID(srcTypPtr, tgtTypPtr) == 0\"	FUN_004a95c1,
0051fbab	string	\"XXTYPE.CPP\"	FUN_004a95c1,
0051fbb6	string	\"tgtTypPtr != 0 && __isSameTypeID(topTypPtr, tgtTypPtr) == 0\"	FUN_004a95c1,
0051fbf2	string	\"XXTYPE.CPP\"	FUN_004a95c1,
0051fbfd	string	\"srcTypPtr\"	FUN_004a95c1,
0051fc07	string	\"XXTYPE.CPP\"	FUN_004a95c1,
0051fc12	string	\"((unsigned __far *)vtablePtr)[-1] == 0\"	FUN_004a9828,
0051fc39	string	\"XXTYPE.CPP\"	FUN_004a9828,
0051fc49	string	\"XXTYPE.CPP\"	FUN_004a9956,
0051fc54	string	\"Can't adjust class address (no base class entry found)\"	FUN_004a99f8,
0051fc8b	string	\"!\\\"Can't adjust class address (no base class entry found)\\\"\"	FUN_004a99f8,
0051fcc5	string	\"XXTYPE.CPP\"	FUN_004a99f8,
0052033c	string	\"Error 0\"	00520274,
00520344	string	\"Invalid function number\"	00520278,
0052035c	string	\"No such file or directory\"	0052027c,
00520376	string	\"Path not found\"	00520280,
00520385	string	\"Too many open files\"	00520284,
00520399	string	\"Permission denied\"	00520288,
005203ab	string	\"Bad file number\"	0052028c,
005203bb	string	\"Memory arena trashed\"	00520290,
005203d0	string	\"Not enough memory\"	00520294,
005203e2	string	\"Invalid memory block address\"	00520298,
005203ff	string	\"Invalid environment\"	0052029c,
00520413	string	\"Invalid format\"	005202a0,
00520422	string	\"Invalid access code\"	005202a4,
00520436	string	\"Invalid data\"	005202a8,
00520443	string	\"Bad address\"	005202ac,
0052044f	string	\"No such device\"	005202b0,
0052045e	string	\"Attempted to remove current directory\"	005202b4,
00520484	string	\"Not same device\"	005202b8,
00520494	string	\"No more files\"	005202bc,
005204a2	string	\"Invalid argument\"	005202c0,
005204b3	string	\"Arg list too big\"	005202c4,
005204c4	string	\"Exec format error\"	005202c8,
005204d6	string	\"Cross-device link\"	005202cc,
005204e8	string	\"Too many open files\"	005202d0,
005204fc	string	\"No child processes\"	005202d4,
0052050f	string	\"Inappropriate I/O control operation\"	005202d8,
00520533	string	\"Executable file in use\"	005202dc,
0052054a	string	\"File too large\"	005202e0,
00520559	string	\"No space left on device\"	005202e4,
00520571	string	\"Illegal seek\"	005202e8,
0052057e	string	\"Read-only file system\"	005202ec,
00520594	string	\"Too many links\"	005202f0,
005205a3	string	\"Broken pipe\"	005202f4,
005205af	string	\"Math argument\"	005202f8,
005205bd	string	\"Result too large\"	005202fc,
005205ce	string	\"File already exists\"	00520300,
005205e2	string	\"Possible deadlock\"	00520304,
005205f4	string	\"Operation not permitted\"	00520308,
0052060c	string	\"No such process\"	0052030c,
0052061c	string	\"Interrupted function call\"	00520310,
00520636	string	\"Input/output error\"	00520314,
00520649	string	\"No such device or address\"	00520318,
00520663	string	\"Resource temporarily unavailable\"	0052031c,
00520684	string	\"Block device required\"	00520320,
0052069a	string	\"Resource busy\"	00520324,
005206a8	string	\"Not a directory\"	00520328,
005206b8	string	\"Is a directory\"	0052032c,
005206c8	string	\"Filename too long\"	00520334,
005206da	string	\"Unknown error\"	
00520774	string	\"creating global stream lock\"	
00520790	string	\"allocating stream lock table\"	FUN_004ab648,
005207ad	string	\"creating stream lock\"	FUN_004ab648,
005207c4	string	\"(null)\"	FUN_004ab834,
005207ce	unicode	u\"null)\"	FUN_004ab834,FUN_004ab834,
0052084c	string	\"allocating handle lock table\"	FUN_004ac974,
00520869	string	\"creating handle lock\"	FUN_004ac974,
0052087e	string	\"creating global handle lock\"	FUN_004acb90,
00520d3f	string	\"%A, %B %d, %Y\"	
00520d53	string	\"Monday\"	00520c4c,
00520d5a	string	\"Tuesday\"	00520c50,
00520d62	string	\"Wednesday\"	00520c54,
00520d6c	string	\"Thursday\"	00520c58,
00520d75	string	\"Friday\"	00520c5c,
00520d7c	string	\"Saturday\"	00520c60,
00520d85	string	\"Sunday\"	00520c64,
00520da8	string	\"January\"	00520c84,
00520db0	string	\"February\"	00520c88,
00520db9	string	\"March\"	00520c8c,
00520dbf	string	\"April\"	00520c90,
00520dd3	string	\"August\"	00520ca0,
00520dda	string	\"September\"	00520ca4,
00520de4	string	\"October\"	00520ca8,
00520dec	string	\"November\"	00520cac,
00520df5	string	\"December\"	00520cb0,
00520e54	string	\"printf : floating point formats not linked\"	FUN_004ae2e4,
00520e7f	string	\"scanf : floating point formats not linked\"	FUN_004ae2f0,
00520ebc	string	\"printf : floating point formats not linked\"	004ae2fc,
00520ee7	string	\"scanf : floating point formats not linked\"	004ae308,
00520f7c	string	\"DOMAIN\"	00520f64,
00520f88	string	\"OVERFLOW\"	00520f6c,
00520f91	string	\"UNDERFLOW\"	00520f70,
00520f9b	string	\"TLOSS\"	00520f74,
00520fa1	string	\"PLOSS\"	00520f78,
00520fbc	unicode	u\"-INF\"	FUN_004ae974,FUN_004ae974,
00520fc6	unicode	u\"+INF\"	FUN_004ae974,FUN_004ae974,
00520fd0	unicode	u\"-NAN\"	FUN_004ae974,FUN_004ae974,
00520fda	unicode	u\"+NAN\"	FUN_004ae974,FUN_004ae974,
00521034	string	\"%s: %s error\"	FUN_004afbe4,
00521108	string	\"Error: system code page access failure; MBCS table not initialized\"	
005211c0	string	\"Out of memory\"	FUN_004b035c,
00521214	string	\"creating heap lock\"	
0052122c	string	\"Assertion failed: \"	__assertfail,
0052123f	string	\", file \"	__assertfail,
00521247	string	\", line \"	__assertfail,
00521250	string	\"Pure virtual function called\"	004b12d0,
0052127c	string	\"%02d/%02d/%04d %2d:%02d:%02d.%02d \"	FUN_004b1678,
005212a0	string	\"kernel32.dll\"	
005212ad	string	\"GetProcAddress\"	
005212bc	string	\"Borland32\"	
005212c8	string	\"Abnormal program termination\"	FUN_004b17c0,
00521300	string	\"No space for copy of command line\"	
00521322	string	\"No space for command line argument vector\"	FUN_004b1b38,
0052134c	string	\"No space for command line argument\"	FUN_004b1b38,
0052137c	string	\"Out of memory in _setargv0\"	
005213bb	string	\"COMSPEC\"	FUN_004b1fb4,
005213cc	string	\"GetEnvironmentStrings failed\"	FUN_004b2380,
005213e9	string	\"Could not allocate memory for environment block\"	
00521419	string	\"creating environment lock\"	
00521498	string	\"creating atexit lock\"	
00521634	string	\"String reference out of range\"	
00521818	string	\"String reference out of range\"	FUN_004b3028,
00521836	string	\"String reference out of range\"	FUN_004b30c8,
00521854	string	\"String reference out of range\"	FUN_004b3168,
00521874	string	\"creating thread data lock\"	
00521890	string	\"Semaphore error \"	FUN_004b38b0,FUN_004b38b0,
005219a0	string	\"Sunday\"	005218c0,
005219a7	string	\"Monday\"	005218c4,
005219ae	string	\"Tuesday\"	005218c8,
005219b6	string	\"Wednesday\"	005218cc,
005219c0	string	\"Thursday\"	005218d0,
005219c9	string	\"Friday\"	005218d4,
005219d0	string	\"Saturday\"	005218d8,
00521a09	string	\"January\"	0052190c,
00521a11	string	\"February\"	00521910,
00521a1a	string	\"March\"	00521914,
00521a20	string	\"April\"	00521918,
00521a34	string	\"August\"	00521928,
00521a3b	string	\"September\"	0052192c,
00521a45	string	\"October\"	00521930,
00521a4d	string	\"November\"	00521934,
00521a56	string	\"December\"	
006a5000	TerminatedCString	\"KERNEL32.dll\"	004004a4,
006a500d	TerminatedCString	\"USER32.dll\"	
006a5018	TerminatedCString	\"BWCC32.dll\"	
006a5023	TerminatedCString	\"WINMM.dll\"	
006a502d	TerminatedCString	\"GDI32.dll\"	
006a5037	TerminatedCString	\"cgnet.dll\"	
006a5041	TerminatedCString	\"DPLAYX.dll\"	
006a504c	TerminatedCString	\"ADVAPI32.dll\"	
006a5059	TerminatedCString	\"smackw32.dll\"	
006a5066	TerminatedCString	\"OLE32.dll\"	
006a5070	TerminatedCString	\"DDRAW.dll\"	
006a507c	TerminatedCString	\"GetModuleHandleA\"	
006a5090	TerminatedCString	\"GetLocalTime\"	
006a50a0	TerminatedCString	\"GetDriveTypeA\"	
006a50b0	TerminatedCString	\"CloseHandle\"	
006a50be	TerminatedCString	\"SetFileAttributesA\"	
006a50d4	TerminatedCString	\"GetLastError\"	
006a50e4	TerminatedCString	\"GlobalFlags\"	
006a50f2	TerminatedCString	\"GetVersionExA\"	
006a5102	TerminatedCString	\"GetSystemTime\"	
006a5112	TerminatedCString	\"GetPrivateProfileStringA\"	
006a512e	TerminatedCString	\"_llseek\"	
006a5138	TerminatedCString	\"HeapValidate\"	
006a5148	TerminatedCString	\"lstrcatA\"	
006a5154	TerminatedCString	\"lstrcpyA\"	
006a5160	TerminatedCString	\"InitializeCriticalSection\"	
006a517c	TerminatedCString	\"DeleteFileW\"	
006a518a	TerminatedCString	\"LoadResource\"	
006a519a	TerminatedCString	\"DeleteFileA\"	
006a51a8	TerminatedCString	\"FindClose\"	
006a51b4	TerminatedCString	\"CreateProcessA\"	
006a51c6	TerminatedCString	\"GetStartupInfoA\"	
006a51d8	TerminatedCString	\"SetEndOfFile\"	
006a51e8	TerminatedCString	\"VirtualFree\"	
006a51f6	TerminatedCString	\"_lopen\"	
006a5200	TerminatedCString	\"GetCurrentThreadId\"	
006a5216	TerminatedCString	\"VirtualQuery\"	
006a5226	TerminatedCString	\"GlobalSize\"	
006a5234	TerminatedCString	\"Sleep\"	
006a523c	TerminatedCString	\"GlobalReAlloc\"	
006a524c	TerminatedCString	\"GlobalLock\"	
006a525a	TerminatedCString	\"SuspendThread\"	
006a526a	TerminatedCString	\"FindNextFileA\"	
006a527a	TerminatedCString	\"SetHandleCount\"	
006a528c	TerminatedCString	\"SetConsoleCtrlHandler\"	
006a52a4	TerminatedCString	\"RtlUnwind\"	
006a52b0	TerminatedCString	\"LocalFree\"	
006a52bc	TerminatedCString	\"RaiseException\"	
006a52ce	TerminatedCString	\"GlobalAlloc\"	
006a52dc	TerminatedCString	\"LocalAlloc\"	
006a52ea	TerminatedCString	\"LeaveCriticalSection\"	
006a5302	TerminatedCString	\"CreateThread\"	
006a5312	TerminatedCString	\"GetTickCount\"	
006a5322	TerminatedCString	\"GetStringTypeW\"	
006a5334	TerminatedCString	\"ResumeThread\"	
006a5344	TerminatedCString	\"GetEnvironmentStrings\"	
006a535c	TerminatedCString	\"GetProcAddress\"	
006a536e	TerminatedCString	\"SetErrorMode\"	
006a537e	TerminatedCString	\"GetLogicalDrives\"	
006a5392	TerminatedCString	\"lstrlenA\"	
006a539e	TerminatedCString	\"_lread\"	
006a53a8	TerminatedCString	\"GlobalMemoryStatus\"	
006a53be	TerminatedCString	\"TlsAlloc\"	
006a53ca	TerminatedCString	\"SetFilePointer\"	
006a53dc	TerminatedCString	\"ExitThread\"	
006a53ea	TerminatedCString	\"GetExitCodeThread\"	
006a53fe	TerminatedCString	\"GetDateFormatA\"	
006a5410	TerminatedCString	\"WaitForSingleObject\"	
006a5426	TerminatedCString	\"GetFileSize\"	
006a5434	TerminatedCString	\"GlobalUnlock\"	
006a5444	TerminatedCString	\"ExitProcess\"	
006a5452	TerminatedCString	\"EnterCriticalSection\"	
006a546a	TerminatedCString	\"_lclose\"	
006a5474	TerminatedCString	\"GetFileType\"	
006a5482	TerminatedCString	\"GetFullPathNameA\"	
006a5496	TerminatedCString	\"GetFileAttributesA\"	
006a54ac	TerminatedCString	\"VirtualAlloc\"	
006a54bc	TerminatedCString	\"SetEnvironmentVariableA\"	
006a54d6	TerminatedCString	\"GetCurrentDirectoryA\"	
006a54ee	TerminatedCString	\"SetCurrentDirectoryA\"	
006a5506	TerminatedCString	\"GetCommandLineA\"	
006a5518	TerminatedCString	\"UnhandledExceptionFilter\"	
006a5534	TerminatedCString	\"GetCPInfo\"	
006a5540	TerminatedCString	\"ReleaseMutex\"	
006a5550	TerminatedCString	\"GetACP\"	
006a555a	TerminatedCString	\"TlsSetValue\"	
006a5568	TerminatedCString	\"FreeLibrary\"	
006a5576	TerminatedCString	\"MoveFileA\"	
006a5582	TerminatedCString	\"FindResourceA\"	
006a5592	TerminatedCString	\"WideCharToMultiByte\"	
006a55a8	TerminatedCString	\"GetDiskFreeSpaceA\"	
006a55bc	TerminatedCString	\"LoadLibraryA\"	
006a55cc	TerminatedCString	\"FindFirstFileA\"	
006a55de	TerminatedCString	\"TlsGetValue\"	
006a55ec	TerminatedCString	\"GetVersion\"	
006a55fa	TerminatedCString	\"GetTimeZoneInformation\"	
006a5614	TerminatedCString	\"MultiByteToWideChar\"	
006a562a	TerminatedCString	\"TlsFree\"	
006a5634	TerminatedCString	\"ReadFile\"	
006a5640	TerminatedCString	\"CreateMutexA\"	
006a5650	TerminatedCString	\"GetStdHandle\"	
006a5660	TerminatedCString	\"CreateFileA\"	
006a566e	TerminatedCString	\"GetShortPathNameA\"	
006a5682	TerminatedCString	\"GetProcessHeap\"	
006a5694	TerminatedCString	\"CreateDirectoryA\"	
006a56a8	TerminatedCString	\"WriteFile\"	
006a56b4	TerminatedCString	\"GlobalFree\"	
006a56c2	TerminatedCString	\"GetModuleFileNameA\"	
006a56d8	TerminatedCString	\"GetExitCodeProcess\"	
006a56ee	TerminatedCString	\"DrawMenuBar\"	
006a56fc	TerminatedCString	\"wsprintfA\"	
006a5708	TerminatedCString	\"TranslateMessage\"	
006a571c	TerminatedCString	\"TranslateAcceleratorA\"	
006a5734	TerminatedCString	\"SetWindowPos\"	
006a5744	TerminatedCString	\"SetTimer\"	
006a5750	TerminatedCString	\"SetSysColors\"	
006a5760	TerminatedCString	\"SetForegroundWindow\"	
006a5776	TerminatedCString	\"CreateWindowExA\"	
006a5788	TerminatedCString	\"SetDlgItemTextA\"	
006a579a	TerminatedCString	\"SetDlgItemInt\"	
006a57aa	TerminatedCString	\"SetCursorPos\"	
006a57ba	TerminatedCString	\"SendMessageA\"	
006a57ca	TerminatedCString	\"SendDlgItemMessageA\"	
006a57e0	TerminatedCString	\"SetWindowTextA\"	
006a57f2	TerminatedCString	\"ShowCursor\"	
006a5800	TerminatedCString	\"ReleaseDC\"	
006a580c	TerminatedCString	\"UpdateWindow\"	
006a581c	TerminatedCString	\"RegisterClassA\"	
006a582e	TerminatedCString	\"PostQuitMessage\"	
006a5840	TerminatedCString	\"PostMessageA\"	
006a5850	TerminatedCString	\"PeekMessageA\"	
006a5860	TerminatedCString	\"OffsetRect\"	
006a586e	TerminatedCString	\"MoveWindow\"	
006a587c	TerminatedCString	\"MessageBoxA\"	
006a588a	TerminatedCString	\"LoadStringA\"	
006a5898	TerminatedCString	\"LoadIconA\"	
006a58a4	TerminatedCString	\"LoadCursorA\"	
006a58b2	TerminatedCString	\"LoadAcceleratorsA\"	
006a58c6	TerminatedCString	\"KillTimer\"	
006a58d2	TerminatedCString	\"IsDlgButtonChecked\"	
006a58e8	TerminatedCString	\"SetWindowLongA\"	
006a58fa	TerminatedCString	\"InvalidateRect\"	
006a590c	TerminatedCString	\"GetWindowRect\"	
006a591c	TerminatedCString	\"GetWindowLongA\"	
006a592e	TerminatedCString	\"GetSystemMetrics\"	
006a5942	TerminatedCString	\"GetSysColor\"	
006a5950	TerminatedCString	\"GetParent\"	
006a595c	TerminatedCString	\"SetFocus\"	
006a5968	TerminatedCString	\"SetCursor\"	
006a5974	TerminatedCString	\"GetKeyState\"	
006a5982	TerminatedCString	\"GetDlgItemTextA\"	
006a5994	TerminatedCString	\"GetDlgItemInt\"	
006a59a4	TerminatedCString	\"GetDC\"	
006a59ac	TerminatedCString	\"GetCursorPos\"	
006a59bc	TerminatedCString	\"GetClientRect\"	
006a59cc	TerminatedCString	\"ShowWindow\"	
006a59da	TerminatedCString	\"GetActiveWindow\"	
006a59ec	TerminatedCString	\"FindWindowA\"	
006a59fa	TerminatedCString	\"EnumThreadWindows\"	
006a5a0e	TerminatedCString	\"EndPaint\"	
006a5a1a	TerminatedCString	\"EndDialog\"	
006a5a26	TerminatedCString	\"EnableMenuItem\"	
006a5a38	TerminatedCString	\"DrawTextA\"	
006a5a44	TerminatedCString	\"DispatchMessageA\"	
006a5a58	TerminatedCString	\"DestroyWindow\"	
006a5a68	TerminatedCString	\"DefWindowProcA\"	
006a5a7a	TerminatedCString	\"CheckMenuItem\"	
006a5a8a	TerminatedCString	\"CheckDlgButton\"	
006a5a9c	TerminatedCString	\"BeginPaint\"	
006a5aaa	TerminatedCString	\"GetMessageA\"	
006a5ab8	TerminatedCString	\"GetDlgItem\"	
006a5ac6	TerminatedCString	\"IsDialogMessageA\"	
006a5ada	TerminatedCString	\"GetUpdateRect\"	
006a5aea	TerminatedCString	\"MapWindowPoints\"	
006a5afc	TerminatedCString	\"LoadBitmapA\"	
006a5b0a	TerminatedCString	\"RegisterClassExA\"	
006a5b1e	TerminatedCString	\"WaitMessage\"	
006a5b2c	TerminatedCString	\"GetAsyncKeyState\"	
006a5b40	TerminatedCString	\"DialogBoxParamA\"	
006a5b52	TerminatedCString	\"waveOutWrite\"	
006a5b62	TerminatedCString	\"waveOutUnprepareHeader\"	
006a5b7c	TerminatedCString	\"waveOutRestart\"	
006a5b8e	TerminatedCString	\"waveOutPrepareHeader\"	
006a5ba6	TerminatedCString	\"waveOutPause\"	
006a5bb6	TerminatedCString	\"waveOutOpen\"	
006a5bc4	TerminatedCString	\"timeSetEvent\"	
006a5bd4	TerminatedCString	\"timeKillEvent\"	
006a5be4	TerminatedCString	\"timeGetTime\"	
006a5bf2	TerminatedCString	\"timeEndPeriod\"	
006a5c02	TerminatedCString	\"timeBeginPeriod\"	
006a5c14	TerminatedCString	\"waveOutClose\"	
006a5c24	TerminatedCString	\"timeGetDevCaps\"	
006a5c36	TerminatedCString	\"waveOutReset\"	
006a5c46	TerminatedCString	\"StretchBlt\"	
006a5c54	TerminatedCString	\"SetTextColor\"	
006a5c64	TerminatedCString	\"SetSystemPaletteUse\"	
006a5c7a	TerminatedCString	\"SetDIBColorTable\"	
006a5c8e	TerminatedCString	\"SetBkMode\"	
006a5c9a	TerminatedCString	\"SelectPalette\"	
006a5caa	TerminatedCString	\"SelectObject\"	
006a5cba	TerminatedCString	\"SelectClipRgn\"	
006a5cca	TerminatedCString	\"Rectangle\"	
006a5cd6	TerminatedCString	\"RealizePalette\"	
006a5ce8	TerminatedCString	\"PatBlt\"	
006a5cf2	TerminatedCString	\"MoveToEx\"	
006a5cfe	TerminatedCString	\"LineTo\"	
006a5d08	TerminatedCString	\"GetSystemPaletteUse\"	
006a5d1e	TerminatedCString	\"GetSystemPaletteEntries\"	
006a5d38	TerminatedCString	\"GetStockObject\"	
006a5d4a	TerminatedCString	\"GetPaletteEntries\"	
006a5d5e	TerminatedCString	\"GetObjectA\"	
006a5d6c	TerminatedCString	\"GetNearestPaletteIndex\"	
006a5d86	TerminatedCString	\"GetDeviceCaps\"	
006a5d96	TerminatedCString	\"GetDIBits\"	
006a5da2	TerminatedCString	\"GetDCOrgEx\"	
006a5db0	TerminatedCString	\"GdiFlush\"	
006a5dbc	TerminatedCString	\"DeleteObject\"	
006a5dcc	TerminatedCString	\"DeleteDC\"	
006a5dd8	TerminatedCString	\"CreateSolidBrush\"	
006a5dec	TerminatedCString	\"CreateRectRgn\"	
006a5dfc	TerminatedCString	\"CreatePen\"	
006a5e08	TerminatedCString	\"CreatePalette\"	
006a5e18	TerminatedCString	\"CreateDIBitmap\"	
006a5e2a	TerminatedCString	\"CreateDIBSection\"	
006a5e3e	TerminatedCString	\"CreateCompatibleDC\"	
006a5e54	TerminatedCString	\"CreateCompatibleBitmap\"	
006a5e6e	TerminatedCString	\"CreateBrushIndirect\"	
006a5e84	TerminatedCString	\"BitBlt\"	
006a5e8e	TerminatedCString	\"CGNetPlayer_GetName\"	
006a5ea4	TerminatedCString	\"CGNetPlayer_GetMessage\"	
006a5ebe	TerminatedCString	\"CGNet_Initialize\"	
006a5ed2	TerminatedCString	\"CGNet_FindServices\"	
006a5ee8	TerminatedCString	\"CGNet_Cleanup\"	
006a5ef8	TerminatedCString	\"CGNetPlayer_BroadcastMessageGuaranteed\"	
006a5f22	TerminatedCString	\"CGNetSession_Join\"	
006a5f36	TerminatedCString	\"CGNetSession_GetName\"	
006a5f4e	TerminatedCString	\"CGNetMessage_GetInfo\"	
006a5f66	TerminatedCString	\"CGNetSession_FindPlayers\"	
006a5f82	TerminatedCString	\"CGNetSession_DisableJoin\"	
006a5f9e	TerminatedCString	\"CGNetMessage_GetBuffer\"	
006a5fb8	TerminatedCString	\"CGNetSession_CreatePlayer\"	
006a5fd4	TerminatedCString	\"CGNetService_GetType\"	
006a5fec	TerminatedCString	\"@__unlockDebuggerData$qv\"	
006a6008	TerminatedCString	\"CGNetService_FindSessions\"	
006a6024	TerminatedCString	\"CGNetService_CreateSession\"	
006a6042	TerminatedCString	\"@__lockDebuggerData$qv\"	
006a605c	TerminatedCString	\"CGNetService_ConnectToIPAddress\"	
006a607e	TerminatedCString	\"CGNetPlayer_SendMessageGuaranteed\"	
006a60a2	TerminatedCString	\"DirectPlayCreate\"	
006a60b6	TerminatedCString	\"RegQueryValueExA\"	
006a60ca	TerminatedCString	\"RegOpenKeyExA\"	
006a60da	TerminatedCString	\"RegCloseKey\"	
006a60e8	TerminatedCString	\"_SmackToBufferRect@8\"	
006a6100	TerminatedCString	\"_SmackNextFrame@4\"	
006a6114	TerminatedCString	\"_SmackClose@4\"	
006a6124	TerminatedCString	\"_SmackToBuffer@28\"	
006a6138	TerminatedCString	\"_SmackSoundUseDirectSound@4\"	
006a6156	TerminatedCString	\"_SmackWait@4\"	
006a6166	TerminatedCString	\"_SmackOpen@12\"	
006a6176	TerminatedCString	\"_SmackDoFrame@4\"	
006a6188	TerminatedCString	\"CoUninitialize\"	
006a619a	TerminatedCString	\"CoInitialize\"	
006a61aa	TerminatedCString	\"CoCreateInstance\"	
006a61be	TerminatedCString	\"DirectDrawCreate\"	
006a80e6	TerminatedCString	\"Deadlock2.exe\"	006a800c,
006a80f4	TerminatedCString	\"@BackWndProc$qqspvuiuil\"	006a8074,
006a810c	TerminatedCString	\"@CampaignNumDialog$qqspvuiuil\"	006a8078,
006a812a	TerminatedCString	\"@CheatTechDialog$qqspvuiuil\"	006a807c,
006a8146	TerminatedCString	\"@CustomWnd$qqspvuiuil\"	006a8080,
006a815c	TerminatedCString	\"@DebugJobsDialog$qqspvuiuil\"	006a8084,
006a8178	TerminatedCString	\"@DebugMinisterDialog$qqspvuiuil\"	006a8088,
006a8198	TerminatedCString	\"@EditTerritoryResourcesDialog$qqspvuiuil\"	006a808c,
006a81c1	TerminatedCString	\"@EditTileResourcesDialog$qqspvuiuil\"	006a8090,
006a81e5	TerminatedCString	\"@GameStyleDialog$qqspvuiuil\"	006a8094,
006a8201	TerminatedCString	\"@IntroWndProc$qqspvuiuil\"	006a8098,
006a821a	TerminatedCString	\"@MainWndProc$qqspvuiuil\"	006a809c,
006a8232	TerminatedCString	\"@PlayerNameDialog$qqspvuiuil\"	006a80a0,
006a824f	TerminatedCString	\"@ProgressDialog$qqspvuiuil\"	006a80a4,
006a826a	TerminatedCString	\"@TaskForceDialog$qqspvuiuil\"	006a80a8,
006a8286	TerminatedCString	\"@TransferDialog$qqspvuiuil\"	006a80ac,
006a82a1	TerminatedCString	\"@WinGWndProc$qqspvuiuil\"	006a80b0,
006a82b9	TerminatedCString	\"__DebuggerHookData\"	006a80b4,
006a82cc	TerminatedCString	\"__GetExceptDLLinfo\"	006a80b8,
006a82df	TerminatedCString	\"___CPPdebugHook\"	006a80bc,
006ce70c	PascalUnicode	u\"\"	
006ce70e	PascalUnicode	u\"Planet/Territory View\"	
006ce73a	PascalUnicode	u\"When Visible\\n\\tMain Interface\\n\\nWhat It Does\\n\\tShows You World Map\\n\\tLets You Move Units and Resources\\n\\tAllows You to See Enemy Settlements\"	
006ce84a	PascalUnicode	u\"\\tThis is the main view of your interface - it fills the upper two-thirds of the screen. This view toggles between displaying the entire world or showing a specific settlement. Military units are shown in stacks of unit types. The types are infantry, armor, air, sea, transports, missiles, and special units. Each stack has several units in it that move as a group. Right click the stack to move or view individual units.\"	
006ceb94	PascalUnicode	u\"NNMINTA\"	
006ceba4	PascalUnicode	u\"Planet/Territory View Toggle\"	
006cebde	PascalUnicode	u\"When Visible\\n\\tMain Interface Toolbar\\n\\nWhat It Does\\n\\tChanges Screen Between the Planet and Territory Views.\"	
006cecb4	PascalUnicode	u\"\\tThis button switches the screen between the Planet and Territory Views.\"	
006ced46	PascalUnicode	u\"NNMINTB\"	
006ced56	PascalUnicode	u\"Satellite View\"	
006ced74	PascalUnicode	u\"When Visible\\n\\tAlways\\n\\nWhat It Does\\n\\tLets You Move Around Planet and Territory Views\\n\\tLets You Quickly Move Units Between Territories\"	
006cee7e	PascalUnicode	u\"\\tThe map in the lower right is the Satellite View. By clicking one of its territories, you change what you see in your Territory and Planet View. Use this to see other territories or other parts of the planet. Units may also be dragged and dropped onto the Satellite View. This lets you move these units quickly.\"	
006cf0f0	PascalUnicode	u\"NNMINTC\"	
006cf100	PascalUnicode	u\"Treasury Readout Button\"	
006cf130	PascalUnicode	u\"When Visible\\n\\tMain Interface\\n\\nWhat It Does\\n\\tShows How Much Money You Have\\n\\tLets You Change Your Tax Rate\"	
006cf202	PascalUnicode	u\"\\tThis button shows you how much money you have. Click it to see how much money you will get from taxes next turn. You can either set an overall tax rate for your colony or adjust a specific territory's tax rate. Increasing taxes raises money but makes colonists unhappy. Certain buildings, like shipyards and airports, give you additional trade income. Selling resources to another colony also may add to your funds.\"	
006cf544	PascalUnicode	u\"NNMINTD\"	
006cf554	PascalUnicode	u\"Turn Readout\"	
006cf56e	PascalUnicode	u\"When Visible\\n\\tMain Interface\\n\\nWhat It Does\\n\\tDisplays Current Turn Number\"	
006cf600	PascalUnicode	u\"\\tThis shows the turn number.\"	
006cf63a	PascalUnicode	u\"NNMINTE\"	
006cf64a	PascalUnicode	u\"Game Options\"	
006cf664	PascalUnicode	u\"When Visible\\n\\tMain Interface\\n\\nWhat It Does\\n\\tBrings Up The File Menu\"	
006cf6ec	PascalUnicode	u\"\\tClicking here gives you access to all your file functions: save, load, quit, new game, and so on. It also lets you get to your Play Options screen, where you can manipulate a variety of settings.\"	
006cf876	PascalUnicode	u\"NNMINTF\"	
006cf886	PascalUnicode	u\"Research Button\"	
006cf8a6	PascalUnicode	u\"When Visible\\n\\tMain Interface\\n\\nWhat It Does\\n\\tLets You Choose Your Technology Research Strategy \"	
006cf964	PascalUnicode	u\"\\tPress this button to bring up the Technology Tree. From here you see what technologies have been completed, which one is in progress, and which technologies are ready for you to study. Multiple technologies may be queued up in a research order, letting you create long range strategies. You may also change what you are researching from here.\"	
006cfc14	PascalUnicode	u\"NNMINTG\"	
006cfc24	PascalUnicode	u\"Technology Progress Bar\"	
006cfc54	PascalUnicode	u\"When Visible\\n\\tMain Interface\\n\\tTechnology Tree\\n\\tColony Assistant\\n\\nWhat It Does\\n\\tShows Research Progress\"	
006cfd22	PascalUnicode	u\"\\tWatch your research progress with this bar graph. The green area is research you have finished, while the yellow area shows how far your research advances next turn. Building more Universities, Tech Labs, and Collective Tech Labs increases your research rate.\"	
006cff2c	PascalUnicode	u\"NNMINTH\"	
006cff3c	PascalUnicode	u\"Event Log Button\"	
006cff5e	PascalUnicode	u\"When Visible\\n\\tMain Interface\\n\\nWhat It Does\\n\\tReviews Your Events\"	
006cffde	PascalUnicode	u\"\\tThis button lets you look at all the events that happened this turn. It shows you a menu of tabs. Events you haven't looked at yet are lit, while events you've seen are not. If a category did not have an event this turn, it is grayed out. You watch all your battles from the Event Log.\"	
006d021c	PascalUnicode	u\"\"	
006d021e	PascalUnicode	u\"Send Message Button\"	
006d0246	PascalUnicode	u\"When Visible\\n\\tMain Interface\\n\\nWhat It Does\\n\\tSends Messages to Other Colonies\"	
006d02e0	PascalUnicode	u\"\\tGo ahead, talk to another colony! Do this by selecting an insult, praise, threat, brag, or complaint. You can also type a custom message in the message box. Then choose the race or races you wish to send the message to and press the Send button.\"	
006d04ce	PascalUnicode	u\"NNMINTI\"	
006d04de	PascalUnicode	u\"Pacts Button\"	
006d04f8	PascalUnicode	u\"When Visible\\n\\tMain Interface\\n\\nWhat It Does\\n\\tLets You Make, Observe, and Break Pacts With Other Players \"	
006d05c8	PascalUnicode	u\"\\tMake pacts with other players using this button. Propose a specific pact with a given player or break an existing one. Computer colonies only accept a pact with you if they have good feelings towards you. Pacts can either be broken by a diplomatic announcement or by a devious hidden action. Existing pacts between all the colonies are also displayed here.\"	
006d0894	PascalUnicode	u\"NNMINTJ\"	
006d08a4	PascalUnicode	u\"Black Market Button\"	
006d08cc	PascalUnicode	u\"When Visible\\n\\tMain Interface\\n\\nWhat It Does\\n\\tContacts the Skirineen\"	
006d0952	PascalUnicode	u\"\\tPress this button to speak with the outlaw Skirineen. Be prepared to wait; they'll respond to you when they feel like it. Buy resources, information, technologies, and military units from them at slightly inflated prices. You can also sell resources to them. If your colonists catch you dealing with the Skirineen, you will have a scandal - severely reducing your morale.\"	
006d0c3c	PascalUnicode	u\"\"	
006d0c3e	PascalUnicode	u\"Morale Readout Button\"	
006d0c6a	PascalUnicode	u\"When Visible\\n\\tMain Interface\\n\\nWhat It Does\\n\\tShows You a Territory's Morale\\n\\tDetails Why a Territory's Morale Is Changing\"	
006d0d5c	PascalUnicode	u\"\\tThis button displays morale changes in the selected territory. If green is highlighted, morale is improving. However, if red is highlighted, morale is dropping. Many things hurt your colony's spirit. High taxes make colonists angry. Starving and overpopulated colonists eventually rebel or die off. Even units patrolling a territory can lower morale.\"	
006d101c	PascalUnicode	u\"NNMINTK\"	
006d102c	PascalUnicode	u\"Resources/Military Units Toggle\"	
006d106c	PascalUnicode	u\"When Visible\\n\\tMain Interface\\n\\nWhat It Does\\n\\tLets You Change Between Seeing\\n\\tResources or Military Units\"	
006d113c	PascalUnicode	u\"\\tThis button toggles the Planet View between showing either your military units or you resources. Both military units and resources can be moved by clicking and dragging them. You can move them to another territory using either the Planet View or the Satellite View. When resources are moved, you get a box asking how many resources you are transporting. When moving military unit stacks, you move all of a given type - air, armor, sea, missiles, transports, infantry, or special units. Right click these stacks to give units specific orders and missions.\"	
006d1594	PascalUnicode	u\"NNMINTL\"	
006d15a4	PascalUnicode	u\"Colony Assistant\"	
006d15c6	PascalUnicode	u\"When Visible\\n\\tMain Interface\\n\\nWhat It Does\\n\\tLets You Change Tasks Without\\n\\tMicromanaging Buildings\"	
006d168c	PascalUnicode	u\"\\tThe Colony Assistant lets you move colonists between tasks in a territory without dealing with separate buildings. Each task this settlement can do has a task button. This button is labeled by its name and a two numbers. The first number shows you how many colonists currently work on that task. The second shows you how many total colonists can be assigned to that task. A button displays the territory's maximum production for the specific task - totaling together all that territory's buildings. Drag colonists from one task to another to change what they are working on. You can also control military unit production from here. Use the Satellite View to switch between different territories.\"	
006d1bfe	PascalUnicode	u\"\"	
006d1c00	PascalUnicode	u\"Buildings Button\"	
006d1c22	PascalUnicode	u\"When Visible\\n\\tTerritory View Only\\n\\nWhat It Does\\n\\tLets You Choose a Building\"	
006d1cba	PascalUnicode	u\"\\tClick this button to construct a building. Choose the building you need and press Done. Your mouse arrow now has this building attached to it. Place it in the square or squares you want.\"	
006d1e34	PascalUnicode	u\"\"	
006d1e36	PascalUnicode	u\"Demolish Button\"	
006d1e56	PascalUnicode	u\"When Visible\\n\\tTerritory View Only\\n\\nWhat It Does\\n\\tDestroys a Selected Building or Settlement\"	
006d1f0e	PascalUnicode	u\"\\tWhen you press this button, the mouse arrow changes to a demolish icon. Choose the unwanted building in the Territory View or settlement in the Planet View. The building or settlement is immediately demolished, returning half of its construction resources to your stockpile. When demolishing a settlement in the Planet View, you will not destroy a shrine.\"	
006d21d8	PascalUnicode	u\"NNMINTM\"	
006d21e8	PascalUnicode	u\"Scenario Status Button\"	
006d2216	PascalUnicode	u\"When Visible\\n\\tMain Interface\\n\\nWhat It Does\\n\\tDisplays Your Score and Scenario Objectives\"	
006d22c6	PascalUnicode	u\"\\tUse this button to check on your current score and review a scenario's victory objectives. Any objectives you have already completed will have a check next to them. Also all the players and their handicaps are listed here.\"	
006d2486	PascalUnicode	u\"NNMINTN\"	
006d2496	PascalUnicode	u\"Flat View Button\"	
006d24b8	PascalUnicode	u\"When Visible\\n\\tMain Interface\\n\\nWhat It Does\\n\\tAllows You To See Resources so You Can Better Place Buildings\"	
006d258c	PascalUnicode	u\"\\tUsing this feature transforms your Territory View into a flattened version, showing the foundations of your buildings and the resource values of the territory's squares. Each time the button is pressed, it toggles to display a new resource critical to building placement. Eventually it will cycle back to normal view. Pressing the <INSERT> key is a useful shortcut to using this feature.\"	
006d2896	PascalUnicode	u\"\"	
006d2898	PascalUnicode	u\"Resource Focus Toggle\"	
006d28c4	PascalUnicode	u\"When Visible\\n\\tMain Interface\\n\\tColony Assistant\\n\\nWhat It Does\\n\\tChanges The Resource Bar Between Territory and Planet Views\"	
006d29b8	PascalUnicode	u\"\\tBy clicking this toggle, you change the Toolbar's readouts between the Planet and Territory Views. This does not change the map view, but it does change what your Toolbar displays. When the world is highlighted, you are looking at your entire colony's statistics. When the area inside the toggle is lit, your Toolbar shows you the statistics of the selected territory.\"	
006d2c9c	PascalUnicode	u\"NNMINTP\"	
006d2cac	PascalUnicode	u\"Resource Bar\"	
006d2cc6	PascalUnicode	u\"When Visible\\n\\tMain Interface\\n\\tColony Assistant\\n\\nWhat It Does\\n\\tShows Your Total Resources\"	
006d2d78	PascalUnicode	u\"\\tYour colony's resource stockpile is shown along the bottom of your screen. Under each resource are two numbers. The first number is how much of that resource you have. The second number shows how much of that resource is being produced this turn. These resource icons can be dragged to a territory in the either Planet or Satellite Views.\"	
006d3020	PascalUnicode	u\"NNMINTQ\"	
006d3030	PascalUnicode	u\"Population Indicators\"	
006d305c	PascalUnicode	u\"When Visible\\n\\tMain Interface\\n\\nWhat It Does\\n\\tShows How Many Colonists You Have\"	
006d30f8	PascalUnicode	u\"\\tThese two icons display your colony's population. This shows you either your colony's or a selected territory's total population. The top icon tells you how many happy colonists are in the territory or colony. The bottom icon displays your unhappy colonists.\"	
006d3300	PascalUnicode	u\"NNMINTR\"	
006d3310	PascalUnicode	u\"Help Button\"	
006d3328	PascalUnicode	u\"When Visible\\n\\tMain Interface\\n\\tColony Assistant\\n\\nWhat It Does\\n\\tGives You Information\"	
006d33d0	PascalUnicode	u\"\\tThis button lets you contact me, Oolan. I offer my help to all colony leaders. If you click the Help button, it brings up all my information, letting you to search for a desired topic.\"	
006d3544	PascalUnicode	u\"NNMINTS\"	
006d3554	PascalUnicode	u\"End Turn Timer/Button\"	
006d3580	PascalUnicode	u\"When Visible\\n\\tMain Interface\\n\\nWhat It Does\\n\\tEnds Your Turn and Starts A New One\\n\\tDisplays How Much Time You Have Left\"	
006d366c	PascalUnicode	u\"\\tPress this button and your turn ends. After a short time a new turn will start. If you are playing a timed game, a readout inside the button displays how many seconds you have left in a turn.\"	
006d37f0	PascalUnicode	u\"NNMINTT\"	
006d3800	PascalUnicode	u\"Colony Colors\"	
006d381c	PascalUnicode	u\"When Visible\\n\\tArmy Window\\n\\tMain Interface\\n\\tCombat Window\\n\\nWhat They Are\\n\\tEach Colony's Flag Color\"	
006d38e0	PascalUnicode	u\"\\tEach race has a separate map color. All units, flags, and other icons have this same color. The colony colors are:\\n\\n\\tCHCH-T: Orange\\n\\tCYTH: Black\\n\\tHUMAN: Gray\\n\\tMAUG: Blue\\n\\tRE'LU: Aqua\\n\\tTARTH: Red\\n\\tUVA MOSK: Grass Green\"	
006d3a96	PascalUnicode	u\"NNMINTU\"	
006d3aa6	PascalUnicode	u\"Modifying Tasks\"	
006d3ac6	PascalUnicode	u\"Purpose\\n\\tUse the Colony Assistant to\\n\\tChange the Labor Priorities in a Territory\"	
006d3b68	PascalUnicode	u\"\\tThe Colony Assistant has different task buttons. Each task button displays the task name, the number or colonists who are working it, and the maximum number of colonists that can be on that task. Clicking a task button moves its colonists to the Labor Pool window below. From here colonists can be dropped onto another task button. Clicking and dragging from any task button moves one colonist at a time. Colonists can also be dragged to the Satellite View and dropped onto other territories.\"	
006d3f44	PascalUnicode	u\"NNCOLAA\"	
006d3f54	PascalUnicode	u\"Queuing Units\"	
006d3f70	PascalUnicode	u\"Purpose\\n\\tUse the Colony Assistant to\\n\\tManufacture Military Units\"	
006d3ff2	PascalUnicode	u\"\\tThe Colony Assistant has a queue that shows what military units are in production. This queue changes its display when different task buttons are selected. The add (+) and delete (-) buttons let you change the queue. Units at the top of the queue are completed first.\"	
006d420c	PascalUnicode	u\"NNCOLAB\"	
006d421c	PascalUnicode	u\"Generating Resources\"	
006d4246	PascalUnicode	u\"Purpose\\n\\tUse the Colony Assistant to\\n\\tCreate Needed Resources\"	
006d42c2	PascalUnicode	u\"\\tResource production can be increased and decreased by moving colonists on and off the different resource tasks. The Resource Bar below shows you how your resource production is changing. The Resource Bar can show resource changes in either your entire colony or a specific settlement.\"	
006d4500	PascalUnicode	u\"NNCOLAC\"	
006d4510	PascalUnicode	u\"Combat\"	
006d451e	PascalUnicode	u\"What It Shows\\n\\tDisplays Recent Battles\"	
006d456c	PascalUnicode	u\"\\tSee any battles you fought this turn. If you do not want to watch the battle, you can jump right to the results.\"	
006d4650	PascalUnicode	u\"NNEVENA\"	
006d4660	PascalUnicode	u\"Completions\"	
006d4678	PascalUnicode	u\"What It Shows\\n\\tYour New Technologies, Buildings, or Units\"	
006d46ec	PascalUnicode	u\"\\tThis displays all the new technologies, units, and buildings you gained this turn.\"	
006d4794	PascalUnicode	u\"NNEVEND\"	
006d47a4	PascalUnicode	u\"Special Events\"	
006d47c2	PascalUnicode	u\"What It Shows\\n\\tSpecial Events\"	
006d47fe	PascalUnicode	u\"\\tThis lists any special events which occurred - such as earthquakes, ion storms, or population explosions.\"	
006d48d4	PascalUnicode	u\"NNEVENC\"	
006d48e4	PascalUnicode	u\"Warnings\"	
006d48f6	PascalUnicode	u\"What It Shows\\n\\tWarnings\"	
006d4926	PascalUnicode	u\"\\tThis screen calls attention to any energy shortages, morale problems, empty building queues, and other problems which threaten your colony.\"	
006d4a40	PascalUnicode	u\"NNEVENK\"	
006d4a50	PascalUnicode	u\"Mission Results\"	
006d4a70	PascalUnicode	u\"What It Shows\\n\\tThe Success or Failure of\\n\\tMilitary Unit Missions\"	
006d4af2	PascalUnicode	u\"\\tThis window lets you know when military units gain experience, repair themselves, spy successfully, are transferred, and so on. New settlements are also listed here.\"	
006d4c40	PascalUnicode	u\"NNEVENI\"	
006d4c50	PascalUnicode	u\"Transportation Records\"	
006d4c7e	PascalUnicode	u\"What It Shows\\n\\tAutomatic Transportation Costs\"	
006d4cda	PascalUnicode	u\"\\tResources are moved automatically every turn. All these transportation costs are listed here in detail.\"	
006d4dac	PascalUnicode	u\"NNEVENM\"	
006d4dbc	PascalUnicode	u\"Moving Units\"	
006d4dd6	PascalUnicode	u\"Can Be Done In\\n\\tPlanet View\\n\\tTerritory View\\n\\tArmy Window\\n\\nWhat They Do\\n\\tDefend and Expand Your Colony\"	
006d4ea2	PascalUnicode	u\"\\tUnits are grouped together in stacks. Move these stacks by clicking and dragging them. There are seven different stack types – armor, infantry, sea, air, tranports, missiles, or special units. When a stack is moved all the units of that type in the territory move together. Left-clicking a stack opens the Army Window, displaying the individual units of the stack. Right-clicking a stack is a shortcut, opening both the Army Window and the Unit Orders Box. In the Territory View, the Army Box is opened by clicking the main interface's View Army button. Once the  Army Window is open, left-clicking on a unit selects it, while right-clicking a unit lets you to issue orders. These units are individually moved by dragging them to other territories in either the Planet or Satellite Views. You can move units as  a group by selecting more than one and then dragging any member of that group to another territory.\"	
006d55c4	PascalUnicode	u\"NNMOVEA\"	
006d55d4	PascalUnicode	u\"Moving Missiles\"	
006d55f4	PascalUnicode	u\"Can Be Done In\\n\\tPlanet View\\n\\tTerritory View\\n\\tArmy Window\\n\\nWhat They Do\\n\\tAttack Other Colonies at Range\"	
006d56c2	PascalUnicode	u\"\\tYou launch a missile by clicking and dragging it into another territory. When a missile stack is launched, it moves all the missiles in that territory. Bringing up the Army Window displays all the individual missiles in a given territory. These single units can then be clicked and dragged to the Satellite View to launch them separately at a territory. Right-clicking any missile in the Army Window brings up the Unit Properties Box, letting you assign it a target.\"	
006d5a6c	PascalUnicode	u\"NNMOVEB\"	
006d5a7c	PascalUnicode	u\"Stack Handling\"	
006d5a9a	PascalUnicode	u\"Can Be Done In\\n\\tPlanet View\\n\\nWhat It Does\\n\\tLets You Manipulate Military Unit Stacks\"	
006d5b42	PascalUnicode	u\"\\tThe Planet View's unit stacks represent a cluster of similarly classed units. These unit classes are armor, infantry, sea, tranports, air, missiles, and special. A number on each stack icon shows how many units it contains. Moving that icon moves all the units in the stack. Left-clicking it opens the Army Window, displaying all the individual units in the stack. As a shortcut for assigning group orders, right-clicking a stack opens both the Army Window and the Unit Orders Box. Once the Army Window is open, left-clicking on a unit selects it, while right-clicking on the unit lets you issue it orders. These units are individually moved by dragging them to other territories in either the Planet or Satellite Views.\"	
006d60e6	PascalUnicode	u\"NNMOVEC\"	
006d60f6	PascalUnicode	u\"Moving Civilians\"	
006d6118	PascalUnicode	u\"Can Be Done In\\n\\tTerritory View\\n\\tPlanet View\\n\\tColony Assistant\\n\\nWhat It Does\\n\\tMoves Colonists to Different Buildings or Settlements\"	
006d621e	PascalUnicode	u\"\\tYou can move colonists either between buildings or between settlements. In the Territory View, drag and drop colonists between buildings to change where they work within that settlement. They can also be placed on the Satellite View to move them between territories you own. In the Planet View, you can also drag colonists between territories. Use the Colony Assistant to drag colonists between task buttons or even move them to new territories by dragging and dropping them in the Satellite View.\"	
006d6604	PascalUnicode	u\"NNMOVED\"	
006d6614	PascalUnicode	u\"Coordinating Labor\"	
006d663a	PascalUnicode	u\"When Visible\\n\\tTerritory View\\n\\tColony Assistant\\n\\tBuilding Properties Box\\n\\nWhat They Do\\n\\tChange Production Priorities\"	
006d6722	PascalUnicode	u\"\\tColonists work in the buildings you place them on, so you can click and drag colonists to buildings where you wish them to work. However, you can also drag them between tasks in either the Colony Assistant or the Building Properties Box. Right click any building to bring up this box. Note that each building has a colonist limit. For instance, a City Center can only have 800 colonists (8 icons) in it.\"	
006d6a4c	PascalUnicode	u\"NNMOVEE\"	
006d6a5c	PascalUnicode	u\"Morale\"	
006d6a6a	PascalUnicode	u\"Affected By\\n\\tFood\\n\\tTaxes\\n\\tMilitary Units\\n\\tOverpopulation\\n\\tBlack Market\\n\\tCloning\\n\\tHospitals\\n\\tShrines\\n\\nWhat It Does\\n\\tChanges Colonist Productivity\"	
006d6b8c	PascalUnicode	u\"\\tPlentiful food, low taxes, culture, and art objects keep colonists happy and productive. Starvation, high taxes, overpopulation, cloning, black market deals, destroyed shrines, and patrolling units drop morale. Once morale drops below 90%, some colonists stop working.\"	
006d6da8	PascalUnicode	u\"NNSCOLA\"	
006d6db8	PascalUnicode	u\"Labor\"	
006d6dc4	PascalUnicode	u\"Affected by\\n\\tNumber of Colonists\\n\\nWhat It Does\\n\\tChanges Resource and Unit Production\"	
006d6e6e	PascalUnicode	u\"\\tYou assign colonists to work in different buildings. Do this by either clicking and dragging colonists between buildings or by moving them between task buttons inside the Colony Assistant. Each building has a colonist limit. For instance, a City Center can only have 800 colonists (8 icons) in it. In the Colony Assistant, buildings that share a task are grouped together to create that task button's colonist limit. Since City Centers, Shipyards, and Airports all produce trade income, their colonist limits are added together on the Trade task button.\"	
006d72c4	PascalUnicode	u\"NNSCOLB\"	
006d72d4	PascalUnicode	u\"Food\"	
006d72de	PascalUnicode	u\"Affected By\\n\\tFarm Production\\n\\tCrop Plagues\\n\\tCyth Poison Land Mission\\n\\tWeather Control Station\\n\\tTidal Vortex Generator\\n\\tShrines\\n\\nWhat It Does\\n\\tHelps Morale, Population Growth, and Sustains Military Forces\"	
006d7476	PascalUnicode	u\"\\tA food surplus keeps your colonists happy. If colonists starve morale drops quickly and colonists start to die off. Food is also important for maintaining your military forces. Farms, Hydroponic Farms, Kelp Farms, and Food Replicators all produce this important resource. Weather Control Stations and Tidal Vortex Generators can be used to increase your food production.\"	
006d775e	PascalUnicode	u\"NNSCOLC\"	
006d776e	PascalUnicode	u\"Taxation\"	
006d7780	PascalUnicode	u\"Affected By\\n\\tTax Rate\\n\\nWhat It Does\\n\\tIncreases or Decreases Your Income Per Turn\"	
006d7822	PascalUnicode	u\"\\tYou collect taxes every turn. Each tax level has a positive or negative impact on morale. You can also tax some territories more than others. This lets you fleece populated areas for more money and give tax breaks to territories with a smaller population.\"	
006d7a24	PascalUnicode	u\"NNSCOLD\"	
006d7a34	PascalUnicode	u\"Transportation\"	
006d7a52	PascalUnicode	u\"Affected By\\n\\tRoad Type\\n\\tOceans\\n\\tTerritory Ownership\\n\\nWhat It Does\\n\\tAssigns Transportation Costs\"	
006d7b12	PascalUnicode	u\"\\tTransportation through friendly territories costs 0-2 credits. Resources moved over neutral territories and oceans cost 3-4 credits. Resources can not be moved across enemy territories. Players can thus create blockades which cut off enemy troops and settlements from the main colony. Researching Hoverway and Transporters reduces transportation costs.\"	
006d7dd8	PascalUnicode	u\"NNSCOLE\"	
006d7de8	PascalUnicode	u\"Trade\"	
006d7df4	PascalUnicode	u\"Affected By\\n\\tShipyards\\n\\tAirports\\n\\tFactories\\n\\tCity Centers\\n\\tSea Housing\\n\\tShrines\\n\\nWhat It Does\\n\\tIncreases Your Money\"	
006d7edc	PascalUnicode	u\"\\tSome buildings give you extra income through trade. Shipyards and Airports generate the most income. Factories and City Centers also make you some money.\"	
006d8012	PascalUnicode	u\"NNSCOLF\"	
006d8022	PascalUnicode	u\"Culture\"	
006d8032	PascalUnicode	u\"Affected By\\n\\tCity Centers\\n\\tCulture Centers\\n\\tMuseums\\n\\tSea Housing\\n\\tShrines\\n\\nWhat It Does\\n\\tIncreases Your Colonists' Morale\"	
006d8126	PascalUnicode	u\"\\tCulture offsets bad morale. For example, heavy taxes costs you five morale points. Creating five culture points counters all of this bad morale. Only City Centers, Culture Centers, Sea Housing, Museums, and certain Shrines make culture.\"	
006d8302	PascalUnicode	u\"NNSCOLG\"	
006d8312	PascalUnicode	u\"World Types\"	
006d832a	PascalUnicode	u\"What It Does\\n\\tAffects Resource Production\"	
006d837e	PascalUnicode	u\"\\tA planet will be one of seven environments - and each environment changes the resource amounts found on them. These environment changes can be shut off in the Scenario Setup screen.\\n\\n\\tAlien - High Endurium (a metal), Low Iron\\n\\tVolcanic - High Metals/ High Energy\\n\\tEarth-like - Balanced Resources\\n\\tTropical - High Food/ Low Metals\\n\\tMartian - Low Energy\\n\\tIcy - Low Wood\\n\\tDry - Low Food\"	
006d8680	PascalUnicode	u\"\"	
006d8682	PascalUnicode	u\"Plains\"	
006d8690	PascalUnicode	u\"What It Does\\n\\tAffects Resource Production\\n\\tAids Population Growth\"	
006d8714	PascalUnicode	u\"\\tPlains are an ideal for starting a colony. Food usually grows best on plains. Your population also grows the fastest on plains.\"	
006d8818	PascalUnicode	u\"NNTERRA\"	
006d8828	PascalUnicode	u\"Forests\"	
006d8838	PascalUnicode	u\"What It Does\\n\\tAffects Resource Production\\n\\tAids Population Growth\"	
006d88bc	PascalUnicode	u\"\\tForests are good places to begin your colony, as they produce every natural resource in modest amounts. They never produce large amounts of anything but wood.\"	
006d89fc	PascalUnicode	u\"NNTERRA\"	
006d8a0c	PascalUnicode	u\"Mountains\"	
006d8a20	PascalUnicode	u\"What It Does\\n\\tAffects Resource Production\\n\\tSlow Population Growth\"	
006d8aa4	PascalUnicode	u\"\\tMountain territories have large amounts of iron. However, your population grows very slowly on this terrain. Ground units must go around the mountains on these territories' back edges before they can start fighting in these areas.\"	
006d8c74	PascalUnicode	u\"NNTERRA\"	
006d8c84	PascalUnicode	u\"Swamps\"	
006d8c92	PascalUnicode	u\"What It Does\\n\\tAffects Resource Production\\n\\tSlow Population Growth\"	
006d8d16	PascalUnicode	u\"\\tEnergy is easily produced in swamps, however the damp conditions severely limit your population's growth.\"	
006d8dec	PascalUnicode	u\"NNTERRA\"	
006d8dfc	PascalUnicode	u\"Oceans\"	
006d8e0a	PascalUnicode	u\"What It Does\\n\\tRequires Ships for Transportation\"	
006d8e6a	PascalUnicode	u\"\\tUntil you build ships, AAVs, or airplanes, you cannot move across ocean territories. A shipyard lets you construct ships. Some ships can transport military units over ocean territories. You can also build Sea Platforms which allow you to settle ocean territories.\"	
006d907c	PascalUnicode	u\"NNTERRA\"	
006d908c	PascalUnicode	u\"Wastelands\"	
006d90a2	PascalUnicode	u\"What It Does\\n\\tPoor Resource Production\\n\\tPoor Population Growth\"	
006d9120	PascalUnicode	u\"\\tVery little can be produced in wastelands, so wastelands are not a good place to build a settlement. They are useful in a military strategy. You could build a fuel depot in a wasteland to increase your military's range.\"	
006d92da	PascalUnicode	u\"NNTERRA\"	
006d92ea	PascalUnicode	u\"Settlement Ground Types\"	
006d931a	PascalUnicode	u\"Affected By\\n\\tSettlement Map\\n\\nWhat It Does\\n\\tChanges Resource Production\\n\\tChanges Population Growth\"	
006d93de	PascalUnicode	u\"\\tEach square's terrain changes a resource's production. Flat ground and squares next to water are great for raising food. Cracked earth gives you energy bonuses. Rocky soil is best for mining metals, and wooded areas are ideal for harvesting lumber. Press the <Insert> key to view a settlement's resource potential in all the available squares, or simply double click or right click the square in question in order to see all of that square's resource potential.\"	
006d977c	PascalUnicode	u\"NNTERRA\"	
006d978c	PascalUnicode	u\"Square Bonuses\"	
006d97aa	PascalUnicode	u\"Affected By\\n\\tSettlement Map\\n\\tUva Mosk Shaman Mission\\n\\nWhat It Does\\n\\tGives You a Resource Production Bonus\"	
006d987e	PascalUnicode	u\"\\tSome squares have a resource icon on them. These are special resource bonuses. Production of this resource is nearly doubled on that square! An Uva Mosk Command Corps unit set to the Shaman mission has a chance of creating these bonuses on its own\"	
006d9a70	PascalUnicode	u\"NNTERRB\"	
006d9a80	PascalUnicode	u\"Credits\"	
006d9a90	PascalUnicode	u\"Made By\\n\\tTaxes\\n\\tTrade\\n\\tBlack Market\\n\\nUsed For\\n\\tMaking Buildings and Military Units\"	
006d9b36	PascalUnicode	u\"\\tThere are several ways to make money. Taxes give you credits each turn. City Centers, Factories, Airports, and Shipyards can all raise money through trade. You can sell resources to another colony. You may even sell resources to the Skirineen Black Market.\"	
006d9d3c	PascalUnicode	u\"NNSRESA\"	
006d9d4c	PascalUnicode	u\"Labor\"	
006d9d58	PascalUnicode	u\"Made By\\n\\tColonists\\n\\nUsed For\\n\\tResource and Unit Production\"	
006d9dce	PascalUnicode	u\"\\tEach building has a colonist limit. For instance, a Culture Center may only have 400 colonists (4 icons) making culture. Click and drag your colonists on the buildings where you want them to work or move them from task to task in the Colony Assistant. Each task button in the Colony Assistant represents the total labor force that can work on that task. A task button's total labor is added together from all the buildings that share that task. For instance, City Centers, Shipyards, Airports, Shrines, and Factories all make trade. Their colonist limits are added together; this creates the total number of colonists that can work on the Trade task button in that settlement.\"	
006da31a	PascalUnicode	u\"NNSRESB\"	
006da32a	PascalUnicode	u\"Food\"	
006da334	PascalUnicode	u\"Made By\\n\\tFarms\\n\\tKelp Farms\\n\\tHydroponic Farms\\n\\tFood Replicators\\n\\tShrines\\n\\nUsed For\\n\\tFeeding Colonists and Military Units\"	
006da424	PascalUnicode	u\"\\tFood grows on Farms, Hydroponic Farms, Kelp Farms, Shrines and Food Replicators. Placing farms in flat areas produce the most food while farms in rocky areas raise the least. Also placing a farm over a food bonus icon boosts production. It is critical to maintain your food supplies. If they drop below your needs, your colonists start to die and your military units begin to disband.\"	
006da728	PascalUnicode	u\"NNSRESC\"	
006da738	PascalUnicode	u\"Wood\"	
006da742	PascalUnicode	u\"Made By\\n\\tFarms\\n\\tHydroponic Farms\\n\\tFood Replicators\\n\\tShrines\\n\\nUsed For\\n\\tConstructing Buildings\"	
006da7fe	PascalUnicode	u\"\\tWood is cut by farms. Farms placed over lightly and heavily forested areas produce the most wood. Also areas with a wood bonus icon increase the amount of wood cut. Note that Kelp Farms only produce food.\"	
006da99a	PascalUnicode	u\"NNSRESD\"	
006da9aa	PascalUnicode	u\"Energy\"	
006da9b8	PascalUnicode	u\"Made By\\n\\tPower Plants\\n\\tShrines\\n\\nUsed For\\n\\tPowering Colony \"	
006daa2e	PascalUnicode	u\"\\tEnergy is generated by Nuclear Plants, Fusion Plants, Tidal Energy Plants, Shrines, and Anti-Matter Plants. The best territory to generate power in is a swamp territory. Also power plants built on bonus energy squares make extra energy.\"	
006dac0c	PascalUnicode	u\"NNSRESE\"	
006dac1c	PascalUnicode	u\"Iron\"	
006dac26	PascalUnicode	u\"Made By\\n\\tSurface Mines\\n\\tMantle Drills\\n\\tSub-Space Magnet\\n\\tShrines\\n\\nUsed For\\n\\tMaking Buildings\\n\\tConstructing Military Units\"	
006dad1a	PascalUnicode	u\"\\tSurface Mines, Mantle Drills, Shrines, and Sub-Space Magnets all produce iron. Mountain regions are the best places to build a mine. Also rocky ground and iron bonus squares give you high ore production.\"	
006daeb4	PascalUnicode	u\"NNSRESF\"	
006daec4	PascalUnicode	u\"Endurium\"	
006daed6	PascalUnicode	u\"Made By\\n\\tSurface Mines\\n\\tMantle Drills\\n\\tSub-Space Magnet\\n\\tShrines\\n\\nUsed For\\n\\tMore Efficient Construction of Buildings and Units \"	
006dafd6	PascalUnicode	u\"\\tThis metal cannot be mined until your colony has researched the technology Endurium Mining. A rare ore, endurium has five times the metal value of iron.\"	
006db10a	PascalUnicode	u\"NNSRESG\"	
006db11a	PascalUnicode	u\"Anti-Matter Pods\"	
006db13c	PascalUnicode	u\"Made By\\n\\tPower Plants\\n\\tShrines\\n\\nUsed For\\n\\tHigh Level Military Units and Buildings\"	
006db1e0	PascalUnicode	u\"\\tResearch Anti-Matter Containment and you can generate this powerful resource. Anti-matter pods are massive power cells needed for high level weapons. All power plants produce anti-matter pods. Some Shrines may also produce anti-matter pods as well.\"	
006db3d4	PascalUnicode	u\"NNSRESH\"	
006db3e4	PascalUnicode	u\"Steel\"	
006db3f0	PascalUnicode	u\"Made By\\n\\tFactories\\n\\tShrines\\n\\nUsed For\\n\\tBuildings and Military Units\"	
006db478	PascalUnicode	u\"\\tSteel cannot be refined until Metallurgy is researched. Once this technology is finished all Factories, Automated Factories, and Metal Replication Stations get the Iron into Steel task. Steel has five times the metal value of iron.\"	
006db64c	PascalUnicode	u\"NNSRESI\"	
006db65c	PascalUnicode	u\"Triidium\"	
006db66e	PascalUnicode	u\"Made By\\n\\tFactories\\n\\tShrines\\n\\nUsed For\\n\\tHigh Level Buildings and Units\"	
006db6fa	PascalUnicode	u\"\\tTriidium Processing must be researched before this super-hard alloy can be refined. Once Triidium Processing is achieved, all Factories, Automated Factories, and Metal Replication Stations get the Endurium to Triidium task. Triidium has ten times the metal value of iron.\"	
006db91c	PascalUnicode	u\"NNSRESJ\"	
006db92c	PascalUnicode	u\"Electronic Parts\"	
006db94e	PascalUnicode	u\"Made By\\n\\tUniversities\\n\\tTech Labs\\n\\tCollective Tech Labs\\n\\tShrines\\n\\nUsed For\\n\\tMaking Buildings and Military Units\"	
006dba2c	PascalUnicode	u\"\\tResearching Electronics lets you manufacture this resource. Universities, Tech Labs, and Collective Tech Labs all manufacture electronic parts.\"	
006dbb4e	PascalUnicode	u\"NNSRESK\"	
006dbb5e	PascalUnicode	u\"Art Objects\"	
006dbb76	PascalUnicode	u\"Made By\\n\\tArt Complexes\\n\\tShrines\\n\\nUsed For\\n\\tRaising Morale\\n\\tIncreasing Money\"	
006dbc0e	PascalUnicode	u\"\\tArt objects are created only by Art Complexes. Each art object permanently raises morale by two points in that territory, as colonists feel that the object reflects their struggles. Art can also be sold to other colonies or on the Black Market.\"	
006dbdfa	PascalUnicode	u\"NNSRESL\"	
006dbe0a	PascalUnicode	u\"Resource Loss/Gain\"	
006dbe30	PascalUnicode	u\"Happens In\\n\\tAll Buildings\\n\\nWhat This Does\\n\\tChanges Resource Stockpile\"	
006dbebc	PascalUnicode	u\"\\tAs your colony grows, it needs more resources. This causes you to use up more resources than you make. To increase your colony's production, research improved technologies, construct more buildings, and expand your territories.\"	
006dc088	PascalUnicode	u\"NNSRESM\"	
006dc098	PascalUnicode	u\"Transporting Resources\"	
006dc0c6	PascalUnicode	u\"Happens In\\n\\tAll Territories\\n\\nWhat This Does\\n\\tLets You Transport Resources Between Territories\"	
006dc182	PascalUnicode	u\"\\tResources are automatically moved to territories that need them. You may also move resources manually at a higher cost. While in the Planet View, press the Resources/Military Units toggle. This shows the resource icons in each territory. You may also change the Resource Bar so that it only displays one settlement's stockpile. You can then drag icons from there to territories in the Planet or Satellite View. Either way a box appears, asking you how much of this resource you wish to transport.\"	
006dc566	PascalUnicode	u\"NNSERSN\"	
006dc576	PascalUnicode	u\"Trading Resources\"	
006dc59a	PascalUnicode	u\"Happens In\\n\\tPlanet View or Resource Bar\\n\\nWhat It Does\\n\\tAllows You to Trade Resources to Other Territories\"	
006dc66e	PascalUnicode	u\"\\tBy dragging a resource icon to the Trade button or to a rival colony, you activate the Trade Offer box. This lets you set a price and then send this bid to a race of your choosing. The prospective buyer gets a Trade Receipt box displaying your offer; they can either accept or reject it.\"	
006dc8b0	PascalUnicode	u\"NNSERSO\"	
006dc8c0	PascalUnicode	u\"Metal Value\"	
006dc8d8	PascalUnicode	u\"All Metal Resources Have a Value Amount\\n\\nWhat This Does\\n\\tGives Metal Resources a Construction Rating\"	
006dc9a2	PascalUnicode	u\"\\tIron, endurium, steel, and triidium are all metals. Iron is the least valuable while triidium is the most valuable. The more valuable the metal the faster buildings and units are made, as less metal is needed to build them. Steel and endurium are five times as valuable as iron, while triidium is ten times as valuable.\"	
006dcc24	PascalUnicode	u\"NNSRESP\"	
006dcc34	PascalUnicode	u\"Advanced Medicine\"	
006dcc58	PascalUnicode	u\"Level One\\n\\nRequires\\n\\tNo Technology\\n\\nGives You\\n\\tHospital\\n\\tMedics\"	
006dccd8	PascalUnicode	u\"\\tAdvanced Medicine allows you to build Hospitals which heal Militia units. They also prevent plagues from occurring in their home territories. This technology also lets you create Medics in your City Centers. Medics rapidly heal infantry units that suffer damage in a battle.\"	
006dcf00	PascalUnicode	u\"NNSTECB\"	
006dcf10	PascalUnicode	u\"Nuclear Fusion\"	
006dcf2e	PascalUnicode	u\"Level One\\n\\nRequires\\n\\tNo Technology\\n\\nGives You\\n\\tFusion Plant\"	
006dcfa6	PascalUnicode	u\"\\tMuch energy is released from the fusion atomic reaction. Gaining Nuclear Fusion allows you to build the Fusion Plant.\"	
006dd094	PascalUnicode	u\"NNSTECD\"	
006dd0a4	PascalUnicode	u\"Electronics\"	
006dd0bc	PascalUnicode	u\"Level One\\n\\nRequires\\n\\tNo Technology\\n\\nGives You\\n\\tElectronic Parts\\n\\tLets you build Scout and Command Corps in a City Center.\"	
006dd1b0	PascalUnicode	u\"\\tOnce you have achieved Electronics, your Universities, Tech Labs, and Collective Tech Labs are able to manufacture electronic parts. Also both Command Corps and Scouts cannot be made without this resource.\"	
006dd34e	PascalUnicode	u\"NNSTECA\"	
006dd35e	PascalUnicode	u\"Metallurgy\"	
006dd374	PascalUnicode	u\"Level One\\n\\nRequires\\n\\tNo Technology\\n\\nGives You\\n\\tSteel\"	
006dd3de	PascalUnicode	u\"\\tOnce you have researched Metallurgy, all your factories can convert iron ore into steel.\"	
006dd492	PascalUnicode	u\"NNSTECB\"	
006dd4a2	PascalUnicode	u\"Synthetic Fertilizer\"	
006dd4cc	PascalUnicode	u\"Level Two\\n\\nRequires\\n\\tAdvanced Medicine and Metallurgy\\n\\nGives You\\n\\tHydroponic Farm\"	
006dd570	PascalUnicode	u\"\\tDeveloping Synthetic Fertilizer eliminates a farm's dependence on soil for nutrients. Synthetic Fertilizer has all the nutrients needed for healthy plant growth and increases food production. This technology lets you build the Hydroponic Farm\"	
006dd758	PascalUnicode	u\"NNSTECB\"	
006dd768	PascalUnicode	u\"Fusion Cannon\"	
006dd784	PascalUnicode	u\" Level Two\\n\\nRequires\\n\\tNuclear Fusion and Metallurgy\\n\\nGives You\\n\\tFusion Cannon\\n\\tAAV\"	
006dd82a	PascalUnicode	u\"\\tThese mobile cannon fire a powerful fusion beam at any target. Upon impact, the beam's molecules combine, releasing much raw, destructive energy.\"	
006dd950	PascalUnicode	u\"NNSTECE\"	
006dd960	PascalUnicode	u\"Shockwave Projector\"	
006dd988	PascalUnicode	u\"Level Two\\n\\nRequires\\n\\tAdvanced Medicine\\n\\nGives You\\n\\tShockwave Dreadnought\\n\\tHydroport\"	
006dda30	PascalUnicode	u\"\\tShockwave Projectors emit sound waves at an extremely high frequency, shaking apart both ships and airplanes. These weapons arm the highly destructive Shockwave Dreadnought. The Hydroport may also be built - an advanced ship manufacturing complex.\"	
006ddc22	PascalUnicode	u\"NNSTECE\"	
006ddc32	PascalUnicode	u\"Molecular Bonding\"	
006ddc56	PascalUnicode	u\"Level Two\\n\\nRequires\\n\\tMetallurgy\\n\\nGives You\\n\\tMantle Drill\"	
006ddcc8	PascalUnicode	u\"\\tMolecular Bonding is a process necessary for building the Mantle Drill. This technique makes molecules cling, or bond, to a treated surface. The Mantle Drill then attracts molten iron and endurium particles inside the drill.\"	
006dde8c	PascalUnicode	u\"NNSTECB\"	
006dde9c	PascalUnicode	u\"Cloning\"	
006ddeac	PascalUnicode	u\"Level Two\\n\\nRequires\\n\\tAdvanced Medicine\\n\\nGives You\\n\\tCloning Centers\"	
006ddf32	PascalUnicode	u\"\\tCloning technology allows your genetic engineers to create duplicate colonists at high speed. This is done at a Cloning Center. However, this unpopular process makes your population uneasy - lowering morale.\"	
006de0d4	PascalUnicode	u\"NNSTECC\"	
006de0e4	PascalUnicode	u\"Surface Air Missiles\"	
006de10e	PascalUnicode	u\"Level Two\\n\\nRequires\\n\\tElectronics\\n\\nGives You\\n\\tSAM Troopers\"	
006de182	PascalUnicode	u\"\\tArm your infantry with Surface-Air Missiles to take out enemy aircraft and missiles. SAM Troopers can attack both ground and air targets quite effectively.\"	
006de2bc	PascalUnicode	u\"NNSTECE\"	
006de2cc	PascalUnicode	u\"Rocketry\"	
006de2de	PascalUnicode	u\"Level Two\\n\\nRequires\\n\\tElectronics\\n\\nGives You\\n\\tMissile Base\"	
006de352	PascalUnicode	u\"\\tDeveloping Rocketry allows you to construct a Missile Base. Once the Missile Base is finished you may start building missile units.\"	
006de45c	PascalUnicode	u\"NNSTECE\"	
006de46c	PascalUnicode	u\"Chaos Computers\"	
006de48c	PascalUnicode	u\"Level Two\\n\\nRequires\\n\\tElectronics and Nuclear Fusion\\n\\nGives You\\n\\tTech Lab\"	
006de51e	PascalUnicode	u\"\\tThe Chaos Theory helps these special computers glide through many complex permutations. They speed up research tremendously and aid in making electronic parts. This technology lets you build the Tech Lab.\"	
006de6ba	PascalUnicode	u\"NNSTECA\"	
006de6ca	PascalUnicode	u\"Automation\"	
006de6e0	PascalUnicode	u\"Level Two\\n\\nRequires\\n\\tMetallurgy\\n\\nGives You\\n\\tAutomated Factory \"	
006de75e	PascalUnicode	u\"\\tStreamline factory production with this computerized conveyer system.  Automation improves the processing within a factory, letting you make the much faster Automated Factory.\"	
006de8c0	PascalUnicode	u\"NNSTECC\"	
006de8d0	PascalUnicode	u\"Hoverway\"	
006de8e2	PascalUnicode	u\"Level Two\\n\\nRequires\\n\\tMetallurgy\\n\\nGives You\\n\\tCheaper Transportation\"	
006de968	PascalUnicode	u\"\\tHoverways reduce your transportation costs. These air cushioned roads push huge air barges between your territories, saving you money. All transport costs are reduced by one third.\"	
006dead4	PascalUnicode	u\"NNSTECG\"	
006deae4	PascalUnicode	u\"Flak\"	
006deaee	PascalUnicode	u\"Level Two\\n\\nRequires\\n\\tNuclear Fusion\\n\\nGives You\\n\\tFlak Launchers\\n\\tFlak Ships\"	
006deb84	PascalUnicode	u\"\\tFlak technology allows you to build Flak Launchers and Flak Ships, which provide a tough defense against air and missile attacks.\"	
006dec8a	PascalUnicode	u\"NNSTECE\"	
006dec9a	PascalUnicode	u\"Neutronic Fuel\"	
006decb8	PascalUnicode	u\"Level Two\\n\\nRequires\\n\\tNuclear Fusion\\n\\nGives You\\n\\tMilitary Airbase\\n\\tIncreases Airplane Range\"	
006ded6e	PascalUnicode	u\"\\tThis high octane fuel burns efficiently, allowing aircraft fly to an additional territory each turn. This fuel also powers high speed construction machinery, letting you build the Military Airbase.\"	
006deefc	PascalUnicode	u\"NNSTECI\"	
006def0c	PascalUnicode	u\"Anti-Matter Containment\"	
006def3c	PascalUnicode	u\"Level Three\\n\\nRequires\\n\\tFlak and Chaos Computers\\n\\nGives You\\n\\tAnti-Matter Plant\\n\\tAnti-Matter Pod Production\"	
006df010	PascalUnicode	u\"\\tThese containment fields allow you to trap anti-matter and store them in pods. This is the key resource needed in several destructive weapons. Once you have this technology you may build the Anti-Matter Power Plant.\"	
006df1c4	PascalUnicode	u\"NNSTECD\"	
006df1d4	PascalUnicode	u\"Energy Deflectors\"	
006df1f8	PascalUnicode	u\"Level Three\\n\\nRequires\\n\\tSAM Missile\\n\\nGives You\\n\\tEnergy Defense Forts\"	
006df280	PascalUnicode	u\"\\tBy bombarding an area with beams of energy, these dishes can take out many attacking units. An Energy Defense fortification is ideal for defending a territory against a Fusion Cannon onslaught.\"	
006df406	PascalUnicode	u\"NNSTECE\"	
006df416	PascalUnicode	u\"Endurium Mining\"	
006df436	PascalUnicode	u\"Level Three\\n\\nRequires\\n\\tFusion Cannon and Neutrionic Fuel\\n\\nGives You\\n\\tEndurium Processing \"	
006df4ea	PascalUnicode	u\"\\tThe ultra-hard endurium ore can be mined when a special magnetic system sifts through crushed metal and rock. Endurium has five times the metal value of Iron.\"	
006df62a	PascalUnicode	u\"NNSTECC\"	
006df63a	PascalUnicode	u\"Underwater Tracking\"	
006df662	PascalUnicode	u\"Level Three\\n\\nRequires\\n\\tSynthetic Fertilizer and Automation\\n\\nGives You\\n\\tDestroyers\"	
006df706	PascalUnicode	u\"\\tUnderwater Tracking gives a ship improved ability to detect Attack Submarines. This technology allows your Shipyards to build sub-seeking Destroyers.\"	
006df834	PascalUnicode	u\"NNSTECE\"	
006df844	PascalUnicode	u\"Zero Friction Hulls\"	
006df86c	PascalUnicode	u\"Level Three\\n\\nRequires\\n\\tShockwave Projector and Cloning\\n\\nGives You\\n\\tAttack Submarine\"	
006df914	PascalUnicode	u\"\\tZero Friction Hulls are made of a dynamic material whose controlled molecular vibrations make a hull pass through water with almost no resistance. Once you have achieved this technology, your shipyards can begin turning out Attack Submarines.\"	
006dfafc	PascalUnicode	u\"NNSTECE\"	
006dfb0c	PascalUnicode	u\"Targetting Computers\"	
006dfb36	PascalUnicode	u\"Level Three\\n\\nRequires\\n\\tChaos Computers and Rocketry\\n\\nGives You\\n\\tIncreased Accuracy of All Fortifications\\n\\tLets Your Missile Units Have Specific Targets\"	
006dfc66	PascalUnicode	u\"\\tTargeting Computers coordinate a wide variety of sensor input to refine a target's location. They are installed in your defense installations to improve their accuracy. Your missile units also employ Targeting Computers to let you select specific targets for them.\"	
006dfe7a	PascalUnicode	u\"NNSTECI\"	
006dfe8a	PascalUnicode	u\"Starflare Bombs\"	
006dfeaa	PascalUnicode	u\"Level Three\\n\\nRequires\\n\\tNeutrionic Fuel and Flak\\n\\nGives You\\n\\tStarflare Bomber\"	
006dff44	PascalUnicode	u\"\\tStarflare Bombs cause massive amounts of destruction. These huge self-propelled weapons are fired from a special ground attack aircraft - the Starflare Bomber. You build Starflare Bombers in your airports.\"	
006e00e2	PascalUnicode	u\"NNSTECE\"	
006e00f2	PascalUnicode	u\"Advanced Structures\"	
006e011a	PascalUnicode	u\"Level Three\\n\\nRequires\\n\\tHoverway and Molecular Bonding\\n\\nGives You\\n\\tStronger Buildings\\n\\tAllows Building of Sea Platforms\\n\\tCivilian Defense Bunkers\"	
006e023c	PascalUnicode	u\"\\tAdvanced Structures technology provides your engineers with techniques that allow them to construct tougher buildings. The technology also lets you make Sea Platform Builders in your Shipyards.\"	
006e03c2	PascalUnicode	u\"NNSTECC\"	
006e03d2	PascalUnicode	u\"Proximity Detectors\"	
006e03fa	PascalUnicode	u\"Level Three\\n\\nRequires\\n\\tRocketry and SAM Missiles\\n\\nGives You\\n\\tMine Fields\"	
006e048c	PascalUnicode	u\"\\tProximity Detectors are advanced sensors that can distinguish between friendly and enemy units. This technology allows you to drop Minefields both on land and the sea territories. These defenses will not damage you or your ally's units.\"	
006e0668	PascalUnicode	u\"NNSTECE\"	
006e0678	PascalUnicode	u\"Anti-Matter Rifles\"	
006e069e	PascalUnicode	u\"Level Four\\n\\nRequires\\n\\tAdvanced Structures\\n\\nGives You\\n\\tBattle Troopers\"	
006e072a	PascalUnicode	u\"\\tArming infantry with Anti-Matter Rifles lets you outfit Battle Troopers. Anti-matter containment fields are reduced to the size of a large bullet. These small fields can then be fired from this special rifle.\"	
006e08ce	PascalUnicode	u\"NNSTECE\"	
006e08de	PascalUnicode	u\"Ion Weapons\"	
006e08f6	PascalUnicode	u\"Level Four\\n\\nRequires\\n\\tZero Friction Hulls\\n\\nGives You\\n\\tShockwave Carrier\\n\\tGroundbreaker Warhead\"	
006e09b4	PascalUnicode	u\"\\tIonic Weapons concentrate the destructive effects of an ion storm. All Shockwave Carriers are armed with small scale ion guns. Also the Groundbreaker Warhead uses ion particles to create vibrations, letting these warheads burrow into the ground before exploding.\"	
006e0bc4	PascalUnicode	u\"NNSTECE\"	
006e0bd4	PascalUnicode	u\"Power Cells\"	
006e0bec	PascalUnicode	u\"Level Four\\n\\nRequires\\n\\tUnderwater Tracking and Advanced Structures\\n\\nGives You\\n\\tIncreased Combat Speed\\n\\tIncreased Rate of Fire\"	
006e0ce6	PascalUnicode	u\"\\tPower Cells enable you to pack more energy into each military unit - increasing vehicle speed and firing rate. All your units receive the power cell upgrade as soon as the technology is developed.\"	
006e0e72	PascalUnicode	u\"NNSTECI\"	
006e0e82	PascalUnicode	u\"Triidium Processing\"	
006e0eaa	PascalUnicode	u\"Level Four\\n\\nRequires\\n\\tEndurium Mining\\n\\nGives You\\n\\tTriidium\"	
006e0f20	PascalUnicode	u\"\\tConverting endurium ore into triidium gives you a tremendous advantage. Triidium has ten times the metal value of iron.\"	
006e1014	PascalUnicode	u\"NNSTECB\"	
006e1024	PascalUnicode	u\"Orbital Surveillance System\"	
006e105c	PascalUnicode	u\"Level Four\\n\\nRequires\\n\\tTargeting Computers and Proximity Detectors\\n\\nGives You\\n\\tImproved Planet View\\n\\tAnti-Colony Assault Silo\"	
006e1156	PascalUnicode	u\"\\tLaunching these low orbit satellites lets you see more of the planet's surface. Because of the deeper silos needed to launch surveillance satellites, the Anti-Colony Assault Silo is now possible.\"	
006e12e0	PascalUnicode	u\"NNSTECF\"	
006e12f0	PascalUnicode	u\"Cortex Scanner\"	
006e130e	PascalUnicode	u\"Level Four\\n\\nRequires\\n\\tTargeting Computers and Anti-Matter Containment\\n\\nGives You\\n\\tCollective Tech Lab\"	
006e13da	PascalUnicode	u\"\\tCortex Scanners are neural implants that directly link minds together. Your scientists are then able to rapidly research technologies. You may then build the Collective Tech Lab.\"	
006e1542	PascalUnicode	u\"NNSTECA\"	
006e1552	PascalUnicode	u\"Psi Helmets\"	
006e156a	PascalUnicode	u\"Level Four\\n\\nRequires\\n\\tStarflare Bombs and Anti-Matter Containment\\n\\nGives You\\n\\tImproves the Mental Strength\\n\\tof Your Military Units\"	
006e1670	PascalUnicode	u\"\\tPsi Helmets improve the psionic prowess of your military forces. Thus Command Corps units with mind control or mind blast abilities have increased power, while units that do not have these abilities are made more resist to these mental attacks. It does not give a race new abilities - it only sharpens existing ones.\"	
006e18ec	PascalUnicode	u\"NNSTECH\"	
006e18fc	PascalUnicode	u\"Disruptor Beams\"	
006e191c	PascalUnicode	u\"Level Five\\n\\nRequires\\n\\tTriidium Processing\\n\\nGives You\\n\\tDisruptor Cannon\"	
006e19aa	PascalUnicode	u\"\\tPlacing a fusion beam inside an anti-matter containment field creates the volatile Disruptor Beam. Disruptor beams need large equipment to operate, so this beam is only used as an artillery weapon. A Disruptor Cannon is a vicious armor unit.\"	
006e1b90	PascalUnicode	u\"NNSTECE\"	
006e1ba0	PascalUnicode	u\"Native Languages\"	
006e1bc2	PascalUnicode	u\"Level Five\\n\\nRequires\\n\\tIon Weapons\\n\\nGives You\\n\\tKnowledge of All Shrine Locations\\n\\tShrine Output Doubled\"	
006e1c90	PascalUnicode	u\"\\tBy mastering the dialect of the indigenous natives, much more information is revealed to you. You will know all the locations of the world's shrines. Plus your understanding of the native tongue helps you improve your use of these ancient structures.\"	
006e1e88	PascalUnicode	u\"NNSTECF\"	
006e1e98	PascalUnicode	u\"Metal Replication\"	
006e1ebc	PascalUnicode	u\"Level Five\\n\\nRequires\\n\\tPsi Helmet and Triidium Processing\\n\\nGives You\\n\\tReplication Station\"	
006e1f6e	PascalUnicode	u\"\\tMetal Replication technology lets you build a Metal Replication Station. This advanced factory duplicates metal and produces military units at a greatly accelerated rate. Automated Factories may be upgraded to Metal Replication Stations once this technology is completed.\"	
006e2190	PascalUnicode	u\"NNSTECC\"	
006e21a0	PascalUnicode	u\"Food Replication\"	
006e21c2	PascalUnicode	u\"Level Five\\n\\nRequires\\n\\tPower Cells and Anti-Matter Rifle\\n\\nGives You\\n\\tFood Replicators\"	
006e226c	PascalUnicode	u\"\\tFood Replication clones existing food supplies - really increasing food production. This technology makes it possible to build the highly productive Food Replicator.\"	
006e23ba	PascalUnicode	u\"NNSTECB\"	
006e23ca	PascalUnicode	u\"Anti-Matter Deflectors\"	
006e23f8	PascalUnicode	u\"Level Five\\n\\nRequires\\n\\tOrbital Surveillance Systems and Cortex Scanner\\n\\nGives You \\n\\tAnti-Matter Defense Forts\"	
006e24d2	PascalUnicode	u\"\\tThis technology lets you construct Anti-Matter Defense fortifications. They are the most powerful stationary guns you can build. These guns can completely obliterate Disruptor Cannon and Battle Troopers.\"	
006e266c	PascalUnicode	u\"NNSTECE\"	
006e267c	PascalUnicode	u\"Sub-SpaceScanner\"	
006e269e	PascalUnicode	u\"Level Five\\n\\nRequires\\n\\tEnergy Defense\\n\\nGives You\\n\\tSub-Space Magnet\"	
006e2722	PascalUnicode	u\"\\tThis scanner searches sub-space for iron and endurium molecules. Once it finds these molecules it pulls them into an assembling area where the ore materializes. These Sub-Space Magnets mine large amounts of iron and endurium.\"	
006e28e8	PascalUnicode	u\"NNSTECC\"	
006e28f8	PascalUnicode	u\"Assault Armor\"	
006e2914	PascalUnicode	u\"Level Five\\n\\nRequires\\n\\tAnti-Matter Rifles\\n\\nGives You\\n\\tAssault Trooper\"	
006e299e	PascalUnicode	u\"\\tElectronically enhanced assault shields provide excellent cover from most weaponry. When soldiers are fitted with these special shields they become nearly unstoppable. Assault Troopers are the toughest infantry unit you can place on the battlefield.\"	
006e2b94	PascalUnicode	u\"NNSTECE\"	
006e2ba4	PascalUnicode	u\"Vortex Emitters\"	
006e2bc4	PascalUnicode	u\"Level Five\\n\\nRequires\\n\\tIon Weapons and Power Cells\\n\\nGives You\\n\\tTidal Vortex Generators\"	
006e2c70	PascalUnicode	u\"\\tVortex Emitters are molecular-level control fields which allow you to build Tidal Vortex Generators. These structures control the motion of water within its range, sinking all enemy ships who unknowingly cruise in these oceans. If there are any friendly sea units in the territory no ships will be sunk. Vortex Emitters give Sea Platforms an added defensive capability.\"	
006e2f56	PascalUnicode	u\"NNSTECC\"	
006e2f66	PascalUnicode	u\"Cloaking\"	
006e2f78	PascalUnicode	u\"Level Five\\n\\nRequires\\n\\tPsi Helmet and Cortex Scanner\\n\\nGives You\\n\\tSupernova Spyjet\"	
006e301a	PascalUnicode	u\"\\tA technology which successfully blocks most scanning devices. Cloaking lets you build the Supernova Spyjet, the epitome of military aircraft. Not only does the Spyjet have high attack strength against both air and ground targets, it also can carry out spy missions.\"	
006e3230	PascalUnicode	u\"NNSTECE\"	
006e3240	PascalUnicode	u\"Anti-Matter Beams\"	
006e3264	PascalUnicode	u\"Level Six\\n\\nRequires\\n\\tDisruptor Beam and Sub-space Scanner\\n\\nGives You\\n\\tHolocaust Cannon\\n\\tSupernova Warhead\"	
006e3338	PascalUnicode	u\"\\tUsing anti-matter as a weapon is dangerous. However redesigning and strengthening anti-matter containment fields makes it possible to create the Anti-Matter Beam. These beams can be both fired from Holocaust Cannon and housed inside Supernova Warheads.\"	
006e3534	PascalUnicode	u\"NNSTECE\"	
006e3544	PascalUnicode	u\"Advanced Cloaking\"	
006e3568	PascalUnicode	u\"Level Six\\n\\nRequires\\n\\tFood Replication and Assault Armor\\n\\nGives You\\n\\tCloak Mission\"	
006e360c	PascalUnicode	u\"\\tCertain ground units can be effectively equipped with an improved cloaking device. Advanced Cloaking gives your infantry units, Sea Transports, and Colonizers a cloak mission.\"	
006e376e	PascalUnicode	u\"NNSTECI\"	
006e377e	PascalUnicode	u\"Uncloaking\"	
006e3794	PascalUnicode	u\"Level Six\\n\\nRequires\\n\\tSub-space Scanner\\n\\nGives You\\n\\tUncloak Mission\"	
006e381a	PascalUnicode	u\"\\tThis technology lets your Command Corps uncloak all invisible units in a territory. The Command Corps units project a special EC band that makes these units easier to see, forcing them to fight.\"	
006e39a2	PascalUnicode	u\"NNSTECI\"	
006e39b2	PascalUnicode	u\"Mesotronic Generators\"	
006e39de	PascalUnicode	u\"Level Six\\n\\nRequires\\n\\tNative Languages and Vortex Emitters\\n\\nGives You\\n\\tWeather Control Stations\"	
006e3a9c	PascalUnicode	u\"\\tUsing an enhanced version of Vortex Emitter technology, Mesotronic Generators allow the control of air currents. These manipulations are performed in Weather Control Stations. Weather Control Stations aid friendly territories and harm unfriendly territories and air units within its range.\"	
006e3ce4	PascalUnicode	u\"NNSTECC\"	
006e3cf4	PascalUnicode	u\"Transporters\"	
006e3d0e	PascalUnicode	u\"Level Seven\\n\\nRequires\\n\\tAnti-Matter Beam, Advanced Cloaking, and Uncloaking\\n\\nGives You\\n\\tIncreased Unit Movement\\n\\tRemoves Transport Costs\"	
006e3e1e	PascalUnicode	u\"\\tTransporters break non-living materials down to the molecular level and transports them across great distances. This reduces transportation costs by two-thirds and lets you penetrate blockades. Also fuel can be transported into all military units.\"	
006e4010	PascalUnicode	u\"NNSTECG\"	
006e4020	PascalUnicode	u\"Time Dilation\"	
006e403c	PascalUnicode	u\"Requires\\n\\nAll Other Technologies\\n\\nLeads To\\n\\tVictory!\\n\\nGives You\\n\\tResource Production Bonus\"	
006e40f2	PascalUnicode	u\"\\tTransporter and Replication technology can be combined to create a time wave. This wave is projected over the entire colony. Time advances inside the wave so your colonists can make extra resources and credits.\"	
006e429a	PascalUnicode	u\"NNSTECC\"	
006e42aa	PascalUnicode	u\"Placing New Structures\"	
006e42d8	PascalUnicode	u\"What It Does\\n\\tPlace New Buildings for Construction In Your Settlement\\n\\nHow To Activate It\\n\\tPress The Buildings Button on the Toolbar\"	
006e43e2	PascalUnicode	u\"\\tWhen you are in the Territory View, you can construct new buildings. Press the Buildings button to see a window that shows you all the buildings you can construct. Click on the one you want. Your mouse arrow will now have the building attached to it. Place your building down on the territory square or squares you want it on, then drag colonists onto this site to finish its construction. To choose the best location for your building, look at each square's resource potential by pressing the <Insert> key on your keyboard.\"	
006e47fe	PascalUnicode	u\"NNSBLDR\"	
006e480e	PascalUnicode	u\"Housing\"	
006e481e	PascalUnicode	u\"Technology Needed\\n\\tNone\\n\\nWhat It Produces\\n\\tColonists\"	
006e4888	PascalUnicode	u\"\\tHousing increases your population. The more empty houses you have the faster your population will grow. Colonists eventually upgrade Housing to an Apartment Complex. Housing supports up to 500 colonists (5 icons). These buildings take up one square in the Territory View.\"	
006e4aac	PascalUnicode	u\"NNSBLDM\"	
006e4abc	PascalUnicode	u\"Apartment Complex\"	
006e4ae0	PascalUnicode	u\"Technology Needed\\n\\tNone\\n\\nWhat It Produces\\n\\tColonists\"	
006e4b4a	PascalUnicode	u\"\\tAn Apartment Complex supports 1000 (10 icons) colonists. You cannot build an Apartment Complex directly, it can only be upgraded from basic Housing. Colonists eventually upgrade Apartment Complexes to Luxury Housing. The more empty Apartment Complexes you have the faster your population grows. These buildings take up one square in your settlement.\"	
006e4e08	PascalUnicode	u\"NNSBLDM\"	
006e4e18	PascalUnicode	u\"Luxury Housing\"	
006e4e36	PascalUnicode	u\"Technology Needed\\n\\tNone\\n\\nWhat It Produces\\n\\tColonists\"	
006e4ea0	PascalUnicode	u\"\\tThe largest housing complex, Luxury Housing holds up to 1500 (15 icons) colonists. You cannot build Luxury Housing directly, this structure can only be upgraded from an Apartment Complex. You will never need more than 4 luxury housing units in any territory. These buildings take up one square in your settlement. Be aware that morale drops in overpopulated territories.\"	
006e5188	PascalUnicode	u\"NNSBLDM\"	
006e5198	PascalUnicode	u\"Civilian Defense Bunker\"	
006e51c8	PascalUnicode	u\"Technology Needed\\n\\tAdvanced Structures\\n\\nWhat It Does\\n\\tKeeps Colonists Safe from Combat\"	
006e5276	PascalUnicode	u\"\\t The Civilian Defense Bunker shelters your colonists from battle – preventing them from turning into Militia and being killed. This leaves the battle to your normal military units. They also counter the negative effect to morale caused by units on the patrol mission within your settlement. Each bunker may hold 5,000 colonists (50 icons). Note that if you lose an invasion, all your colonists in the bunker are lost. These buildings take up one square in your settlement and are not specifically targettable by other units.\"	
006e5692	PascalUnicode	u\"NNSBLDI\"	
006e56a2	PascalUnicode	u\"Cloning Center\"	
006e56c0	PascalUnicode	u\"Technology Needed\\n\\tCloning\\n\\nWhat It Produces\\n\\tColonists\"	
006e5730	PascalUnicode	u\"\\tCloning Centers increase population growth rates, but cause a drop in morale. These buildings take up one square on your settlement map.\"	
006e5844	PascalUnicode	u\"NNSBLDV\"	
006e5854	PascalUnicode	u\"Farm\"	
006e585e	PascalUnicode	u\"Technology Needed\\n\\tNone\\n\\nWhat It Produces\\n\\tFood and Wood\"	
006e58d0	PascalUnicode	u\"\\tFarms produce both food and wood. Usually they do best in plains or forest territories, although resource square bonuses also can help production in mountains and swamps. Farms take up four squares in your settlement.\"	
006e5a86	PascalUnicode	u\"NNSBLDA\"	
006e5a96	PascalUnicode	u\"Hydroponic Farm\"	
006e5ab6	PascalUnicode	u\"Technology Needed\\n\\tSynthetic Fertilizer\\n\\nWhat It Produces\\n\\tFood and Wood\"	
006e5b48	PascalUnicode	u\"\\tOnce Synthetic Fertilizer is researched, you may build Hydroponic Farms. Hydroponic Farms raise much more food and wood than a normal Farm. These buildings take up four squares in your settlement.\"	
006e5cd4	PascalUnicode	u\"NNSBLDA\"	
006e5ce4	PascalUnicode	u\"Kelp Farm\"	
006e5cf8	PascalUnicode	u\"Technology Needed\\n\\tNone\\n\\nWhat it Produces\\n\\tFood in an Ocean Territory\"	
006e5d84	PascalUnicode	u\"\\tOnce Advanced Structures has been developed you may build a Sea Platform. A Kelp Farm is built on a Sea Platform. Kelp Farms produce as much food as a Hydroponic Farm. Unlike other farms, they do not produce wood. These buildings take up one square on your Sea Platform.\"	
006e5fa4	PascalUnicode	u\"NNSBLDN\"	
006e5fb4	PascalUnicode	u\"Food Replicator\"	
006e5fd4	PascalUnicode	u\"Technology Needed\\n\\tFood Replication\\n\\nWhat It Produces\\n\\tFood and Wood\"	
006e605e	PascalUnicode	u\"\\tFood Replicators produce much more food and wood than a Hydroponic Farm. Researching Food Replication lets you create these buildings. Food Replicators take up one square in your settlement.\"	
006e61e0	PascalUnicode	u\"NNSBLDA\"	
006e61f0	PascalUnicode	u\"Surface Mine\"	
006e620a	PascalUnicode	u\"Technology Needed\\n\\tNone\\n\\nWhat It Produces\\n\\tIron and Endurium\"	
006e6284	PascalUnicode	u\"\\tSurface Mines produce iron and endurium. You cannot mine endurium until you research Endurium Mining. Surface Mines do best when placed in a mountainous territory or on rocky soil. They take up four squares.\"	
006e6426	PascalUnicode	u\"NNSBLDB\"	
006e6436	PascalUnicode	u\"Mantle Drill\"	
006e6450	PascalUnicode	u\"Technology Needed\\n\\tMolecular Bonding\\n\\nWhat It Produces\\n\\tIron and Endurium\"	
006e64e4	PascalUnicode	u\"\\tThis building drills beneath the crust to mine a planet's molten rock. It then sucks molten iron and endurium to the surface where these metals cool down. It produces significantly more metal than a Surface Mine. These buildings take up one square in your settlement.\"	
006e66fe	PascalUnicode	u\"NNSBLDB\"	
006e670e	PascalUnicode	u\"Sub-Space Magnet\"	
006e6730	PascalUnicode	u\"Technology Needed\\n\\tSub-Space Scanner\\n\\nWhat It Produces\\n\\tIron and Endurium\"	
006e67c4	PascalUnicode	u\"\\tTapping into sub-space regions, this mine selectively pulls the atoms needed to create iron and endurium. It produces metal faster than a Mantle Drill. A Sub-Space Magnet only mines iron until Endurium Mining is researched. These buildings occupy one square in your settlement.\"	
006e69f2	PascalUnicode	u\"NNSBLDB\"	
006e6a02	PascalUnicode	u\"Nuclear Plant\"	
006e6a1e	PascalUnicode	u\"Technology Needed\\n\\tNone\\n\\nWhat It Produces\\n\\tEnergy and Anti-Matter Pods\"	
006e6aac	PascalUnicode	u\"\\tThese buildings generate energy for your colony. Swamps and cracked earth squares are ideal spots for Nuclear Plants. Also placing a Nuclear Plant over an energy bonus square produces much power. These buildings use up one square in your settlement.\"	
006e6ca4	PascalUnicode	u\"NNSBLDC\"	
006e6cb4	PascalUnicode	u\"Fusion Plant\"	
006e6cce	PascalUnicode	u\"Technology Needed\\n\\tNuclear Fusion\\n\\nWhat It Produces\\n\\tEnergy and Anti-Matter Pods\"	
006e6d70	PascalUnicode	u\"\\tResearching Nuclear Fusion technology lets you build this high output power plant. Fusion Plants create more energy than a Nuclear Plant. They generate even more power in swamps, cracked earth, or energy bonus squares. These buildings use one square on the settlement map.\"	
006e6f94	PascalUnicode	u\"NNSBLDC\"	
006e6fa4	PascalUnicode	u\"Anti-Matter Plant\"	
006e6fc8	PascalUnicode	u\"Technology Needed\\n\\tAnti-Matter Containment\\n\\nWhat It Produces\\n\\tEnergy and Anti-Matter Pods\"	
006e707c	PascalUnicode	u\"\\tThis power plant generates energy by the controlled reaction of matter with anti-matter. Researching Anti-Matter Containment lets you construct this high energy producing plant. These buildings take up one square in your settlement.\"	
006e7250	PascalUnicode	u\"NNSBLDC\"	
006e7260	PascalUnicode	u\"Tidal Energy Plant\"	
006e7286	PascalUnicode	u\"Technology Needed\\n\\tNone\\n\\nWhat It Produces\\n\\tEnergy and Anti-Matter Pods\"	
006e7314	PascalUnicode	u\"\\tThese plants use ocean currents to cleanly generate power. Once you have a Sea Platform, you may construct these efficient buildings. They produce as much energy as a Fusion Plant. These buildings take up one square on your Sea Platform.\"	
006e74f2	PascalUnicode	u\"NNSBLDN\"	
006e7502	PascalUnicode	u\"Factory\"	
006e7512	PascalUnicode	u\"Technology Needed\\n\\tNone\\n\\nWhat It Produces\\n\\tSteel\\n\\tTriidium\\n\\tTrade\\n\\tInfantry\\n\\tArtillery Units\"	
006e75cc	PascalUnicode	u\"\\tFactories build both infantry and artillery units. They also convert iron into steel and endurium into triidium, once you research Metallurgy and Triidium Processing. Factories can also trade, giving you extra money. These buildings take up four squares in your settlement.\"	
006e77f4	PascalUnicode	u\"NNSBLDE\"	
006e7804	PascalUnicode	u\"Automated Factory\"	
006e7828	PascalUnicode	u\"Technology Needed\\n\\tAutomation\\n\\nWhat It Produces\\n\\tSteel\\n\\tTriidium\\n\\tTrade\\n\\tInfantry\\n\\tArtillery Units\"	
006e78ee	PascalUnicode	u\"\\tAutomation technology speeds up production, letting you build the faster Automated Factory.  Automated Factories make steel, triidium, and military units much faster than a Factory. Trade income is also increased. These buildings take up one square on your settlement map.\"	
006e7b12	PascalUnicode	u\"NNSBLDE\"	
006e7b22	PascalUnicode	u\"Replication Station\"	
006e7b4a	PascalUnicode	u\"Technology Needed\\n\\tMetal Replication\\n\\nWhat It Produces\\n\\tSteel\\n\\tTriidium\\n\\tTrade\\n\\tInfantry\\n\\tArtillery Units\"	
006e7c1e	PascalUnicode	u\"\\tMetal Replication technology lets you build a Metal Replication Station. This advanced plant duplicates metallic components at a greatly accelerated rate. This process increases unit and resource production while using fewer colonists.\"	
006e7df8	PascalUnicode	u\"NNSBLDE\"	
006e7e08	PascalUnicode	u\"Hospital\"	
006e7e1a	PascalUnicode	u\"Technology Needed\\n\\tAdvanced Medicines\\n\\nWhat It Produces\\n\\tPrevents Plagues\\n\\tHeals Injured Militia\"	
006e7edc	PascalUnicode	u\"\\tHospitals are possible when you have Advanced Medicine technology. Hospitals prevent plagues effecting colonists and heal injured militia units. Their construction also lends a morale bonus to the territory. Note that Hospitals cannot stop a crop plague. These buildings use one square in your settlement.\"	
006e8142	PascalUnicode	u\"NNSBLDO\"	
006e8152	PascalUnicode	u\"Shipyard\"	
006e8164	PascalUnicode	u\"Technology Needed\\n\\tNone\\n\\nWhat It Produces\\n\\tSea Units\\n\\tTrade\"	
006e81dc	PascalUnicode	u\"\\tShipyards can only be built on coastal territories. Key trading centers, they generate a lot of money. Shipyards also manufacture Sea Transports and warships. These buildings take up one square on your settlement map.\"	
006e8394	PascalUnicode	u\"NNSBLDF\"	
006e83a4	PascalUnicode	u\"Hydroport\"	
006e83b8	PascalUnicode	u\"Technology Needed\\n\\tShockwave Projectors\\n\\nWhat It Produces\\n\\tShip Units\\n\\tTrade\"	
006e8452	PascalUnicode	u\"\\tResearch Shockwave Projectors technology to build the high tech Hydroport. This dock manufactures ships quickly but creates less trade income than a Shipyard. Hydroports may only be built on coastal territories. These buildings take up one square in your settlement.\"	
006e866a	PascalUnicode	u\"NNSBLDF\"	
006e867a	PascalUnicode	u\"Airport\"	
006e868a	PascalUnicode	u\"Technology Needed\\n\\tNone\\n\\nWhat It Produces\\n\\tTrade\\n\\tAirplane Units\"	
006e870c	PascalUnicode	u\"\\tAirports give you trade income and also build airplanes. At first you can build the Turbo Wing Fighter. Research Starflare Bombs and Cloaking to build better airplanes. Airports also refuel aircraft. These buildings take up four squares in your settlement.\"	
006e8910	PascalUnicode	u\"NNSBLDG\"	
006e8920	PascalUnicode	u\"Military Airbase\"	
006e8942	PascalUnicode	u\"Technology Needed\\n\\tNeutrionic Fuel\\n\\nWhat It Produce\\n\\tTrade\\n\\tAirplane Units\"	
006e89d8	PascalUnicode	u\"\\tHigh octane Neutrionic Fuel lets you build the Military Airbase. These bases manufacture airplanes much faster than an Airport. Military Airbases also give you trade income. These buildings take up four squares on your settlement map.\"	
006e8bb0	PascalUnicode	u\"NNSBLDG\"	
006e8bc0	PascalUnicode	u\"Fuel Depot\"	
006e8bd6	PascalUnicode	u\"Technology Needed\\n\\tNeutrionic Fuel\\n\\nWhat It Does\\n\\tIncreases Range of Ground Units\\n\\tRefuels Airplanes\"	
006e8ca0	PascalUnicode	u\"\\tFuel Depots can increase the range of aircraft, infantry, and artillery units. Artillery and infantry units that enter Fuel Depot territories can move another territory that turn. These buildings use one square in a settlement.\"	
006e8e6c	PascalUnicode	u\"\"	
006e8e6e	PascalUnicode	u\"Culture Center\"	
006e8e8c	PascalUnicode	u\"Technology Needed\\n\\tNone\\n\\nWhat It Does\\n\\tMakes Culture\"	
006e8ef6	PascalUnicode	u\"\\tCulture Centers raise morale by producing culture. Each culture point counters one point of bad morale. These buildings are great places for your weary colonists to unwind. They can be upgraded into the more efficient Museums. These buildings only use one square in your settlement.\"	
006e912e	PascalUnicode	u\"NNSBLDH\"	
006e913e	PascalUnicode	u\"Museum\"	
006e914c	PascalUnicode	u\"Technology Needed\\n\\tNone\\n\\nWhat It Does\\n\\tMakes Culture\"	
006e91b6	PascalUnicode	u\"\\tMuseums are more relaxing places than Culture Centers, giving you even more culture. They cannot be built; only by upgrading a Culture Center can a Museum be made. These buildings use one square in your settlement.\"	
006e9366	PascalUnicode	u\"NNSBLDH\"	
006e9376	PascalUnicode	u\"Art Complex\"	
006e938e	PascalUnicode	u\"Technology Needed\\n\\tEndurium Mining\\n\\nWhat It Does\\n\\tCreates Art Objects\"	
006e941a	PascalUnicode	u\"\\tArt objects can only be made in Art Complexes. Every turn there is a chance of creating an art object. Each art object increases morale by two points; you can also sell an art object for a high price. These buildings take up four squares in your settlement.\"	
006e9620	PascalUnicode	u\"NNSBLDH\"	
006e9630	PascalUnicode	u\"Laser Defense\"	
006e964c	PascalUnicode	u\"Technology Needed\\n\\tNone\\n\\nWhat It Does\\n\\tDefends Colony\"	
006e96b8	PascalUnicode	u\"\\tLaser Defense fortifications strengthen your colony's resistance to invading forces. These rapid fire guns are about equal in power to a Laser Cannon. These buildings take up one square on your settlement map.\"	
006e9860	PascalUnicode	u\"NNSBLDI\"	
006e9870	PascalUnicode	u\"Flak Launcher\"	
006e988c	PascalUnicode	u\"Technology Needed\\n\\tFlak\\n\\nWhat It Does\\n\\tDefends Colony\"	
006e98f8	PascalUnicode	u\"\\tA Flak Launcher fires shrapnel into the path of air units.  This shrapnel is very effective at bringing down enemy missiles and aircraft. They can be built either on land or Sea Platforms. These buildings use up one square.\"	
006e9aba	PascalUnicode	u\"NNSBLDI\"	
006e9aca	PascalUnicode	u\"Torpedo Launcher\"	
006e9aec	PascalUnicode	u\"Technology Needed\\n\\tNone\\n\\nWhat it Does\\n\\tDefends Sea Platform Colonies\"	
006e9b76	PascalUnicode	u\"\\tThis specialized defensive fortification damages enemy ships. These forts are essential to defending ocean settlements, using up one square on your Sea Platform.\"	
006e9cbc	PascalUnicode	u\"NNSBLDI\"	
006e9ccc	PascalUnicode	u\"Energy Defense\"	
006e9cea	PascalUnicode	u\"Technology Needed\\n\\tEnergy Deflectors\\n\\nWhat It Does\\n\\tDefends Colony\"	
006e9d70	PascalUnicode	u\"\\tAn Energy Defense system is almost as effective as a Fusion Cannon. Once you finish Energy Deflector technology, put these powerful defense guns in place. These buildings take up one square on your settlement map.\"	
006e9f1e	PascalUnicode	u\"NNSBLDI\"	
006e9f2e	PascalUnicode	u\"Anti-Matter Defense\"	
006e9f56	PascalUnicode	u\"Technology Needed\\n\\tAnti-Matter Deflectors\\n\\nWhat It Does\\n\\tDefends Colony\"	
006e9fe6	PascalUnicode	u\"\\tAnti-Matter Defense fortifications are the most powerful stationary guns you can build. This is a must for defense against Disruptor Cannon. Researching Anti-Matter Deflectors gives you this defensive system. These buildings take up one square in your settlement.\"	
006ea1f8	PascalUnicode	u\"NNSBLDI\"	
006ea208	PascalUnicode	u\"Tidal Vortex Generator\"	
006ea236	PascalUnicode	u\"Technology Needed\\n\\tVortex Emitter\\n\\nWhat It Does\\n\\tDefends Sea Platforms from Ship Attack\"	
006ea2e6	PascalUnicode	u\"\\tThis Sea Platform device controls the water currents in all adjacent ocean territories. This damages all enemy ships in these territories. If a friendly sea unit is in an adjoining territory, no ships will be sunk. These buildings take up one square.\"	
006ea4de	PascalUnicode	u\"\"	
006ea4e0	PascalUnicode	u\"Weather Control Station\"	
006ea510	PascalUnicode	u\"Technology Needed\\n\\tMesotronic Generator\\n\\nWhat It Does\\n\\tDefends Sea Platforms from Air Attack\\n\\tAdds to Farm Production in Friendly Territories\\n\\tBlocks Orbital Surveillance\\n\\tCauses Floods in Enemy Territories\"	
006ea6ae	PascalUnicode	u\"\\tWeather Control Stations cause several different things to happen in adjacent territories. They cause enemy aircraft to crash, increase food production in adjacent friendly territories, cause floods in enemy territories, and block Orbital Surveillance technology. Enemy air units will not crash if they are in the same territory as a friendly air unit. These buildings take up one square on your Sea Platform.\"	
006ea9e4	PascalUnicode	u\"\"	
006ea9e6	PascalUnicode	u\"Missile Base\"	
006eaa00	PascalUnicode	u\"Technology Needed\\n\\tRocketry\\n\\nWhat It Does\\n\\tBuilds Missile Units\"	
006eaa80	PascalUnicode	u\"\\tBuild a Missile Base once you research Rocketry. Missile Bases manufacture all missile units - the Scatterpack, the Groundbreaker, and the Supernova Warheads. Research Ion Weapons and Anti-Matter Beams to get the more advanced missiles. These buildings take up one square in either a land settlement or a Sea Platform.\"	
006ead00	PascalUnicode	u\"NNSBLDJ\"	
006ead10	PascalUnicode	u\"Anti-Colony Assault Silo\"	
006ead42	PascalUnicode	u\"Technology Needed\\n\\tOrbital Surveillance Systems\\n\\nWhat It Does\\n\\tIncreases World Surveillance\\n\\tBuilds Missile Units\"	
006eae26	PascalUnicode	u\"\\tResearch Orbital Surveillance Systems and you can build these devastating silos. These buildings manufacture warheads much faster than a Missile Base. Also Anti-Colony Assault Systems launch surveillance satellites – improving what you can see in the Planet View. These buildings take up one square in either a land settlement or a Sea Platform.\"	
006eb0dc	PascalUnicode	u\"NNSBLDJ\"	
006eb0ec	PascalUnicode	u\"University\"	
006eb102	PascalUnicode	u\"Technology Needed\\n\\tNone\\n\\nWhat It Does\\n\\tResearches Technology\\n\\tMakes Electronic Parts\"	
006eb1ac	PascalUnicode	u\"\\tOnce you build a University you can begin researching technologies. Also when you gain the Electronics technology, Universities can manufacture electronic parts for you. These large research centers take up four squares in a settlement.\"	
006eb388	PascalUnicode	u\"NNSBLDK\"	
006eb398	PascalUnicode	u\"Tech Lab\"	
006eb3aa	PascalUnicode	u\"Technology Needed\\n\\tChaos Computers\\n\\nWhat It Does\\n\\tResearches Technology\\n\\tMakes Electronic Parts\"	
006eb46a	PascalUnicode	u\"\\tThanks to Chaos Computer technology, these labs can do research faster and produce more electronic parts than a University. These buildings take up one square on your settlement map or Sea Platform.\"	
006eb5fa	PascalUnicode	u\"NNSBLDK\"	
006eb60a	PascalUnicode	u\"Collective Tech Lab\"	
006eb632	PascalUnicode	u\"Technology Needed\\n\\tCortex Scanner\\n\\nWhat It Does\\n\\tResearches Technology\\n\\tMakes Electronic Parts\"	
006eb6f0	PascalUnicode	u\"\\tCortex Scanner technology lets scientists communicate mentally, saving much time. Collective Tech Labs research technologies at a faster rate than a Tech Lab. The improved research facility allows scientists to make electronic parts quickly as well. These buildings take up one square in your settlement or Sea Platform.\"	
006eb974	PascalUnicode	u\"NNSBLDK\"	
006eb984	PascalUnicode	u\"Military Training Center\"	
006eb9b6	PascalUnicode	u\"Technology Needed\\n\\tNone\\n\\nWhat It Does\\n\\tGives Idle Troops Combat Experience\"	
006eba4c	PascalUnicode	u\"\\tMilitary Training Centers allow land and air units in a territory and sea units next to this territory to use the Train mission. These units then gain combat experience. Units can be trained up to Veteran status. A unit may only become Elite through combat experience. These buildings take up four squares in your settlement.\"	
006ebcdc	PascalUnicode	u\"NNSBLDP\"	
006ebcec	PascalUnicode	u\"City Center\"	
006ebd04	PascalUnicode	u\"Technology Needed\\n\\tNone\\n\\nWhat It Does\\n\\tImproves Culture and Trade\\n\\tMakes Colonizers\\n\\tMakes Scouts\\n\\tMakes Command Corps\"	
006ebdf2	PascalUnicode	u\"\\tCity Centers are hubs of trade income and culture. A City Center builds Colonizers - units that move colonists into other territories. Once Electronics is researched, City Centers make Scouts and Command Corps units. When Advanced Medicine is studied, City Centers can also produce Medics. These buildings take up four squares in your settlement.\"	
006ec0aa	PascalUnicode	u\"NNSBLDL\"	
006ec0ba	PascalUnicode	u\"Land Shrine\"	
006ec0d2	PascalUnicode	u\"Technology Needed\\n\\tNone\\n\\nWhat It Produces\\n\\tCulture and Research\"	
006ec152	PascalUnicode	u\"\\tThese ancient shrines may be found on various planets within the Dark Cloud. Remnants of an ancient civilization, these buildings are sought out by every race as places of great learning. Destroying a Land Shrine violates the Xythra Accord, so these buildings should be treated with great care. Land Shrines take up four squares.\"	
006ec3e8	PascalUnicode	u\"NNSBLDQ\"	
006ec3f8	PascalUnicode	u\"Hidden Shrine\"	
006ec414	PascalUnicode	u\"Technology Needed\\n\\tNone\\n\\nWhat it Does\\n\\tA Random Resource Task\"	
006ec490	PascalUnicode	u\"\\tUnlike Land Shrines, Hidden Shrines cannot be detected without exploring a territory with land units or flying overhead with an Air Command plane. Smaller than Land Shrines, Hidden Shrines produce one resource; what resource this will be is chosen randomly. These buildings take up one square.\"	
006ec6de	PascalUnicode	u\"NNSBLDQ\"	
006ec6ee	PascalUnicode	u\"Underwater Shrine\"	
006ec712	PascalUnicode	u\"Technology Needed\\n\\tNone\\n\\nWhat It Does\\n\\tA Random Resource Task\"	
006ec78e	PascalUnicode	u\"\\tMuch like Hidden Shrines, these units can only be discovered by an Attack Submarine, Sea Command, or a Sea Platform. Building a Sea Platform in an Underwater Shrine's territory is the only way your colonists can work in these special buildings. Since these buildings are in the water, they do not use up any settlement squares.\"	
006eca20	PascalUnicode	u\"NNSBLDQ\"	
006eca30	PascalUnicode	u\"Building Properties Box\"	
006eca60	PascalUnicode	u\"When It Appears\\n\\tWhen You Right Click on a Building\\n\\nWhat It Does\\n\\t Lets You Change a Building's Production\"	
006ecb38	PascalUnicode	u\"\\tThis window lets you change a building's tasks, order new units to be manufactured, and even shut the building down. Each building has different task buttons that your colonists can work on. There is also a Housing Pool button that is not a task; this button tells you how many idle colonists you have in your settlement. Click and drag the colonists between all these task buttons to choose what you want the building to produce.\"	
006ece98	PascalUnicode	u\"NNSBLDS\"	
006ecea8	PascalUnicode	u\"Labor Pool\"	
006ecebe	PascalUnicode	u\"Where It Appears\\n\\tAt The Bottom of the Building Properties Box\\n\\nWhat It Does\\n\\tShows All the Colonists Working on a Selected Task\"	
006ecfc0	PascalUnicode	u\"\\tWhen a building's task button is selected, the Labor Pool at the bottom of the screen fills up with that task's colonists. These colonists can then be either clicked or dragged onto other tasks. They can also be placed on the Satellite View.\"	
006ed1a6	PascalUnicode	u\"NNSBLDT\"	
006ed1b6	PascalUnicode	u\"Task Buttons\"	
006ed1d0	PascalUnicode	u\"What They Do\\n\\tLets You Change What Your Buildings Produce\"	
006ed244	PascalUnicode	u\"Right click a building to see its task buttons. Each button has a Dropzone where colonists may be placed upon or taken away, an Active area which displays the task's workers in the Labor Pool below, a Lock which prevents colonists from being added or removed from this task, and a Priority switch that makes all new colonists work on this task. Colonists may be clicked and dragged between all the building's task buttons.\"	
006ed592	PascalUnicode	u\"NNSBLDU\"	
006ed5a2	PascalUnicode	u\"Circular Queue\"	
006ed5c0	PascalUnicode	u\"What It Does\\n\\tLets You Continuously Build One or a Set of Units\"	
006ed640	PascalUnicode	u\"\\tCity Centers, Factories, Shipyards, Airports, and Missile Bases manufacture military units. You can set up a circular queue so that the building will keep making the same unit or units over and over again. Select the units you wish to build and then check circular queue in the Building Properties Box. When the building has finished manufacturing the unit or units, it will start the queue all over again.\"	
006ed970	PascalUnicode	u\"NNSBLDU\"	
006ed980	PascalUnicode	u\"Adding Colonists\"	
006ed9a2	PascalUnicode	u\"What It Does\\n\\tIncreases a Building's Production\"	
006eda02	PascalUnicode	u\"\\tAdding colonists to a building increases its production. For instance, if a farm has two colonists on it, the building may produce 6 food and 1 wood. If you add more colonists the building, you might increase production to 9 food and 2 wood.\"	
006edbe8	PascalUnicode	u\"NNSBLDV\"	
006edbf8	PascalUnicode	u\"Militia\"	
006edc08	PascalUnicode	u\"Technology Needed\\n\\tNone\\n\\nMade from a Settlement's Population\\n\\nSpecial Abilities\\n\\tNone\"	
006edcb4	PascalUnicode	u\"\\tYour colonists carry small laser pistols. When an invading army attempts to take over your territory, your colonists will help you fight off the invaders. A single Militia represents 100 armed colonists. If the Militia is killed the colonists are killed.\"	
006edeb4	PascalUnicode	u\"NNSMILD\"	
006edec4	PascalUnicode	u\"Colonizer\"	
006eded8	PascalUnicode	u\"Technology Needed\\n\\tNone for Basic Colonizer\\tLater Uses Proximity Detectors\\n\\nMade in a City Center\\n\\nSpecial Abilities\\n\\tBuild Settlement\\n\\tLay Mines\"	
006edffc	PascalUnicode	u\"\\tTerritories can only be settled by Colonizers. Start a settlement by moving your Colonizer onto a neutral territory. Right click your Colonizer in the Army Window to choose the Build Settlement mission. Next turn the settlement is yours. Once you develop Proximity Detector technology, your Colonizers will also have the Lay Mines mission.\"	
006ee2a6	PascalUnicode	u\"NNSMILB\"	
006ee2b6	PascalUnicode	u\"Sea Platform Builder\"	
006ee2e0	PascalUnicode	u\"Technology Needed\\n\\tAdvanced Structures\\n\\nMade in a Shipyard\\n\\nSpecial Abilities\\n\\tBuild Settlement\"	
006ee3a0	PascalUnicode	u\"\\tSea Platform Builders let colonists start settlements in coastal oceans. Start a settlement by moving your Sea Platform Builder into a neutral ocean territory. Right click on your Sea Platform Builder in the Army Window to choose the Build Settlement mission. Next turn your Sea Platform Builder will create a Sea Platform.\"	
006ee62c	PascalUnicode	u\"NNSMILB\"	
006ee63c	PascalUnicode	u\"Scout\"	
006ee648	PascalUnicode	u\"Technology Needed\\n\\tElectronics\\n\\nMade in a City Center\\n\\nSpecial Abilities\\n\\tSpy\\n\\tDisarm Mines\\n\\tSteal Technology\\n\\tSteal Resources (ChCh-t)\\n\\tSabotage Units (Maug)\\n\\tSubvert Morale (Re'Lu)\\n\\tPoison Land (Cyth)\"	
006ee7de	PascalUnicode	u\"\\tAlthough they are poor in combat, Scouts have several special missions only they can do. All Scouts can spy, steal technology, and disarm mines. Some races also have special missions that let Scouts steal resources, sabotage units, subvert morale, and poison land.\"	
006ee9f2	PascalUnicode	u\"NNSMILA\"	
006eea02	PascalUnicode	u\"Command Corps\"	
006eea1e	PascalUnicode	u\"Technology Needed\\n\\tElectronics\\n\\nMade in a City Center\\n\\nSpecial Abilities\\n\\tGives Ground Units an Attack Bonus\\n\\tMind Blast (Cyth)\\n\\tMind Control (Re'Lu)\\n\\tShaman Dance (Uva Mosk)\"	
006eeb7c	PascalUnicode	u\"\\tCommand Corps units give all artillery and infantry units in their territory a better chance to hit their targets. The Cyth Corps have a special Mind Blast attack. Re'Lu Corps Mind Control enemy units – forcing them to fight for the Re'Lu. Uva Mosk Corps create new resources in territories with their Shaman Dance mission.\"	
006eee06	PascalUnicode	u\"NNSMILC\"	
006eee16	PascalUnicode	u\"Laser Squad\"	
006eee2e	PascalUnicode	u\"Technology Needed\\n\\tNone\\n\\nMade in a Factory\\n\\nSpecial Abilities\\n\\tSpy (Uva Mosk)\\n\\tBerserk (Humans)\\n\\tJuggernaut (Tarth)\"	
006eef16	PascalUnicode	u\"\\tYou can build Laser Squads in any Factory. Human infantry may be ordered to go Berserk – which gives them a combat bonus but kills them after the battle. Tarth units can Juggernaut, letting them easily destroy enemy buildings. Uva Mosk infantry can Spy in a rival territory.\"	
006ef13e	PascalUnicode	u\"NNSMILD\"	
006ef14e	PascalUnicode	u\"SAM Trooper\"	
006ef166	PascalUnicode	u\"Technology Needed\\n\\tSurface-to-Air Missiles\\n\\nMade in a Factory\\n\\nSpecial Abilities\\n\\tCan Take Out Aircraft And Missiles\\n\\tSpy (Uva Mosk)\\n\\tBerserk (Humans)\\n\\tJuggernaut (Tarth)\"	
006ef2bc	PascalUnicode	u\"\\tSAM Troopers are equipped with missiles that attack both ground and air targets. Thus SAM Troopers can be used against artillery, infantry, airplanes, and missiles. The Humans, Uva Mosk, and Tarth SAM Troopers all have special combat abilities.\"	
006ef4a8	PascalUnicode	u\"NNSMILD\"	
006ef4b8	PascalUnicode	u\"Battle Trooper\"	
006ef4d6	PascalUnicode	u\"Technology Needed\\n\\tAnti-Matter Rifles\\n\\nMade in a Factory\\n\\nSpecial Abilities\\n\\tSpy (Uva Mosk)\\n\\tBerserk (Humans)\\n\\tJuggernaut (Tarth)\"	
006ef5da	PascalUnicode	u\"\\tBattle Troopers have strong defensive and offensive abilities. Once you have Anti-Matter Rifle technology, Battle Troopers are available in your factories. The Humans, Uva Mosk, and Tarth Battle Troopers all have special combat abilities.\"	
006ef7ba	PascalUnicode	u\"NNSMILD\"	
006ef7ca	PascalUnicode	u\"Assault Trooper\"	
006ef7ea	PascalUnicode	u\"Technology Needed\\n\\tAssault Armor\\n\\nMade in a Factory\\n\\nSpecial Abilities\\n\\tSpy (Uva Mosk)\\n\\tBerserk (Humans)\\n\\tJuggernaut (Tarth)\"	
006ef8e4	PascalUnicode	u\"\\tAssault Troopers are the strongest infantry unit you can put on the battlefield. Research Assault Armor to outfit these troops. The Human, Uva Mosk, and Tarth Assault Troopers all have special combat abilities.\"	
006efa8c	PascalUnicode	u\"NNSMILD\"	
006efa9c	PascalUnicode	u\"Medic\"	
006efaa8	PascalUnicode	u\"Technology Needed\\n\\tAdvanced Medicine\\n\\nMade in a City Center\\n\\nSpecial Abilities\\n\\tHeals Injured Ground Units\"	
006efb7e	PascalUnicode	u\"\\tMedics reduce damage to infantry units during combat. If a Medic dies during a battle, these advantages cease. You may build Medics in a City Center after you have researched Advanced Medicine.\"	
006efd04	PascalUnicode	u\"NNSMILJ\"	
006efd14	PascalUnicode	u\"Laser Tank\"	
006efd2a	PascalUnicode	u\"Technology Needed\\n\\tAdvanced Medicine\\n\\nMade in a Factory\\n\\nSpecial Abilities\\n\\tHeals Injured Ground Units\"	
006efdf8	PascalUnicode	u\"\\tFactories manufacture Laser Tanks. These tanks are armed with a large version of the laser rifle, shooting a penetrating beam that burns buildings and maims Laser Squads.\"	
006eff50	PascalUnicode	u\"NNSMILE\"	
006eff60	PascalUnicode	u\"Fusion Cannon\"	
006eff7c	PascalUnicode	u\"Technology Needed\\n\\tFusion Cannon\\n\\nMade in a Factory\\n\\nSpecial Abilities\\n\\tNone\"	
006f0016	PascalUnicode	u\"\\tResearch Fusion Cannon to manufacture these strong artillery units. They create a beam by fusing atoms together and projecting the resulting energy. Fusion Cannon are especially good at taking out Laser Defense installations.\"	
006f01dc	PascalUnicode	u\"NNSMILE\"	
006f01ec	PascalUnicode	u\"Amphibious Assault Vehicle\"	
006f0222	PascalUnicode	u\"Technology Needed\\n\\tFusion Cannon\\n\\nMade in a Shipyard\\n\\nSpecial Abilities\\n\\tMoves Over Both Ground and Water\"	
006f02f6	PascalUnicode	u\"\\tAn Amphibious Assault Vehicle (AAV) moves on land or water. They are about as powerful as a Fusion Cannon.\"	
006f03ce	PascalUnicode	u\"NNSMILE\"	
006f03de	PascalUnicode	u\"Disruptor Cannon\"	
006f0400	PascalUnicode	u\"Technology Needed\\n\\tDisruptor Beams\\n\\nMade in a Factory\\n\\nSpecial Abilities\\n\\tNone\"	
006f049e	PascalUnicode	u\"\\tMore effective than Fusion Cannon,  Disruptor Cannon fire an encased projectile of anti-matter. When this projectile impacts a target, the anti-matter is released. Any matter in its range instantly explodes. They are great for taking out Energy Defense installations.\"	
006f06b8	PascalUnicode	u\"NNSMILE\"	
006f06c8	PascalUnicode	u\"Holocaust Cannon\"	
006f06ea	PascalUnicode	u\"Technology Needed\\n\\tAnti-Matter Beams\\n\\nMade in a Factory\\n\\nSpecial Missions\\n\\tNone\"	
006f078a	PascalUnicode	u\"\\tThe most destructive mobile gun in the galaxy, the Holocaust Cannon releases a disintegrating anti-matter beam. Research Anti-Matter Beam technology to make these units in your factories. They destroy Anti-Matter Defense installations with ease.\"	
006f0978	PascalUnicode	u\"NNSMILE\"	
006f0988	PascalUnicode	u\"Turbo Wing Fighter\"	
006f09ae	PascalUnicode	u\"Technology Needed\\n\\tNone\\n\\nMade in an Airport\\n\\nSpecial Abilities\\n\\tGood at Destroying Other Air Units\"	
006f0a74	PascalUnicode	u\"\\tThese airplanes are armed with efficient air-to-air weapons systems, so they are also great defense against Starflare Bombers and Supernova Spyjets. They also can attack ground targets - but with less success.\"	
006f0c1a	PascalUnicode	u\"NNSMILH\"	
006f0c2a	PascalUnicode	u\"Starflare Bomber\"	
006f0c4c	PascalUnicode	u\"Technology Needed\\n\\tStarflare Bombs\\n\\nSpecial Abilities\\n\\tCan Fight Ships and Ground Units\"	
006f0cfc	PascalUnicode	u\"\\tResearch Starflare Bomb technology to make these powerful airplanes. These aircraft are devastating against stationary ground targets. Starflare Bombers get their name because they use bombs that explode with eye searing intensity.\"	
006f0ece	PascalUnicode	u\"NNSMILH\"	
006f0ede	PascalUnicode	u\"Air Command\"	
006f0ef6	PascalUnicode	u\"Technology Needed\\n\\tNone\\n\\nMade in Airports\\n\\nSpecial Abilities\\n\\tIncreases Air Unit Accuracy\\n\\tProvides Improved Visibility\\n\\tCan Detect Hidden Shrines\\n\\tCan Uncloak Hidden Units\"	
006f1050	PascalUnicode	u\"\\tAir Command units are an aerial center of command. They give all air units a combat bonus in a territory and can spy on surrounding territories. Due to their advanced scanning systems, they can detect Hidden Shrines from the air, and they can also perform the Uncloak Mission, allowing them to reveal an enemy's cloaked units.\"	
006f12e0	PascalUnicode	u\"NNSMILL\"	
006f12f0	PascalUnicode	u\"Supernova Spyjet\"	
006f1312	PascalUnicode	u\"Technology Needed\\n\\tCloaking\\n\\nMade in Airports\\n\\nSpecial Abilities\\n\\tExcellent Against Air and Ground Targets\\n\\tSpy Mission\"	
006f1402	PascalUnicode	u\"\\tCloaking technology gives you this incredible attack plane. Deadly against both air and ground targets, a Supernova Spyjet can also spy like a Scout. They are the most powerful air unit you can build.\"	
006f1598	PascalUnicode	u\"NNSMILH\"	
006f15a8	PascalUnicode	u\"Sea Transport\"	
006f15c4	PascalUnicode	u\"Technology Needed\\n\\tNone\\n\\nMade in Shipyards\\n\\nSpecial Abilities\\n\\tMoves Units Over Oceans\\n\\tCan Attack Ships and Airplanes\\n\\tLays Mines\"	
006f16ca	PascalUnicode	u\"\\tSea Transports haul up to three land units across ocean territories. Colonizers, Scouts, Command Corps, Infantry, and Artillery units may all be moved by these ships. Once Proximity Detector technology is researched, these units can be set to the Lay Mines mission. When set to this mission, the Sea Transport disbands, leaving behind several deadly underwater mines.\"	
006f19ac	PascalUnicode	u\"NNSMILF\"	
006f19bc	PascalUnicode	u\"Destroyer\"	
006f19d0	PascalUnicode	u\"Technology Needed\\n\\tUnderwater Tracking\\n\\nMade in Shipyards\\n\\nSpecial Abilities\\n\\tUnderwater Search\"	
006f1a90	PascalUnicode	u\"\\t Destroyers are excellent at taking out submarines, having double the chance to hit them, compared to any other naval unit. When given the Underwater Search mission they have a good chance of discovering hidden subs.\"	
006f1c44	PascalUnicode	u\"NNSMILM\"	
006f1c54	PascalUnicode	u\"Shockwave Dreadnought\"	
006f1c80	PascalUnicode	u\"Technology Needed\\n\\tShockwave Projectors\\n\\nMade in Shipyards\\n\\nSpecial Abilities\\n\\tCan Attack Ships and Airplanes\"	
006f1d5c	PascalUnicode	u\"\\tShockwave Dreadnoughts unleash a harsh sonic wave that shakes apart enemy ships, causing them to sink. The shockwave also shakes loose the wings on bombing aircraft. This is the most heavily armed ship you can build.\"	
006f1f10	PascalUnicode	u\"NNSMILF\"	
006f1f20	PascalUnicode	u\"Submarine\"	
006f1f34	PascalUnicode	u\"Technology Needed\\n\\tZero Friction Hulls\\n\\nMade in Shipyards\\n\\nSpecial Abilities\\n\\tSilent Running\\n\\tHunt\\n\\tDisarm Mines\"	
006f2016	PascalUnicode	u\"\\tZero Friction Hull technology lets you build Attack Submarines. These underwater vessels are excellent for spying. When set to the Hunt mission, they can ambush unsuspecting ship units. Attack Submarines are also good at finding hidden Undersea Shrines, and they are the only naval unit that can perform the Disarm Mines mission.\"	
006f22ac	PascalUnicode	u\"NNSMILN\"	
006f22bc	PascalUnicode	u\"Shockwave Carrier\"	
006f22e0	PascalUnicode	u\"Technology Needed\\n\\tIon Weapons\\n\\nMade in Shipyards\\n\\nSpecial Abilities\\n\\tAttacks Ships And Airplanes\\n\\tRefuels Friendly Airplanes\"	
006f23dc	PascalUnicode	u\"\\tThe Shockwave Carrier transports refuels airplanes. Any aircraft within range of a Shockwave Carrier will not crash at the end of a turn. These ships are a convenient way to increase the range of your air units.\"	
006f2586	PascalUnicode	u\"NNSMILF\"	
006f2596	PascalUnicode	u\"Flak Ship\"	
006f25aa	PascalUnicode	u\"Technology Needed\\n\\tFlak\\n\\nMade in Shipyards\\n\\nSpecial Abilities\\n\\tAttacks Airplanes and Missiles\"	
006f2666	PascalUnicode	u\"\\tThis specially designed ship is basically a floating defense system. Pairing this unit with a Sea Command will let you take out many air units.\"	
006f2788	PascalUnicode	u\"NNSMILO\"	
006f2798	PascalUnicode	u\"Sea Command\"	
006f27b0	PascalUnicode	u\"Technology Needed\\n\\tElectronics\\n\\nMade in Shipyards\\n\\nSpecial Abilities\\n\\tImproves Accuracy of Friendly Sea Units\\n\\tLocates Sea Shrines\"	
006f28b6	PascalUnicode	u\"\\tThese ships have impressive sensors that gather many details on a battle. Sea Command ships improve the targeting ability of all friendly sea units in the territory. The Sea Command also has a good probability of discovering any Undersea Shrines it passes over.\"	
006f2ac4	PascalUnicode	u\"NNSMILK\"	
006f2ad4	PascalUnicode	u\"Siege Cruiser\"	
006f2af0	PascalUnicode	u\"Technology Needed\\n\\tRocketry\\n\\nMade in Shipyards\\n\\nSpecial Abilities\\n\\attacks Coastal Land Territories\"	
006f2bb6	PascalUnicode	u\"\\tThese impressive ships bombard coastal territories. The missile it uses is not quite as powerful as a Scatterpack Warhead. However, since this sea unit is mobile, it can help you devastate territories that are out of your normal missile range.\"	
006f2da0	PascalUnicode	u\"NNSMILG\"	
006f2db0	PascalUnicode	u\"Scatterpack Warhead\"	
006f2dd8	PascalUnicode	u\"Technology Needed\\n\\tRocketry\\n\\nMade in a Missile Base\\n\\nSpecial Abilities\\n\\tAttacks at Long Range\"	
006f2e94	PascalUnicode	u\"\\tOnce a Missile Base is finished, you can build these warheads. They are excellent for softening up the defensive systems on a rival settlement.\"	
006f2fb6	PascalUnicode	u\"NNSMILH\"	
006f2fc6	PascalUnicode	u\"Groundbreaker Warhead\"	
006f2ff2	PascalUnicode	u\"Technology Needed\\n\\tIon Weapons\\n\\nMade in Missile Bases\\n\\nSpecial Abilities\\n\\tAttack Ships and Settlements at a Long Range\"	
006f30e0	PascalUnicode	u\"\\tOnce a Missile Base is finished, you can build these warheads. They are excellent for softening up the defensive systems on a rival settlement.\"	
006f3202	PascalUnicode	u\"NNSMILH\"	
006f3212	PascalUnicode	u\"Supernova Warhead\"	
006f3236	PascalUnicode	u\"Technology Needed\\n\\tAnti-Matter Beams\\n\\nMade in Missile Bases\\n\\nSpecial Abilities\\n\\tCan Attack Settlements At Long Range\"	
006f3320	PascalUnicode	u\"\\tThe most destructive weapon known in existence. Once Anti-Matter Beams are researched your missile bases can make Supernova Warheads - and your enemies had better beware!\"	
006f3478	PascalUnicode	u\"NNSMILH\"	
006f3488	PascalUnicode	u\"Minefield\"	
006f349c	PascalUnicode	u\"Technology Needed\\n\\tProximity Detectors\\n\\nMade by Colonizers and Sea Transports\\n\\nSpecial Abilities\\n\\tNone\"	
006f356a	PascalUnicode	u\"\\tMinefields are invisible defenses that can be placed in land or sea territories. These mines explode when approached by enemy armor, infantry, or ships units, causing catastrophic damage to these units. They are planted on land by Colonizers and planted at sea by Sea Transports. Researching Proximity Dectectors gives these units the lay mines mission.\"	
006f3830	PascalUnicode	u\"NNSMILI\"	
006f3840	PascalUnicode	u\"Unit Experience\"	
006f3860	PascalUnicode	u\"What Happens\\n\\tUnits get combat advantages as they gain experience\"	
006f38e4	PascalUnicode	u\"\\tIf a unit survives a battle, it gains combat experience. Experience can also be earned at a Military Training Center using the Train mission. More experienced units attack and defend themselves better. There are three levels of experience - green, veteran, and elite.\"	
006f3afe	PascalUnicode	u\"NNSMILP\"	
006f3b0e	PascalUnicode	u\"Attack Units Only\"	
006f3b32	PascalUnicode	u\"Order\\n\\nCan Be Given To\\n\\t All Units\\n\\nEffect\\n\\tOnly Attacks Other Units\"	
006f3bbc	PascalUnicode	u\"\\tWhen given this order, the unit only attacks enemy units and does not damage buildings. This is the starting default order for most units.\"	
006f3cd4	PascalUnicode	u\"NNSCOMA\"	
006f3ce4	PascalUnicode	u\"Attack All\"	
006f3cfa	PascalUnicode	u\"Order\\n\\nCan Be Given To\\n\\tAll Units\\n\\nEffect\\n\\tAttacks Nearest Target\"	
006f3d7e	PascalUnicode	u\"\\tThis order tells the unit to attack the nearest target - either a military unit or a building.\"	
006f3e3e	PascalUnicode	u\"NNSCOMB\"	
006f3e4e	PascalUnicode	u\"Attack Buildings\"	
006f3e70	PascalUnicode	u\"Order\\n\\nCan Be Given To\\n\\tAll Units\\n\\nEffect\\n\\tAttacks Buildings\"	
006f3eea	PascalUnicode	u\"\\tThis command orders the unit to destroy all buildings in a territory first. This lets you slow down your rival's development.\"	
006f3fe8	PascalUnicode	u\"NNSCOMC\"	
006f3ff8	PascalUnicode	u\"Combat Support\"	
006f4016	PascalUnicode	u\"Order\\n\\nCan Be Given To\\n\\tAll Units\\n\\nEffect\\n\\tUnit Stays Away From Heavy Combat\"	
006f40b0	PascalUnicode	u\"\\tUse this order to keep your command units and Medics out of a battle. This way they will not be destroyed and their special abilities will help out your main forces.\"	
006f41fe	PascalUnicode	u\"NNSCOMD\"	
006f420e	PascalUnicode	u\"Juggernaut\"	
006f4224	PascalUnicode	u\"Order\\n\\nCan Be Given To\\n\\tTarth Infantry Only\\n\\nEffect\\n\\tDestroys Buildings \"	
006f42b6	PascalUnicode	u\"\\tTarth infantry are especially good at destroying buildings. When they are given this order they ram into a building repeatedly until it falls down.\"	
006f43e0	PascalUnicode	u\"NNSCOME\"	
006f43f0	PascalUnicode	u\"Avoid Mines\"	
006f4408	PascalUnicode	u\"Order\\n\\nCan Be Given To\\n\\tAll Units Except Aircraft\\n\\nEffect\\n\\tCuts Combat Speed in Half\\n\\tReduces Chance Hitting Mines\"	
006f44ee	PascalUnicode	u\"\\tAny unit set to this mission dramatically reduces its chance being damaged by a mine. However a unit's combat speed is also cut in half.\"	
006f4602	PascalUnicode	u\"\"	
006f4604	PascalUnicode	u\"Disarm Mines\"	
006f461e	PascalUnicode	u\"Mission\\n\\nCan Be Given To\\n\\tSpies and Submarines\\n\\nEffect\\n\\tFinds and Eliminates Mines\"	
006f46c4	PascalUnicode	u\"\\tUnits given this mission will attempt to diffuse the mines in the assigned territory. This is carried out like any other Submarine or Scout mission, with a chance for success each turn. If successful, the whole minefield is disabled. Scouts and Submarines carry out this mission in their \\\"cloaked\\\" modes.  As a result, there are three different ways in which the mission may fail. The most common is that the unit does not disable the mine and nothing else occurs. The other two possibilities are that the unit will be discovered as a spy and eliminated or that the unit will accidentally detonate a mine and be destroyed.\"	
006f4ba4	PascalUnicode	u\"\"	
006f4ba6	PascalUnicode	u\"Retreat\"	
006f4bb6	PascalUnicode	u\"Order\\n\\nCan Be Given To\\n\\tAll Units\\n\\nEffect\\n\\tGets Units Off a Battlefield\"	
006f4c46	PascalUnicode	u\"\\tAll units, except Berserk and Mind Controlled units, may flee a battle. Set your unit to Retreat when a percentage of its defense points are gone. A unit with 4 defense points set to 50% retreat will flee a battle when it takes 2 points of damage.\"	
006f4e38	PascalUnicode	u\"NNSCOMY\"	
006f4e48	PascalUnicode	u\"No Mission\"	
006f4e5e	PascalUnicode	u\"Mission\\n\\nCan Be Given To\\n\\tAll Units\\n\\nEffect\\n\\tNeutral Mode \"	
006f4ed4	PascalUnicode	u\"\\tUnits given this command do no special mission.\"	
006f4f36	PascalUnicode	u\"NNSCOMF\"	
006f4f46	PascalUnicode	u\"Patrol\"	
006f4f54	PascalUnicode	u\"Mission\\n\\nCan Be Given To\\n\\tAll Units\\n\\nEffect\\n\\tCatches Spies\"	
006f4fca	PascalUnicode	u\"\\tPatrolling units detect spying Scouts - immediately destroying them. If a patrolling unit moves to another territory it cannot look for spies until the next turn. Patrolling units lower morale.\"	
006f5150	PascalUnicode	u\"NNSCOMG\"	
006f5160	PascalUnicode	u\"Spy\"	
006f5168	PascalUnicode	u\"Mission\\n\\nCan Be Given To\\n\\tScouts\\n\\tSpyjets\\n\\tUva Mosk Infantry\\n\\nEffect\\n\\tMakes The Territory Visible To You\"	
006f523a	PascalUnicode	u\"\\tScouts can slip across enemy borders to spy. Click and drag the unit into the rival territory. If the mission succeeds you can see into that territory next turn. Your spy could be caught if your rival has units set on the Patrol mission.\"	
006f5418	PascalUnicode	u\"NNSCOMH\"	
006f5428	PascalUnicode	u\"Transfer to...\"	
006f5446	PascalUnicode	u\"Mission\\n\\nCan Be Given To\\n\\tAll Units\\n\\nEffect\\n\\tGives Unit to Another Colony\"	
006f54da	PascalUnicode	u\"\\tThis mission lets you give the unit to another colony. Select the Transfer To... mission that has your ally's name on it. The next turn the unit become theirs.\"	
006f561c	PascalUnicode	u\"NNSCOMI\"	
006f562c	PascalUnicode	u\"Steal Technology\"	
006f564e	PascalUnicode	u\"Mission\\n\\nCan Be Given To\\n\\tScouts\\n\\nEffect\\n\\tTakes a Technology From Another Colony\"	
006f56f0	PascalUnicode	u\"\\tSend a Scout into an enemy colony with this dangerous mission and you might get a technology for free! Note that most Scouts are more easily caught doing this mission, however Maug Scouts have less chance of being captured.\"	
006f58b2	PascalUnicode	u\"NNSCOMJ\"	
006f58c2	PascalUnicode	u\"Repair\"	
006f58d0	PascalUnicode	u\"Mission\\n\\nCan Be Given To\\n\\tAll Units\\n\\nEffect\\n\\tFixes the Unit's Battle Damage\"	
006f5968	PascalUnicode	u\"\\tThis mission repairs all damage done to the unit. When a unit is set to Repair it cannot move or fight during that turn. The next turn it will be back to full strength.\"	
006f5abc	PascalUnicode	u\"NNSCOMK\"	
006f5acc	PascalUnicode	u\"Train\"	
006f5ad8	PascalUnicode	u\"Mission\\n\\nCan Be Given To\\n\\tAll Units\\n\\nEffect\\n\\tGives The Unit Combat Experience\"	
006f5b74	PascalUnicode	u\"\\tThis mission allows idle units to gain combat experience. The Training mission is only available to land and air units that are in a territory with a Military Training Center. Sea units may also train in these centers if they are in an nearby ocean territory. Units may be trained up to one point below elite status. Elite status can only be achieved on the battlefield.\"	
006f5e5c	PascalUnicode	u\"NNSCOML\"	
006f5e6c	PascalUnicode	u\"Silent Running\"	
006f5e8a	PascalUnicode	u\"Mission\\n\\nCan Be Given To\\n\\tAttack Submarines\\n\\nEffect\\n\\tGathers Information\"	
006f5f1c	PascalUnicode	u\"\\tSubmarines set on Silent Running are hidden from your opponents. They also avoid combat.\"	
006f5fd0	PascalUnicode	u\"NNSCOMM\"	
006f5fe0	PascalUnicode	u\"Hunt\"	
006f5fea	PascalUnicode	u\"Mission\\n\\nCan Be Given To\\n\\tAttack Submarines\\n\\tEffect\\n\\tSurprise attack\"	
006f6074	PascalUnicode	u\"\\tSubmarines set on Hunt prowl beneath the water's surface until they see an enemy unit. Then the sub surfaces and ambushes the unit.\"	
006f617e	PascalUnicode	u\"NNSCOMN\"	
006f618e	PascalUnicode	u\"Underwater Search\"	
006f61b2	PascalUnicode	u\"Mission\\n\\nCan Be Given To\\n\\tDestroyers\\n\\nEffect\\n\\tSearch And Destroy Enemy Subs\"	
006f624a	PascalUnicode	u\"\\tThis mission sets your Destroyer on submarine patrol, scanning the sea floor. When discovered, Attack Submarines are forced to the surface to fight.\"	
006f6376	PascalUnicode	u\"NNSCOMO\"	
006f6386	PascalUnicode	u\"Suppress Population\"	
006f63ae	PascalUnicode	u\"Mission\\n\\nCan Be Given To\\n\\tAll Units\\n\\nEffect\\n\\tForces Unhappy Colonists Back to Work\"	
006f6454	PascalUnicode	u\"\\tThis mission imposes martial law on a territory, forcing irate colonists back to work. This helps when you are taxing your colonists heavily. If a suppressing unit is moved to another territory, it cannot suppress until the next turn.\"	
006f662c	PascalUnicode	u\"NNSCOMP\"	
006f663c	PascalUnicode	u\"Subvert\"	
006f664c	PascalUnicode	u\"Mission\\n\\nCan Be Given To\\n\\tRe'Lu Scouts\\n\\nEffect\\n\\tLowers Morale in Territory\"	
006f66e2	PascalUnicode	u\"\\tOnly Re'Lu Scouts have this special mission. Using their telepathic powers, Re'Lu mentally manipulate colonists to rebel against their colony. Colonist morale is hurt each turn the subverting Scout is in that territory.\"	
006f689c	PascalUnicode	u\"NNSCOMQ\"	
006f68ac	PascalUnicode	u\"Mind Control\"	
006f68c6	PascalUnicode	u\"Special Ability\\n\\nPossessed By\\n\\tRe'Lu Command Corps\\n\\nEffect\\n\\tTakes Over Enemy Units During Combat\"	
006f6988	PascalUnicode	u\"\\tRe'Lu Command Corps units have this special innate power. During a battle there is a chance that an opposing unit will fall under the telepathic control of a Re'Lu Command Corps. This unit then turns against its colony and then fights for the Re'Lu - forever!\"	
006f6b92	PascalUnicode	u\"NNSCOMR\"	
006f6ba2	PascalUnicode	u\"Berzerk\"	
006f6bb2	PascalUnicode	u\"Order\\n\\nCan Be Given To\\n\\tHuman Infantry Units\\n\\nEffect\\n\\tIncreases Attack Strength\"	
006f6c52	PascalUnicode	u\"\\tOnly Human infantry units have this special attack. These troops inject themselves with a toxic adrenaline that gives them a huge attack bonus. However this adrenaline is fatal. All berserk units die after the battle.\"	
006f6e08	PascalUnicode	u\"NNSCOMS\"	
006f6e18	PascalUnicode	u\"Mind Blast\"	
006f6e2e	PascalUnicode	u\"Special Ability\\n\\nPossessed By\\n\\tCyth Command Corps\\n\\nEffect\\n\\tKills Enemy Units\"	
006f6ec8	PascalUnicode	u\"\\tOnly Cyth Command Corps units have this innate ability. By focusing a blast of psionic energy, they scramble the brains of whomever opposes them. These mind blasted units are quickly destroyed. Note that this is an ability, not a mission.\"	
006f70a8	PascalUnicode	u\"NNSCOMT\"	
006f70b8	PascalUnicode	u\"Sabotage\"	
006f70ca	PascalUnicode	u\"Mission\\n\\nCan Be Given To\\n\\tMaug Scouts\\n\\nEffect\\n\\tDestroys Artillery, Airplanes, and Missiles\"	
006f7180	PascalUnicode	u\"\\tMaug Scouts can quickly reprogram enemy artillery and aircraft computers, causing them to self-destruct. They can also manipulate missile guidance systems - forcing missiles to go off and target their own territories! If the territory has no units the Scout does damage to a building.\"	
006f73bc	PascalUnicode	u\"NNSCOMU\"	
006f73cc	PascalUnicode	u\"Steal Resources\"	
006f73ec	PascalUnicode	u\"Mission\\n\\nCan Be Given To\\n\\tChCh-t Scouts\\n\\nEffect\\n\\tSteals Resources From Enemy\"	
006f7486	PascalUnicode	u\"\\tChCh-t Scouts can sneak across enemy borders to steal resources. They find whatever resource is the most plentiful and then take all of it!\"	
006f75a0	PascalUnicode	u\"NNSCOMW\"	
006f75b0	PascalUnicode	u\"Poison Land\"	
006f75c8	PascalUnicode	u\"Mission\\n\\nCan Be Given To\\n\\tCyth Scouts\\n\\nEffect\\n\\tCauses Crop Plague\"	
006f764c	PascalUnicode	u\"\\tCyth Scouts set to this mission infect an enemy's land with a disease. This causes a crop plague that destroys half the food in that territory.\"	
006f776e	PascalUnicode	u\"NNSCOMV\"	
006f777e	PascalUnicode	u\"Shaman\"	
006f778c	PascalUnicode	u\"Mission\\n\\nPossessed By\\n\\tUva Mosk Command Corps Only\\n\\nEffect\\n\\tCreates Resource Bonus\"	
006f7832	PascalUnicode	u\"\\tThe Shaman mission gives Uva Mosk Command Corps units a chance to create a resource bonus square in a territory. They can create resource bonus squares for food, iron, endurium, and energy.\"	
006f79b0	PascalUnicode	u\"NNSCOMX\"	
006f79c0	PascalUnicode	u\"Lay Mines\"	
006f79d4	PascalUnicode	u\"Mission\\n\\nCan Be Given To\\n\\tColonizers\\n\\tSea Transports\\n\\nEffect\\n\\tCreates a Minefield\"	
006f7a78	PascalUnicode	u\"\\tOnce you have researched Proximity Detectors, Colonizers and Sea Transports can be set to create Minefields. Once the mines are laid, the unit is disbanded. Enemy units that then enter this territory have a high chance of being destroyed. Scouts and Submarines have a Disarm Mines mission, letting them dismantle minefields.\"	
006f7d04	PascalUnicode	u\"NNSCOMZ\"	
006f7d14	PascalUnicode	u\"AI Feelings\"	
006f7d2c	PascalUnicode	u\"What It Does\\n\\tChanges an AI Controlled Colony's Attitude Towards You\\n\\tHelps or Hinders Pact Creation\\n\\nWhen It Happens\\n\\tWhenever You Do Something to an AI Controlled Colony\"	
006f7e84	PascalUnicode	u\"\\tNon-player races keep track of their feelings towards you. Based your race's past history, they may like you or hate you at the beginning of a game. Any actions performed later which affect the computer controlled race will change their feelings towards you. The more they like you, the better your chances are of forging a pact. The less they like you, the higher the chance is that they start a war with you.\"	
006f81bc	PascalUnicode	u\"NNSGLOA\"	
006f81cc	PascalUnicode	u\"Creating Pacts\"	
006f81ea	PascalUnicode	u\"What It Does\\n\\tOffers Other Players to Join a Pact\\n\\nWhen It Happens\\n\\tUse the Pacts Button\"	
006f829c	PascalUnicode	u\"\\tThe Pacts button displays all the different treaties you can propose. You can also break existing pacts from this screen. Once a pact is proposed, the targeted player may accept or decline your offer.\"	
006f8430	PascalUnicode	u\"NNSGLOB\"	
006f8440	PascalUnicode	u\"Breaking Pacts\"	
006f845e	PascalUnicode	u\"What It Does\\n\\tBreaks An Existing Pact\\n\\nWhen It Happens\\n\\tUse the Pacts Button\"	
006f84f8	PascalUnicode	u\"\\tPacts can either be broken diplomatically or sneakily. Back-stabbing a pact member gives you a brief advantage, but creates an enemy. Announcing a break removes any chance of a surprise advantage. However, it does end the alliance on better terms.\"	
006f86ec	PascalUnicode	u\"NNSGLOC\"	
006f86fc	PascalUnicode	u\"Examining Pact Status\"	
006f8728	PascalUnicode	u\"What It Does\\n\\tShows All Existing Pacts\\n\\nWhen It Happens\\n\\tWhen You Use The Pacts Button\"	
006f87d6	PascalUnicode	u\"\\tEnter the Pacts screen to see what treaties have been made between which players. All pacts are shown by their type and their status. A pact's status will be one of these states - Proposed, Inactive, Active, Backstabbed, or Broken.\"	
006f89a8	PascalUnicode	u\"\"	
006f89aa	PascalUnicode	u\"Non-Aggression Pact\"	
006f89d2	PascalUnicode	u\"What It Does\\n\\tPrevents Members from Accidentally Fighting\"	
006f8a46	PascalUnicode	u\"\\tWhen you enter this pact, you are not allowed to enter a neutral territory at the same time your ally does. If this occurs, both forces are bounced back to their previous positions. You are also restricted from entering an ally's own territory. In both cases, you can move into the desired territory if you first break the Non-Aggression Pact.\"	
006f8cf8	PascalUnicode	u\"NNSGLOD\"	
006f8d08	PascalUnicode	u\"Military Pact\"	
006f8d24	PascalUnicode	u\"What It Does\\n\\tMembers May Travel Within Each Other's Territories\"	
006f8da6	PascalUnicode	u\"\\tThis pact lets you enter most territories owned by your ally. Only territories with City Centers cannot be occupied by you. Military Pact partners never attack one another when they are in the same territory. If both enter an enemy territory, they will fight together.\"	
006f8fc2	PascalUnicode	u\"NNSGLOE\"	
006f8fd2	PascalUnicode	u\"Technology Pact\"	
006f8ff2	PascalUnicode	u\"What It Does\\n\\tAllies Share Technology Development\"	
006f9056	PascalUnicode	u\"\\tPlayers jointly research technologies, sharing their discoveries with each other. A pact partner gains a new technology at the end of a turn. Colonies do not share any technologies that were researched before the pact was made. These allies also do not share discoveries made from other technology pacts.\"	
006f92bc	PascalUnicode	u\"NNSGLOF\"	
006f92cc	PascalUnicode	u\"Intelligence Pact\"	
006f92f0	PascalUnicode	u\"What It Does\\n\\tYou Can See All Your Ally Sees\"	
006f934a	PascalUnicode	u\"\\tAllies who agree to this pact can see everything the other colony sees. However, allies can not see what changes their ally is making during a turn. They must wait until the start of the next turn to see the new changes.\"	
006f9506	PascalUnicode	u\"NNSGLOG\"	
006f9516	PascalUnicode	u\"Victory Pact\"	
006f9530	PascalUnicode	u\"What It Does\\n\\tYou Share the Victory!\"	
006f957a	PascalUnicode	u\"\\tThis pact joins your two colonies together. You share the victory conditions and gain all the benefits from the Military, Technology, and Intelligence Pacts. Unlike a Military Pact, Victory Pact members can enter territories that have City Centers in them. If one victory pact member meets the victory conditions, they both win. Note that City Centers or captured Shrines do not add up between both players. Each ally must reach these victory conditions on their own. They still, however, share the victory.\"	
006f9974	PascalUnicode	u\"NNSGLOH\"	
006f9984	PascalUnicode	u\"Trade Between Colonies\"	
006f99b2	PascalUnicode	u\"How To Activate\\n\\tDrag and Drop Resources Between Territories\\n\\tUse the Trade Button\"	
006f9a58	PascalUnicode	u\"\\tStart a trade by clicking and dragging a resource to another colony. You can click and drag resources from either from the Planet View or the Resource Bar. Set the price and the amount of resources you wish to sell - then wait to find out if the colony accepts your deal or not.\"	
006f9c88	PascalUnicode	u\"NNSGLOI\"	
006f9c98	PascalUnicode	u\"Transfer Military Units\"	
006f9cc8	PascalUnicode	u\"How To Activate\\n\\tRight Click a Unit in the Army Window and Select the Transfer Mission\"	
006f9d76	PascalUnicode	u\"\\tEvery unit has several Transfer To... missions.  This lets you give the unit to another colony. Right click a unit in the Army Window to see its Unit Status screen. Select the race to whom you wish to give the unit. Next turn it will join that colony.\"	
006f9f70	PascalUnicode	u\"NNSGLOJ\"	
006f9f80	PascalUnicode	u\"Sending Messages\"	
006f9fa2	PascalUnicode	u\"How To Activate\\n\\tUse the Send Message Button\"	
006f9ffc	PascalUnicode	u\"\\tSend insults, brags, threats, complaints, compliments, and your own personal messages to your opponents. Click on the send message button. Choose from the available animated messages. You may also select custom to write your own. Remember, sending nasty messages to computer controlled opponents will make them mistrust you... so be careful what you say.\"	
006fa2c4	PascalUnicode	u\"NNSGLOK\"	
006fa2d4	PascalUnicode	u\"Plague\"	
006fa2e2	PascalUnicode	u\"Cause\\n\\tNatural Disaster\\n\\nEffect\\n\\tKills Colonists\"	
006fa344	PascalUnicode	u\"\\tA territory may become stricken with a plague, killing off significant numbers of a territory's population. The plague can spread to other territories by moving resources and colonists out of the afflicted settlement. Hospitals cure and prevent the outbreak of plagues.\"	
006fa562	PascalUnicode	u\"NNEVTSA\"	
006fa572	PascalUnicode	u\"Crop Plague\"	
006fa58a	PascalUnicode	u\"Cause\\n\\tNatural Disaster\\n\\nEffect\\n\\tReduces Food Production\"	
006fa5fc	PascalUnicode	u\"\\tOccasionally an unknown disease kills off your crops. Territories afflicted with a crop plague lose half of their food. Moving infected food to other parts of your colony might spread the crop plague to other territories.\"	
006fa7ba	PascalUnicode	u\"NNEVTSA\"	
006fa7ca	PascalUnicode	u\"Celebration\"	
006fa7e2	PascalUnicode	u\"Cause\\n\\tHigh Colonist Morale\\n\\nEffect\\n\\tGives You Money\"	
006fa84c	PascalUnicode	u\"\\tIf your colony's morale is high, your colonists may throw a large celebration in your honor! During this party they hold a special fund raising campaign, donating many credits to your treasury.\"	
006fa9d4	PascalUnicode	u\"NNEVTSA\"	
006fa9e4	PascalUnicode	u\"New Resources Discovered\"	
006faa16	PascalUnicode	u\"Cause\\n\\tChance Event\\n\\nEffect\\n\\tGives You Resource Bonus Square\"	
006faa90	PascalUnicode	u\"\\tOccasionally your colonists may discover a mother lode of iron or a fertile patch of soil they missed in their first scan. Place the appropriate building over the bonus square and send your production soaring!\"	
006fac36	PascalUnicode	u\"NNEVTSA\"	
006fac46	PascalUnicode	u\"Natives Join You\"	
006fac68	PascalUnicode	u\"Cause\\n\\tColonist Morale\\n\\nEffect\\n\\tAdds Colonists\"	
006facc6	PascalUnicode	u\"\\tOn many Shrine worlds, natives spend much of their time watching all the colonies. If your morale is high there is a strong chance that some natives will join your colony - adding to your population.\"	
006fae58	PascalUnicode	u\"NNEVTSA\"	
006fae68	PascalUnicode	u\"Earthquakes\"	
006fae80	PascalUnicode	u\"Cause\\n\\tNatural Disaster\\n\\tEffect\\n\\tKills Colonists\\n\\tDamages Buildings\"	
006faf08	PascalUnicode	u\"\\tAn earthquake may strike at any time, damaging buildings and killing colonists.\"	
006fafaa	PascalUnicode	u\"NNEVTSA\"	
006fafba	PascalUnicode	u\"Floods\"	
006fafc8	PascalUnicode	u\"Cause\\n\\tWeather Control Stations\\n\\nEffect\\n\\tKills Colonists\\n\\tDamages Buildings\"	
006fb060	PascalUnicode	u\"\\tWeather Control Stations can direct torrential rains down on enemy settlements. This causes flash floods, inflicting great damage.\"	
006fb168	PascalUnicode	u\"NNEVTSA\"	
006fb178	PascalUnicode	u\"Ion Storms\"	
006fb18e	PascalUnicode	u\"Cause\\n\\tNatural Disaster\\n\\nEffect\\n\\tDisrupts Orbital Surveillance Systems\"	
006fb21c	PascalUnicode	u\"\\tThe upper atmosphere is occasionally besieged by ion storms. These storms disrupt Orbital Surveillance System technology, causing these satellites to not work for a while. This makes it harder to see details in the Planet View.\"	
006fb3e6	PascalUnicode	u\"NNEVTSA\"	
006fb3f6	PascalUnicode	u\"Summoning the Skirineen\"	
006fb426	PascalUnicode	u\"How To Contact the Skirineen\\n\\tUse the Black Market Button\\n\\nWhat They Do\\n\\tBuy and Sell Resources\\n\\tSell Military Units, Resources, Information, and Technologies\"	
006fb564	PascalUnicode	u\"\\tThe Skirineen are despised by all races because of their past aggression during the Skirineen Conquest. When you contact the Skirineen they will not respond immediately -- sometimes not at all! They may reply to you as quickly as one turn or take as long as five turns. The Skirineen have their own schedule and you just may not be on it.\"	
006fb80c	PascalUnicode	u\"NNSSHAA\"	
006fb81c	PascalUnicode	u\"Negative Side Effects\"	
006fb848	PascalUnicode	u\"Risk Involved\\n\\tMorale Penalties\"	
006fb888	PascalUnicode	u\"\\tEven though your meetings with the Skirineen are done in secret, there is a chance that your colonists will discover your transgression. If your dealings are revealed, there will be a scandal in your colony – lowering morale. If you abuse your relationship with the Skirineen, this morale penalty will become much more severe.\"	
006fbb18	PascalUnicode	u\"NNSSHAA\"	
006fbb28	PascalUnicode	u\"Buying/Selling Resources\"	
006fbb5a	PascalUnicode	u\"Risk Involved - Low\\n\\tMorale Penalty If Caught - Minor\"	
006fbbc6	PascalUnicode	u\"\\tThe Skirineen have several resources you can purchase. If you are low on a resource consider buying it from them. They also pay a nice price for any resources you might want to sell. The chances of these transactions causing a scandal are low.\"	
006fbdb0	PascalUnicode	u\"NNSSHAA\"	
006fbdc0	PascalUnicode	u\"Buying Technology\"	
006fbde4	PascalUnicode	u\"Risk Involved - Medium\\n\\tMorale Penalty If Caught - Moderate\"	
006fbe5c	PascalUnicode	u\"\\tCatch up on a more advanced neighbor by buying a technology from the Skirineen. Note that sometimes the Skirineen might not have a technology to sell. There is a medium chance that your colonists will catch you buying technology from the Skirineen.\"	
006fc050	PascalUnicode	u\"NNSSHAA\"	
006fc060	PascalUnicode	u\"Buying Information\"	
006fc086	PascalUnicode	u\"Risk Involved - High\\n\\tMorale Penalty If Caught - Major\"	
006fc0f4	PascalUnicode	u\"\\tThe Skirineen have special surveillance satellites which let them see the entire planet. Pay their price and you can directly view a rival territory. This can be a very wise move when you are looking for shrines. Note that the chances of a scandal are high.\"	
006fc2fa	PascalUnicode	u\"NNSSHAA\"	
006fc30a	PascalUnicode	u\"Buying Military Units\"	
006fc336	PascalUnicode	u\"Risk Involved - High\\n\\tMorale Penalty If Caught - Severe\"	
006fc3a6	PascalUnicode	u\"\\tEach turn the Skirineen have different units available. Some may even be at a higher technology than what you can manufacture. This is a great way to even the odds in a lopsided battle. There is a high possibility that your colonists will find out though. If they do, a major scandal will erupt!\"	
006fc5f8	PascalUnicode	u\"NNSSHAA\"	
006fc608	PascalUnicode	u\"ChCh-t\"	
006fc616	PascalUnicode	u\"ADVANTAGES:\\n\\tColonists Grow Quickly\\n\\tChCh-t Housing Holds Double Colonists\\n\\tBuild Buildings at 120% Rate\\n\\tProduce All Units at 110% Rate\\n\\tUnits Move Faster\\n\\tScouts Steal Resources\\n\\nDISADVANTAGES:\\n\\tPoor Researchers\"	
006fc7c2	PascalUnicode	u\"\\tThe ChCh-t rapidly reproduce their population. Because of their hive mentality, more ChCh-t colonists can also live inside one Housing building. They have weak military units, but these units do move quickly in combat. They also manufacture infantry units extremely fast. Their Scouts can steal resources from other colonies.\"	
006fca50	PascalUnicode	u\"NNSRACA\"	
006fca60	PascalUnicode	u\"Cyth\"	
006fca6a	PascalUnicode	u\"ADVANTAGES:\\n\\tCyth Scouts Can Poison Land\\n\\tCyth Command Corps Have Mind Blast Ability\\n\\tMorale Rarely Changes\\n\\nDISADVANTAGES:\\n\\tPacts Difficult - Disliked by All Races\\n\\tCan Never Use Full Work Force\"	
006fcbf2	PascalUnicode	u\"\\tThe Cyth Command Corps has a special Mind Blast ability that mangles enemy units. Their Scouts can also Poison Land, which cuts a territory's food production in half. Cyth morale changes very little so Skirineen scandals do not hurt the Cyth population very much. Scandals do cause morale to drop - but rarely for longer than a turn.\"	
006fce90	PascalUnicode	u\"NNSRACB\"	
006fcea0	PascalUnicode	u\"Humans\"	
006fceae	PascalUnicode	u\"ADVANTAGES:\\n\\tHave 130% of the Normal Trade Income\\n\\tReceive More Taxes Than Other Races\\n\\tHave Reduced Transport Costs\\n\\tInfantry Have Berserk Battle Order\\n\\nDISADVANTAGES:\\n\\tMore Prone To Scandal\\n\\tCosts More To Maintain Large Military\"	
006fd07c	PascalUnicode	u\"\\tHumans are a trade-based culture who make a lot of money each turn. Their infantry also have a special Berserk order. Berserk infantry attack with a huge combat bonus; however the infantry unit is destroyed at the end of the battle. Humans are highly prone to Skirineen scandals. Human military units also cost more to maintain.\"	
006fd310	PascalUnicode	u\"NNSRACC\"	
006fd320	PascalUnicode	u\"Maug\"	
006fd32a	PascalUnicode	u\"ADVANTAGES:\\n\\tProduce Electronics And Military Units Faster\\n\\tScouts Sabotage Units and Steal Technologies\\n\\tResearch Faster\\n\\nDISADVANTAGES:\\n\\tColonists Rebel More Often\\n\\tWeaker Infantry Units\"	
006fd4a4	PascalUnicode	u\"\\tThe Maug develop technologies quickly. Maug Scouts are adept at stealing technologies and sabotaging enemy artillery, airplanes, warheads, and buildings. Due to their ill health the Maug military is relatively weak. However, their rapid production of military units lets them create a military force quickly.\"	
006fd710	PascalUnicode	u\"NNSRACD\"	
006fd720	PascalUnicode	u\"Re'Lu\"	
006fd72c	PascalUnicode	u\"ADVANTAGES:\\n\\tSee More in Planet View\\n\\tCommand Corps Have Mind Control Ability\\n\\tScouts Have Subvert Mission\\n\\nDISADVANTAGES:\\n\\tHave Weak Military Units\"	
006fd856	PascalUnicode	u\"\\tRe'Lu telepathy lets them see the entire Planet View without any Orbital Surveillance technology. Re'Lu Scouts have a special Subvert mission that hurts a territory's morale. Their Command Corps Mind Control enemy units, forcing them to fight for the Re'Lu. Any units captured this way fight until death for their new Re'Lu leaders.\"	
006fdaf4	PascalUnicode	u\"NNSRACE\"	
006fdb04	PascalUnicode	u\"Tarth\"	
006fdb10	PascalUnicode	u\"ADVANTAGES:\\n\\tHave Strongest Military in the Galaxy\\n\\tProduce Food Quickly\\n\\tInfantry Have Juggernaut Order\\n\\nDISADVANTAGES:\\n\\tTheir Ships Are Weak\\n\\tScouts Do Not Spy Well\"	
006fdc5e	PascalUnicode	u\"\\tThe Tarth have the strongest military known in the galaxy Their ground and air units have huge combat bonuses. Tarth infantry have a juggernaut order which destroys enemy buildings with ease. Their farmers also raise great quantities of food for their troops. Due to their immense size however, Tarth Scouts make poor spies. Tarth ships are not as strong as other races' fleets; they are often easily sunk.\"	
006fdf8e	PascalUnicode	u\"NNSRACF\"	
006fdf9e	PascalUnicode	u\"Uva Mosk\"	
006fdfb0	PascalUnicode	u\"ADVANTAGES:\\n\\tProduce More Natural Resources\\n\\tAll Infantry Units Can Spy\\n\\tCommand Corps Have Shaman Mission\\n\\tCan Maintain Large Military Forces With Lower Costs\\n\\tImproved Chance to Hit in Combat\\n\\nDISADVANTAGES:\\n\\tCollect Little In Taxes\"	
006fe186	PascalUnicode	u\"\\tThe Uva Mosk produce more natural resources than any other race. Since they are patriotic revolutionaries, their military units cost less to maintain each turn. Their expertise at guerrilla warfare lets them train their units to hit better; also all Uva Mosk infantry units may spy. Their Command Corps units have a special Shaman mission which creates bonus squares on their territories. Fiercely independent, Uva Mosk colonists pay little in taxes.\"	
006fe50e	PascalUnicode	u\"NNSRACG\"	
006fe51e	PascalUnicode	u\"Skirineen\"	
006fe532	PascalUnicode	u\"ADVANTAGES:\\n\\tRun Black Market\\n\\tBuy and Sell Resources\\n\\tSell Technologies,  Military Units, and Information\\n\\nDISADVANTAGES:\\n\\tDo Not Colonize\\n\\tCause Scandals In Colony\\n\\tAre Disliked By All - Even More That The Cyth!\"	
006fe6de	PascalUnicode	u\"\\tMistrusted by all because of their violent past, the Skirineen lurk threateningly on the fringe of galactic civilization. A small group of Skirineen are currently trailing all expeditions into the Dark Cloud. They are mainly buying and selling resources, but they also have technologies, information, and military units for sale.\"	
006fe974	PascalUnicode	u\"NNSRACH\"	
006fe984	PascalUnicode	u\"Tolnan\"	
006fe992	PascalUnicode	u\"ADVANTAGES:\\n\\tGives Information To You\\n\\nDISADVANTAGES:\\n\\tAlarmingly Small Gene Pool\"	
006fea36	PascalUnicode	u\"\\tBecause the Skirineen drove off or killed most of us Tolnans, we now travel with you into the Dark Cloud in the hope of finding survivors from our lost race. Since the signing of the Gallius IV Compact, we Tolnans have served as advisors to all colony leaders.\"	
006fec44	PascalUnicode	u\"NNSRACI\"	
006fec54	PascalUnicode	u\"Player Handicaps\"	
006fec76	PascalUnicode	u\"What They Do\\n\\tAllows a Player to Choose Gameplay Advantages or Disadvantages\"	
006fed10	PascalUnicode	u\"\\tAvailable on the race selection screen, this option lets you choose advantages or disadvantages for your colony. This balances multiplayer games between novice and advanced players. Areas which may be changed include military strength, starting resources, and resource production.\"	
006fef44	PascalUnicode	u\"\"	
006fef46	PascalUnicode	u\"Defensive Strategies\"	
006fef70	PascalUnicode	u\"Defend Early and Place Your Defense Forts Intelligently\"	
006fefe0	PascalUnicode	u\"\\t Build Laser Defense installations when you first land. This will protect you from an early surprise attack. As with any fort, building these in \\\"clumps\\\" lets them \\\"team up\\\" their attacks on invaders. Use mountain territories to your defensive advantage. In the mountains, you only need to defend two fronts against land attacks, since ground units can not attack from the \\\"mountainous side\\\" of a territory. This means you can stack your land defenses in those areas. Also, when mines are laid in mountain territories, they are only laid along the two open borders. This increases their concentration, making them twice as hard to avoid.\"	
006ff4de	PascalUnicode	u\"NNSSTRA\"	
006ff4ee	PascalUnicode	u\"Technology Tip\"	
006ff50c	PascalUnicode	u\"Do not Fall Behind in Technology\"	
006ff54e	PascalUnicode	u\"\\tBuild a University immediately. If your enemies get ahead in technology, they will not wait for you to catch up. Building multiple research centers, and upgrading them as soon as possible is a high priority. Also, form a technological strategy that compliments your game style. Keep in mind special world resource amounts when planning the order in which you research technologies. Food, for instance, may be more of an issue on some worlds, prompting you to research Synthetic Fertilizer before Fusion Cannon.\"	
006ff94e	PascalUnicode	u\"NNSSTRA\"	
006ff95e	PascalUnicode	u\"Construction Tips\"	
006ff982	PascalUnicode	u\"Build Territories that are as Self Sufficient as Possible.\"	
006ff9f8	PascalUnicode	u\"\\tTeam buildings together that make and use complimentary resources. For instance, build a Factory with a Surface Mine. You should also have each settlement make as many resources as possible. This cuts down on transportation costs. Always build structures on squares rich with a specific resource. Press the <Insert> key in the Territory View to find out what each square produces. You can also right click a single square to see its resource potential. Finally, remember that multiple factories in a territory will allow for faster production of units. Three factories will build units three times as fast as one factory would.\"	
006ffee4	PascalUnicode	u\"NNSSTRD\"	
006ffef4	PascalUnicode	u\"Attacking with Missiles\"	
006fff24	PascalUnicode	u\"Attack with Missiles First, Then Launch a Land Unit Attack.\"	
006fff9c	PascalUnicode	u\"\\tCombining a missile attack with a ground attack improves your chances to take over a territory. When you have Targeting Computers technology, you will be able to set your missiles to hit specific buildings. Missiles are also quite effective against sea units. Finally, a missile can be used as a rapid \\\"one-time-only\\\" scout, giving you a look at a territory that is currently out of range.\"	
007002aa	PascalUnicode	u\"NNSSTRC\"	
007002ba	PascalUnicode	u\"Population Strategies\"	
007002e6	PascalUnicode	u\"Build or Destroy Housing Depending on What You Need\"	
0070034e	PascalUnicode	u\"\\tConstruct Housing when you need more colonists and destroy these buildings when you need less colonists. Housing eventually increases your population, but overpopulated territories lose morale. You will never need more than four Luxury Housing buildings per territory, though the ChCh-t need only two of these buildings. Transport colonists into new territories as soon as you can.  Territories that are 50-75% full of colonists grow the fastest, giving you much in both taxes and labor. Note that when colonists are transferred from one territory to another, their morale remains the same. Moving unhappy colonists to a new territory will lower that territory's morale.\"	
0070088e	PascalUnicode	u\"NNSSTRE\"	
0070089e	PascalUnicode	u\"Food Production\"	
007008be	PascalUnicode	u\"Increase Your Food Supply\"	
007008f2	PascalUnicode	u\"\\tAlways increase your food supply. As your colonists and military units grow, they will need a lot of food. Food keeps their morale high. It is best to keep food in reserve just in case their is a crop plague in your colony. Try to build farms in every territory in order to avoid shipping costs.\"	
00700b44	PascalUnicode	u\"NNSSTRD\"	
00700b54	PascalUnicode	u\"Special Missions\"	
00700b76	PascalUnicode	u\"Use All the Special Missions, Battle Orders, and Abilities That You Have\"	
00700c08	PascalUnicode	u\"\\tMake full use of any Scout and Command Corps special abilities that your race may have. For instance Re'Lu Scouts can subvert a territory's morale. This ability could let the Re'Lu get ahead in production. Uva Mosk Command Corps can create resource bonuses, improving your production.  Also, don't forget about the \\\"Patrol\\\" mission, which boosts your units' chances of discovering spies.\"	
00700f14	PascalUnicode	u\"NNSSTRE\"	
00700f24	PascalUnicode	u\"Combat Tips\"	
00700f3c	PascalUnicode	u\"Many Units Complement Each Other\"	
00700f7e	PascalUnicode	u\"\\tSome units only show their true colors when they are paired with a complementary unit. Starflare Bombers, for instance, are devastating against ground forces, but they have problems defending against air attacks. Pairing them with Turbo Wing Fighters, which are excellent in air-to-air combat, but cannot attack ground forces well, gives you a truly ruthless team. Also, try pairing a Flak Ship with a Siege Cruiser. This lets you bombard your opponents with missiles while defending against their inevitable missile-retaliation. Experiment with different combinations of units in order to come up with effective combinations\"	
00701464	PascalUnicode	u\"\"	
00701466	PascalUnicode	u\"Energy Tip\"	
0070147c	PascalUnicode	u\"Increase Your Energy Supply\"	
007014b4	PascalUnicode	u\"\\tMany buildings need energy each turn or they shut down. More advanced buildings need more power, so your demand for energy will increase as you upgrade your settlement. Power plants built on cracked earth squares produce the most energy.\"	
00701692	PascalUnicode	u\"NNSSTRB\"	
007016a2	PascalUnicode	u\"Blockades\"	
007016b6	PascalUnicode	u\"Blockade Enemy Troops and Colonies\"	
007016fc	PascalUnicode	u\"\\tIsolating enemy troops from their colony weakens them as these units are cut off from their food supply. If a supply line is not set up again soon the military units eventually disband. If you cut off one enemy territory from another, these territories are unable to transport resources between themselves. This significantly slows down an enemy colony's production.\"	
007019dc	PascalUnicode	u\"NNSSTRE\"	
007019ec	PascalUnicode	u\"Main Interface\"	
00701a0a	PascalUnicode	u\"\"	
00701a0c	PascalUnicode	u\"\\tAll toolbar buttons either control some part of your colony or give you information. There are three ways to view your map - the Planet View, Territory View, and the Satellite View. \"	
00701b7c	PascalUnicode	u\"NNCATAA\"	
00701b8c	PascalUnicode	u\"Colony Assistant\"	
00701bae	PascalUnicode	u\"\"	
00701bb0	PascalUnicode	u\"\\tThe Colony Assistant lets you make changes to an entire territory from one screen. It groups all your buildings' separate tasks into a series of joined task buttons. The Colony Assistant is very helpful as your colony grows in size.\"	
00701d84	PascalUnicode	u\"NNCATAB\"	
00701d94	PascalUnicode	u\"Event Log\"	
00701da8	PascalUnicode	u\"\"	
00701daa	PascalUnicode	u\"\\tThe Event Log displays all new information on your colony. It automatically appears at the beginning of each turn. When you have not read an event it stays lit, when you have read an event it is darkened, and events that did not occur this turn are grayed-out.\"	
00701fb6	PascalUnicode	u\"NNCATAC\"	
00701fc6	PascalUnicode	u\"Unit Movement\"	
00701fe2	PascalUnicode	u\"\"	
00701fe4	PascalUnicode	u\"\\tYour units and colonists can be moved in several ways. Colonists can be moved between buildings or territories you own. Military units can move between most territories.\"	
0070213a	PascalUnicode	u\"NNCATAD\"	
0070214a	PascalUnicode	u\"Colony Upkeep\"	
00702166	PascalUnicode	u\"\"	
00702168	PascalUnicode	u\"\\tThese areas help or hurt your colony's growth. You must balance many things to keep your colonists happy while your increase resource production and manufacture military units. This is the key to maintaining a successful colony.\"	
00702334	PascalUnicode	u\"NNCATAE\"	
00702344	PascalUnicode	u\"Terrain Info\"	
0070235e	PascalUnicode	u\"\"	
00702360	PascalUnicode	u\"\\tDifferent terrain types help or hinder your resource production. Choosing the best place to construct your buildings and settlements is essential to making your colony thrive.\"	
007024c2	PascalUnicode	u\"NNCATAF\"	
007024d2	PascalUnicode	u\"Resources\"	
007024e6	PascalUnicode	u\"\"	
007024e8	PascalUnicode	u\"\\tFood, wood, iron, energy, and art objects can be produced without any special technologies. Steel, endurium, triidium, electronic parts, and anti-matter pods all require a specific technology in order to be made. Without enough resources, your colony can not survive. \"	
00702704	PascalUnicode	u\"NNCATAG\"	
00702714	PascalUnicode	u\"Technology\"	
0070272a	PascalUnicode	u\"\"	
0070272c	PascalUnicode	u\"\\tYou cannot develop technologies until you build a University. Technological breakthroughs are necessary to create advanced resources, buildings, and military units.\"	
00702878	PascalUnicode	u\"NNCATAH\"	
00702888	PascalUnicode	u\"Buildings\"	
0070289c	PascalUnicode	u\"\"	
0070289e	PascalUnicode	u\"\\tChoose which buildings you want to construct with the Build button in the Territory View. While you are in the Planet View, this button is grayed out. At first you can only make buildings which produce little, but as your technologies improve and your resources grow, you can construct better buildings.\"	
00702b00	PascalUnicode	u\"NNCATAI\"	
00702b10	PascalUnicode	u\"Military Units\"	
00702b2e	PascalUnicode	u\"\"	
00702b30	PascalUnicode	u\"\\tAll City Centers, Factories, Airports, Shipyards, and Missile Bases manufacture military units. When you first construct these buildings you may only make a few weak units. As these buildings advance, however, you can also make more powerful units. Use military units to expand and defend your colony.\"	
00702d8e	PascalUnicode	u\"NNCATAJ\"	
00702d9e	PascalUnicode	u\"Unit Orders and Missions\"	
00702dd0	PascalUnicode	u\"\"	
00702dd2	PascalUnicode	u\"\\tRight click on a unit on the Army Window and the Unit Orders box appears. You can give a unit both a battle order and a mission. A battle order tells the unit how to fight. A mission gives the unit an overall task to perform, such as spying or stealing technology. Some units also have special innate abilities.\"	
00703044	PascalUnicode	u\"NNCATAK\"	
00703054	PascalUnicode	u\"Diplomacy\"	
00703068	PascalUnicode	u\"\"	
0070306a	PascalUnicode	u\"\\tForm pacts with other races to improve your colony. By sending threatening messages to or trading with other colonies, these rivals could either become strong allies or bitter enemies.\"	
007031de	PascalUnicode	u\"NNCATAL\"	
007031ee	PascalUnicode	u\"Random Events\"	
0070320a	PascalUnicode	u\"\"	
0070320c	PascalUnicode	u\"\\tThese are some events the planet may throw your way. Some are good. Some are bad. All of them could change your strategy in a hurry.\"	
00703318	PascalUnicode	u\"NNCATAM\"	
00703328	PascalUnicode	u\"Black Market\"	
00703342	PascalUnicode	u\"\"	
00703344	PascalUnicode	u\"\\tThe Skirineen are always looking to close a deal with you. Though they cannot participate in the quest for the Xythra, they still secretly follow colony ships, selling resources, technologies, military units, and information to all who need it. Deal with the Skirineen and you risk a scandal. Be warned that though they may seem nice, their only concern is to further their own shadowy goals.\"	
00703658	PascalUnicode	u\"NNCATAN\"	
00703668	PascalUnicode	u\"Racial Abilities\"	
0070368a	PascalUnicode	u\"\"	
0070368c	PascalUnicode	u\"\\tEach race has special abilities and weaknesses. Find out more about yourself and your rivals to improve your strategy.\"	
0070377c	PascalUnicode	u\"NNCATAO\"	
0070378c	PascalUnicode	u\"Strategy Tips\"	
007037a8	PascalUnicode	u\"\"	
007037aa	PascalUnicode	u\"\\tThere are many strategies you can use to defeat your rivals. Your overall plan depends on whether you need to build City Centers, claim Shrines, or destroy rival colonies.\"	
00703904	PascalUnicode	u\"NNCATAP\"	
00703914	PascalUnicode	u\"On-Line Help System\"	
0070393c	PascalUnicode	u\"What It Does\\n\\tGives You Information\\n\\nHow to Get Help\\n\\nPress the Help Button\\n\\nWhen Visible\\n\\tMain Interface\\tMost Subscreens\"	
00703a30	PascalUnicode	u\"This button lets you contact me, Oolan. I offer my help to all colony leaders. If you click the Help button, it brings up all my information, letting you to search for a desired topic.\"	
00703ba4	PascalUnicode	u\"NNOPENA\"	
00703bb4	PascalUnicode	u\"NNOPENB\"	
00703bc4	PascalUnicode	u\"NNOPENC\"	
00703bd4	PascalUnicode	u\"NNOPEND\"	
00703be4	PascalUnicode	u\"NNOPENE\"	
00703bf4	PascalUnicode	u\"NNOPENF\"	
00703c04	PascalUnicode	u\"Sea Platform\"	
00703c1e	PascalUnicode	u\"Technology Needed\\n\\tAdvanced Structures\\n\\nWhat It Does\\n\\tAllows Buildings to Be Placed at Sea\"	
00703cd4	PascalUnicode	u\"\\tThe product of a Sea Platform Builder, this structure allows you to place buildings in coastal sea territories. When created, it is furnished with a Sea Hab to house colonists. In addition, Sea Platforms may host Kelp Farms, Torpedo Launchers, Tidal Vortex Generators, Weather Control Stations, Flak Launchers, Tech and Collective Tech Labs, all Shipyards, Tidal Energy Plants, and all missile complex buildings.\"	
00704010	PascalUnicode	u\"\"	
00704012	PascalUnicode	u\"Sea Hab\"	
00704022	PascalUnicode	u\"Technology Needed\\n\\tAdvanced Structures\\n\\nWhat It Does\\n\\tHouses a Sea Platform's Population\"	
007040d4	PascalUnicode	u\"\\tSea Habs may not be build separately. They are an integral part of a Sea Platform, housing and sustaining the structure's population. Sea Habs hold up to 15 colonists and support them with Housing, Trade, and Culture tasks. ChCh-t Sea Habs hold up to 20 colonists.\"	
007042e8	PascalUnicode	u\"\"	
007042ea	PascalUnicode	u\"Diplomacy Tip\"	
00704306	PascalUnicode	u\"Use Your Diplomatic Skills to either Befriend or Offend Other Races.\"	
00704390	PascalUnicode	u\"\\tThere are several ways in which you can influence another race's feelings towards you. First, you can use chats to either anger them (using Insult, Threat, and Brag), or make them like you (using Praise). Second, you can offer them pacts which, even if refused, can drive up other race's opinions of you. Third, you can trade with competing races. In so doing, you can make them like you more. Finally, and most significantly, you can gain a race's favor by attacking their enemies.\"	
00704758	PascalUnicode	u\"\"	
0070475a	PascalUnicode	u\"Production Tip\"	
00704778	PascalUnicode	u\"Use Your Colonists Efficiently. Don't Apply Too Much Labor for the Job.\"	
00704808	PascalUnicode	u\"\\tMake sure that you don't have any colonists performing unnecessary labor.  For instance, don't put four colonists on Build Units if just one will get the job done in the same amount of time.  Also, don't staff buildings that aren't needed.  Cloning Centers, for example, are only useful when you aren't at your maximum population.  If your colony is full of people, then make sure you aren't wasting colonist labor on Cloning Centers (you should probably also turn them off, in order to escape the energy drain and morale penalty they produce). \"	
00704c4e	PascalUnicode	u\"\"	
00704c50	PascalUnicode	u\"View Army Button\"	
00704c72	PascalUnicode	u\"When Visible\\n\\tMain Interface\\n\\nWhat It Does\\n\\tDisplays the Units Contained in the Selected Territory\"	
00704d38	PascalUnicode	u\"\\tAccessible in both the World and the Territory Views, this button accesses the Army Box, letting you view, move, and give orders to units. When you press it, all of the units in the selected territory are displayed, with none of them highlighted. You can move these units by selecting and dragging any of them to the Satellite View. This feature's greatest use is in the Territory View, where it is the only method of seeing and controlling your units.\"	
007050c4	PascalUnicode	u\"\"	
007050c6	PascalUnicode	u\"Unit Stacks\"	
007050de	PascalUnicode	u\"When Visible\\n\\tPlanet View\\n\\nWhat They Do\\n\\tRepresents a Collection of Units in a Territory\"	
00705190	PascalUnicode	u\"The Planet View displays your units in groups, called \\\"stacks\\\". The seven different stacks are: Armor, Infantry, Sea, Transports, Air, Missiles, and Special Units. The Armor stack represents all armored vehicles and the AAVs. The Infantry stack represents all troop units, like the Laser Squads and Assault Troopers. The Sea stack contains all sea units except for Transports, which have their own unique two-state icon. When a Transport stack has no units on it, the stack icon will show a picture of an empty ship. If any units are added to the stack, the icon will change to an occupied ship. The Air Stack represents all planes in a given territory, while the Missile stack represents all missiles. The Special stack holds all of the special-type units, such as Colonizers, Scouts, Command Corps, and Medics.\"	
007057ea	PascalUnicode	u\"\"	
007057ec	PascalUnicode	u\"\"	
007057ee	PascalUnicode	u\"\"	
007057f0	PascalUnicode	u\"\"	
007057f2	PascalUnicode	u\"Hive Imperius, I am a field drone, one of the horde.  What are your orders?\"	
0070588a	PascalUnicode	u\"Trouble's coming!\"	
007058ae	PascalUnicode	u\"Warning, Hive Imperius!  Warning!\"	
007058f2	PascalUnicode	u\"Be prepared for this.\"	
0070591e	PascalUnicode	u\"Just look!\"	
00705934	PascalUnicode	u\"Fortunes come, Hive keeper!\"	
0070596c	PascalUnicode	u\"Happiness.  Much happiness.\"	
007059a4	PascalUnicode	u\"You're mad.  I can tell.\"	
007059d6	PascalUnicode	u\"Oh-oh.  Look at this.\"	
00705a02	PascalUnicode	u\"Yes.  It's bad.\"	
00705a22	PascalUnicode	u\"Nice strategy, Hive Imperius.\"	
00705a5e	PascalUnicode	u\"Our soldiers march with glee!\"	
00705a9a	PascalUnicode	u\"Good planning, very good planning!\"	
00705ae0	PascalUnicode	u\"I won't tell anybody you caused this.\"	
00705b2c	PascalUnicode	u\"Oops!\"	
00705b38	PascalUnicode	u\"Why, Hive Imperius?  Why?\"	
00705b6c	PascalUnicode	u\"This just happened in the colony.\"	
00705bb0	PascalUnicode	u\"Some news!\"	
00705bc6	PascalUnicode	u\"I was just told this.\"	
00705bf2	PascalUnicode	u\"Our hive leads!\"	
00705c12	PascalUnicode	u\"Our colony equals theirs!\"	
00705c46	PascalUnicode	u\"We're behind!  Try something!\"	
00705c82	PascalUnicode	u\"This center is done.  We're catching up!\"	
00705cd4	PascalUnicode	u\"The Queen's blessings to you.\"	
00705d10	PascalUnicode	u\"Your horde is on alert!\"	
00705d40	PascalUnicode	u\"I'll report later!\"	
00705d66	PascalUnicode	u\"Wonder what's ahead for us.\"	
00705d9e	PascalUnicode	u\"We'll keep you posted!\"	
00705dcc	PascalUnicode	u\"We'll keep improving our position.\"	
00705e12	PascalUnicode	u\"So long for now.\"	
00705e34	PascalUnicode	u\"My watch continues!\"	
00705e5c	PascalUnicode	u\"Let's push on.\"	
00705e7a	PascalUnicode	u\"There's much ahead.\"	
00705ea2	PascalUnicode	u\"Keep up your efforts.\"	
00705ece	PascalUnicode	u\"The drones will be busy.\"	
00705f00	PascalUnicode	u\"Yes?\"	
00705f0a	PascalUnicode	u\"Welcome, Hive Imperius!\"	
00705f3a	PascalUnicode	u\"Hello?\"	
00705f48	PascalUnicode	u\"That's a good change.\"	
00705f74	PascalUnicode	u\"Sure, we'll do that.\"	
00705f9e	PascalUnicode	u\"That's what you want, so that's what we'll do.\"	
00705ffc	PascalUnicode	u\"We'll keep studying!\"	
00706026	PascalUnicode	u\"So long!\"	
00706038	PascalUnicode	u\"We'll finish as soon as we can.\"	
00706078	PascalUnicode	u\"We better get started.\"	
007060a6	PascalUnicode	u\"That's a strong move!\"	
007060d2	PascalUnicode	u\"A great subject, Hive Imperius.\"	
00706114	PascalUnicode	u\"The research is finished!\"	
00706148	PascalUnicode	u\"We are done with this.\"	
00706176	PascalUnicode	u\"It is ready!\"	
00706190	PascalUnicode	u\"What now?\"	
007061a4	PascalUnicode	u\"Give us your next choice.\"	
007061d8	PascalUnicode	u\"How can we help your plans?\"	
00706210	PascalUnicode	u\"Skirineen commandos are landing!  Help us!\"	
00706266	PascalUnicode	u\"Hive Imperius, Skirineen commandos are landing!\"	
007062c6	PascalUnicode	u\"Little damage.  Hardly a problem.\"	
0070630a	PascalUnicode	u\"Much was ruined Hive Imperius.\"	
00706348	PascalUnicode	u\"Hive Imperius.  This hurt.\"	
0070637e	PascalUnicode	u\"Only weak sloth hire Skirineen filth.   Harsh justice now lands heavy... ON YOU!\"	
00706420	PascalUnicode	u\"Our hordes have overrun you.  Give up now!\"	
00706476	PascalUnicode	u\"You are conquered!  Glory to the Queen!\"	
007064c6	PascalUnicode	u\"Unwise.  We will trample you.\"	
00706502	PascalUnicode	u\"We've marched over the enemy.  They will leave their hives!\"	
0070657c	PascalUnicode	u\"Our horde has driven them away!\"	
007065bc	PascalUnicode	u\"Hive Imperius!  They still won't leave!\"	
0070660c	PascalUnicode	u\"Good-bye Chcht!  Good-bye!\"	
00706642	PascalUnicode	u\"All Humans are leaving!\"	
00706672	PascalUnicode	u\"All the Maug are gone.\"	
007066a0	PascalUnicode	u\"Say farewell to the Tarth!\"	
007066d6	PascalUnicode	u\"The Re'Lu flee!\"	
007066f6	PascalUnicode	u\"The Uva Mosk are taking off!\"	
00706730	PascalUnicode	u\"We must leave, Hive Imperius.  Another planet calls our hive!\"	
007067ac	PascalUnicode	u\"Their colony's finished, so close up the Hive.  A new world will be our home.\"	
00706848	PascalUnicode	u\"You've won Hive Imperius!  Let's call back the horde.  We'll need a new home soon.  The Queen hopes you'll lead us again.\"	
0070693c	PascalUnicode	u\"YOU SHOULD NEVER SEE THIS MESSAGE.\"	
00706982	PascalUnicode	u\"Oh-oh, you're making plans.  Now we're scared.\"	
007069e0	PascalUnicode	u\"You are no trouble.\"	
00706a08	PascalUnicode	u\"Do you really think you'll surpass us?  Hah!\"	
00706a62	PascalUnicode	u\"THPBPBPBPBT!\"	
00706a7c	PascalUnicode	u\"Skirineen have better insight.\"	
00706aba	PascalUnicode	u\"Many are the ChCh-t!  Very few are you.\"	
00706b0a	PascalUnicode	u\"You call that a colony?  Ha!\"	
00706b44	PascalUnicode	u\"We can't wait to see your next mistake.\"	
00706b94	PascalUnicode	u\"Our drones outproduce you!\"	
00706bca	PascalUnicode	u\"Your colonists are slugs.\"	
00706bfe	PascalUnicode	u\"You build so slowly.\"	
00706c28	PascalUnicode	u\"Such a tiny, tiny colony.\"	
00706c5c	PascalUnicode	u\"That opposable thumb makes you weak.\"	
00706ca6	PascalUnicode	u\"Those territories are yours?\"	
00706ce0	PascalUnicode	u\"Lazy!\"	
00706cec	PascalUnicode	u\"You... mammal!\"	
00706d0a	PascalUnicode	u\"Raising taxes won't even help you.\"	
00706d50	PascalUnicode	u\"You waste our time.\"	
00706d78	PascalUnicode	u\"You selfish planet grabbing empire building freak!\"	
00706dde	PascalUnicode	u\"We see you're having a hard time.  Aren't you?\"	
00706e3c	PascalUnicode	u\"You will feel our sting.\"	
00706e6e	PascalUnicode	u\"We'll weave you inside our cocoon!\"	
00706eb4	PascalUnicode	u\"When my claws squeeze, your throat will crack!\"	
00706f12	PascalUnicode	u\"We can slow down your progress.\"	
00706f52	PascalUnicode	u\"Any harm done to ChCh-t regions will be bad for you.\"	
00706fbc	PascalUnicode	u\"We have hordes.  And our hordes need your land.\"	
0070701c	PascalUnicode	u\"Hire the Skirineen, and we promise trouble.\"	
00707074	PascalUnicode	u\"Provoke us and we'll march all over you.\"	
007070c6	PascalUnicode	u\"YOU WILL LOSE!\"	
007070e4	PascalUnicode	u\"We will not forget any of your threats.\"	
00707134	PascalUnicode	u\"Relentless are Chch-t feet!\"	
0070716c	PascalUnicode	u\"We'll keep you way behind us.\"	
007071a8	PascalUnicode	u\"No more will we hold back our power.\"	
007071f2	PascalUnicode	u\"Time is wasting.  So leave now.\"	
00707232	PascalUnicode	u\"\"	
00707234	PascalUnicode	u\"The Skirineen would enjoy your farms.\"	
00707280	PascalUnicode	u\"Be careful.  We're watching your progress.\"	
007072d6	PascalUnicode	u\"My hordes are targeting your colony.\"	
00707320	PascalUnicode	u\"Do not anger us.\"	
00707342	PascalUnicode	u\"We'll jump on your head.  Twice.\"	
00707384	PascalUnicode	u\"Hurry up and lose.\"	
007073aa	PascalUnicode	u\"\"	
007073ac	PascalUnicode	u\"You can't compete with us.\"	
007073e2	PascalUnicode	u\"Our infantry will march through your colony.\"	
0070743c	PascalUnicode	u\"This world will be ours!\"	
0070746e	PascalUnicode	u\"The ChCh-t reign supreme!\"	
007074a2	PascalUnicode	u\"You should give everything to the ChCh-t!\"	
007074f6	PascalUnicode	u\"Two more soldiers and we'll have a swarm.\"	
0070754a	PascalUnicode	u\"ChCh-t factories never stop!\"	
00707584	PascalUnicode	u\"Our hives amass much.  Much of everything.\"	
007075da	PascalUnicode	u\"We can soon take this world.\"	
00707614	PascalUnicode	u\"Our claws have a strong hold on this planet.\"	
00707670	PascalUnicode	u\"ChCh-t research is making fast discoveries.\"	
007076c8	PascalUnicode	u\"Look at our colony.  You'll tremble!\"	
00707712	PascalUnicode	u\"We ChCh-t are near victory!\"	
0070774a	PascalUnicode	u\"Seventeen times seven times seven and a half, new ChCh-t every month.\"	
007077d6	PascalUnicode	u\"Defeat is yours.\"	
007077f8	PascalUnicode	u\"Clamor and weep.  We grow fierce.\"	
0070783c	PascalUnicode	u\"Only we can win.\"	
0070785e	PascalUnicode	u\"Our energy builds.\"	
00707884	PascalUnicode	u\"Praise the Queen!  Our settlement is full of colonists.\"	
007078f4	PascalUnicode	u\"We have an exoskeleton.  You have skin.\"	
00707944	PascalUnicode	u\"This world will be ours!\"	
00707976	PascalUnicode	u\"This competition is unfair!  Unfair!\"	
007079c0	PascalUnicode	u\"Our population is too small.\"	
007079fa	PascalUnicode	u\"AARGH!\"	
00707a08	PascalUnicode	u\"We just want to build a few hives.  Is that too much to hope for?\"	
00707a8c	PascalUnicode	u\"Let us stay quietly.  We just want to watch.\"	
00707ae8	PascalUnicode	u\"The hardships you've made for us.  Oh!\"	
00707b36	PascalUnicode	u\"Great you are.  So you should help us, the weak.  Please?\"	
00707baa	PascalUnicode	u\"None of our plans work!\"	
00707bda	PascalUnicode	u\"Trouble loves us.\"	
00707bfe	PascalUnicode	u\"Our production is slow.\"	
00707c2e	PascalUnicode	u\"The ChCh-t colony has so much wrong with it.\"	
00707c88	PascalUnicode	u\"Please let us keep this planet!\"	
00707cc8	PascalUnicode	u\"The ChCh-t strategy is near hopeless now.\"	
00707d1c	PascalUnicode	u\"Everyone else is doing better.\"	
00707d5a	PascalUnicode	u\"Why can't our drones make more goods!\"	
00707da6	PascalUnicode	u\"We're losing.\"	
00707dc2	PascalUnicode	u\"Don't hurt us anymore.\"	
00707df0	PascalUnicode	u\"Ooooh....\"	
00707e04	PascalUnicode	u\"We like our colony so... leave it be.\"	
00707e50	PascalUnicode	u\"It gets worse and worse!\"	
00707e82	PascalUnicode	u\"\"	
00707e84	PascalUnicode	u\"Some words for you!\"	
00707eac	PascalUnicode	u\"Here, read this!\"	
00707ece	PascalUnicode	u\"A secret from the Hive Imperius.\"	
00707f10	PascalUnicode	u\"A message arrives from the ChCh-t!\"	
00707f56	PascalUnicode	u\"Dark greetings to you, Veil Lord.  I and my aides are here to assist you.  We await your bidding.\"	
0070801a	PascalUnicode	u\"I must disturb your meditation.\"	
0070805a	PascalUnicode	u\"A complication has arisen.\"	
00708090	PascalUnicode	u\"This could soften our dominance.\"	
007080d2	PascalUnicode	u\"The unforeseen has enhanced our colony.\"	
00708122	PascalUnicode	u\"May this event please even you.\"	
00708162	PascalUnicode	u\"Ah.  A welcome surprise.\"	
00708194	PascalUnicode	u\"Veil Lord, bedlam now reigns over us..\"	
007081e2	PascalUnicode	u\"There has been tragedy.\"	
00708212	PascalUnicode	u\"Our colony suffers from misfortune.\"	
0070825a	PascalUnicode	u\"Veil Lord, your predictions are validated.\"	
007082b0	PascalUnicode	u\"Your strategy advances the colony.\"	
007082f8	PascalUnicode	u\"Progress has gone according to your design.\"	
00708350	PascalUnicode	u\"Veil Lord, we show weakness.\"	
0070838a	PascalUnicode	u\"The minions grumble.\"	
007083b4	PascalUnicode	u\"These decisions appear feebleminded.\"	
007083fe	PascalUnicode	u\"There has been a change.\"	
00708430	PascalUnicode	u\"Here is information which may be of use.\"	
00708482	PascalUnicode	u\"I'm afraid I must interrupt you.\"	
007084c4	PascalUnicode	u\"We dominate this world.\"	
007084f4	PascalUnicode	u\"Our colony is on the same level as theirs\"	
00708548	PascalUnicode	u\"You must stop them!\"	
00708570	PascalUnicode	u\"Progress achieved.  This center closes the gap.\"	
007085d0	PascalUnicode	u\"We shall keep transforming this planet.\"	
00708620	PascalUnicode	u\"Guide our destiny.\"	
00708646	PascalUnicode	u\"Much is ahead to pursue.\"	
00708678	PascalUnicode	u\"Until my next report.\"	
007086a4	PascalUnicode	u\"We will call again.\"	
007086cc	PascalUnicode	u\"Your command is supreme.\"	
007086fe	PascalUnicode	u\"Show us your wishes.\"	
00708728	PascalUnicode	u\"Our thoughts are yours.\"	
00708758	PascalUnicode	u\"Until later, Dark One.\"	
00708786	PascalUnicode	u\"Let your aura give wisdom.\"	
007087bc	PascalUnicode	u\"Reason well, Dark One.\"	
007087ea	PascalUnicode	u\"We share your dreams.\"	
00708816	PascalUnicode	u\"I've been expecting you.\"	
00708848	PascalUnicode	u\"You visit, my Lord!\"	
00708870	PascalUnicode	u\"Veil Lord...  You call.\"	
007088a0	PascalUnicode	u\"We shall start over immediately.\"	
007088e2	PascalUnicode	u\"A wise change.\"	
00708900	PascalUnicode	u\"Our minds shall refocus....\"	
00708938	PascalUnicode	u\"It will get done.\"	
0070895c	PascalUnicode	u\"Until you reappear....\"	
0070898a	PascalUnicode	u\"I predict we'll finish soon.\"	
007089c4	PascalUnicode	u\"Yes, dark one.\"	
007089e2	PascalUnicode	u\"Then... we begin....\"	
00708a0c	PascalUnicode	u\"Ah...  Perfect....\"	
00708a32	PascalUnicode	u\"New technology is in our control!\"	
00708a76	PascalUnicode	u\"Veil Lord, here is a new toy.\"	
00708ab2	PascalUnicode	u\"We have finished this machine....\"	
00708af6	PascalUnicode	u\"Make known your next plan.\"	
00708b2c	PascalUnicode	u\"What should we investigate?\"	
00708b64	PascalUnicode	u\"Your aura suggests you'll soon make a decision.\"	
00708bc4	PascalUnicode	u\"Skirineen trespass our colony.  Come, join in their destruction.\"	
00708c46	PascalUnicode	u\"Skirineen trespass our colony, Veil Lord.\"	
00708c9a	PascalUnicode	u\"Repairs should not take long.\"	
00708cd6	PascalUnicode	u\"This could soften our dominance.\"	
00708d18	PascalUnicode	u\"Veil Lord, we have a severe problem.\"	
00708d62	PascalUnicode	u\"Many injustices have harmed us throughout these galactic times.   Here is another example.  The Skirineen were brought against our colony by them!\"	
00708e88	PascalUnicode	u\"Your forces are decimated.  Now my toothless prey, surrender... surrender to the Cyth!\"	
00708f38	PascalUnicode	u\"This is a sad farewell.  We had such unique plans for you.\"	
00708fae	PascalUnicode	u\"Then prepare to become my unwilling experiment.\"	
0070900e	PascalUnicode	u\"They are nearly eliminated.  We await their submission.\"	
0070907e	PascalUnicode	u\"All remaining resistance has been neutralized.\"	
007090dc	PascalUnicode	u\"They continue their pathetic struggle.  Destroy them soon.\"	
00709152	PascalUnicode	u\"The ChCh-t threat has been eliminated.\"	
007091a0	PascalUnicode	u\"There are no more Humans... here, Veil Lord.\"	
007091fa	PascalUnicode	u\"The Maug are vanquished.\"	
0070922c	PascalUnicode	u\"The Re'Lu are no longer a problem.\"	
00709272	PascalUnicode	u\"The Tarth have fled.\"	
0070929c	PascalUnicode	u\"The Uva Mosk are deserting the planet.\"	
007092ea	PascalUnicode	u\"Build up your powers, Veil Lord.  Other planets exist for us....\"	
0070936c	PascalUnicode	u\"These vile beings have completed their colony, it is over.  But someday we shall get revenge!\"	
00709428	PascalUnicode	u\"The planet is taken.  Let us prepare the atmosphere.  I hope, Veil Lord, that you are hungry for the next world....\"	
00709510	PascalUnicode	u\"YOU SHOULD NEVER SEE THIS MESSAGE.\"	
00709556	PascalUnicode	u\"Your mind has primitive neurons.\"	
00709598	PascalUnicode	u\"We do not concern ourselves with the insignificant.\"	
00709600	PascalUnicode	u\"Defeat is your only true ambition.\"	
00709646	PascalUnicode	u\"Twist your muscles all day.  It's all you possess of any significance.\"	
007096d4	PascalUnicode	u\"You overestimate your physical being.\"	
00709720	PascalUnicode	u\"Nothing can come from a colony run by incompetence.\"	
00709788	PascalUnicode	u\"There is not a need for your victory.\"	
007097d4	PascalUnicode	u\"Analyze your chances.  Then be depressed.\"	
00709828	PascalUnicode	u\"You are not worthy of your medulla oblongata.  Let us have it.\"	
007098a6	PascalUnicode	u\"How trivial your colony is.\"	
007098de	PascalUnicode	u\"Those territories shall be your ruin.\"	
0070992a	PascalUnicode	u\"Your technology only makes you more laughable.\"	
00709988	PascalUnicode	u\"The Cyth do not fear you.\"	
007099bc	PascalUnicode	u\"Your military is no match for our minds.\"	
00709a0e	PascalUnicode	u\"Your growth is of little consequence.\"	
00709a5a	PascalUnicode	u\"An economy like yours means disaster.\"	
00709aa6	PascalUnicode	u\"How inept you are.\"	
00709acc	PascalUnicode	u\"Gauge yourself by us.  Then you'll clearly understand your failure.\"	
00709b54	PascalUnicode	u\"What part of your body do you think with, anyway?\"	
00709bb8	PascalUnicode	u\"Your machines break down as often as your plans.\"	
00709c1a	PascalUnicode	u\"Prepare for the lowest doom.\"	
00709c54	PascalUnicode	u\"We stop toying with you.  Now we come for real.\"	
00709cb4	PascalUnicode	u\"Ha, ha, ha, ha....\"	
00709cda	PascalUnicode	u\"Abandon all hope.  Embrace hopelessness....\"	
00709d32	PascalUnicode	u\"You will fade away....\"	
00709d60	PascalUnicode	u\"Dread us.\"	
00709d74	PascalUnicode	u\"The Cyth will lift all your worries.\"	
00709dbe	PascalUnicode	u\"Say farewell to this planet.\"	
00709df8	PascalUnicode	u\"There is a black sun looming over your dying horizon.\"	
00709e64	PascalUnicode	u\"My fingers will squeeze your failing colony.\"	
00709ebe	PascalUnicode	u\"Your end will arrive.  Be ready.\"	
00709f00	PascalUnicode	u\"Please, oh please, come into my territories.  You may be... my guest.\"	
00709f8c	PascalUnicode	u\"The Cyth reach is far.\"	
00709fbc	PascalUnicode	u\"We have exactly numbered your remaining days.\"	
0070a018	PascalUnicode	u\"The time is soon right for you to writhe in misery.\"	
0070a080	PascalUnicode	u\"We shall eliminate you.\"	
0070a0b0	PascalUnicode	u\"Prepare for our judgment.\"	
0070a0e4	PascalUnicode	u\"Concede.  Or we'll bathe you in the ashes of your colony.\"	
0070a158	PascalUnicode	u\"From now on you need to believe only in your defeat.\"	
0070a1c2	PascalUnicode	u\"Shelter from our oncoming storm is denied you!\"	
0070a220	PascalUnicode	u\"The buildings you own will be eliminated.\"	
0070a274	PascalUnicode	u\"This is our ultimatum.  Leave.\"	
0070a2b2	PascalUnicode	u\"We, the interdimensional, claim this world.\"	
0070a30a	PascalUnicode	u\"This world anticipates our embrace.\"	
0070a352	PascalUnicode	u\"There can be only one colony remaining.  And that one is the Cyth.\"	
0070a3d8	PascalUnicode	u\"Someday you will clean my tubes.\"	
0070a41a	PascalUnicode	u\"Do you not believe your destiny of defeat?\"	
0070a470	PascalUnicode	u\"The Cyth make worlds happy.\"	
0070a4a8	PascalUnicode	u\"We are beyond your weakening grasp.\"	
0070a4f0	PascalUnicode	u\"Our ascendance is inevitable.\"	
0070a52c	PascalUnicode	u\"Even my breath would burn incisions on your skin.\"	
0070a590	PascalUnicode	u\"With a twitch of my mind your buildings would be rubble.\"	
0070a602	PascalUnicode	u\"We anticipate our victory.\"	
0070a638	PascalUnicode	u\"Commit yourself to the Cyth victory.\"	
0070a682	PascalUnicode	u\"No one can thwart us.\"	
0070a6ae	PascalUnicode	u\"Now we emerge.  And we are supreme!\"	
0070a6f6	PascalUnicode	u\"We look forward to taking over your research center.\"	
0070a760	PascalUnicode	u\"Our factories eclipse yours.\"	
0070a79a	PascalUnicode	u\"We shall vanquish all opposition.\"	
0070a7de	PascalUnicode	u\"Our victory will corrupt this planet... forever.\"	
0070a840	PascalUnicode	u\"Evil has always had our face.\"	
0070a87c	PascalUnicode	u\"Be warned.  We can crush your chances.\"	
0070a8ca	PascalUnicode	u\"The great suffering we endure is from you.\"	
0070a920	PascalUnicode	u\"So little is left in my colony....\"	
0070a966	PascalUnicode	u\"Leave us be... with our thoughts....\"	
0070a9b0	PascalUnicode	u\"Upon my mask, I, I, am tired.\"	
0070a9ec	PascalUnicode	u\"No one understands the Cyth burden.\"	
0070aa34	PascalUnicode	u\"Our powers ebb....\"	
0070aa5a	PascalUnicode	u\"Your good fortunes may force us to lose!\"	
0070aaac	PascalUnicode	u\"We waste our effort on this insignificant globe.\"	
0070ab0e	PascalUnicode	u\"Our plains and forests are a disaster.\"	
0070ab5c	PascalUnicode	u\"Take this planet if you want.  The Cyth have other plans.\"	
0070abd0	PascalUnicode	u\"How did your colony get so... powerful?\"	
0070ac20	PascalUnicode	u\"You are overwhelming us!\"	
0070ac52	PascalUnicode	u\"NO!\"	
0070ac5a	PascalUnicode	u\"The Cyth dream, you've destroyed it!\"	
0070aca4	PascalUnicode	u\"Our factories, power plants, farms... are dwindling....\"	
0070ad14	PascalUnicode	u\"Injustice!  Injustice!\"	
0070ad42	PascalUnicode	u\"Someday we will get our revenge!\"	
0070ad84	PascalUnicode	u\"My territories are worth nothing.\"	
0070adc8	PascalUnicode	u\"Even our psionics fail us.\"	
0070ae00	PascalUnicode	u\"The Cyth purpose is being decimated.\"	
0070ae4a	PascalUnicode	u\"\"	
0070ae4c	PascalUnicode	u\"Here's a secret for you....\"	
0070ae84	PascalUnicode	u\"Here is something only for your... eyes.\"	
0070aed6	PascalUnicode	u\"These words must not be spoken out loud.\"	
0070af28	PascalUnicode	u\"I bring a message from the Veil Lord.\"	
0070af74	PascalUnicode	u\"Commander!  All colonists are reporting for their assignments.  What should they do first?\"	
0070b02a	PascalUnicode	u\"Something's come up.\"	
0070b054	PascalUnicode	u\"A predicament is getting worse.\"	
0070b094	PascalUnicode	u\"Better warn you about this.\"	
0070b0cc	PascalUnicode	u\"Say, we got a nice break.\"	
0070b100	PascalUnicode	u\"Look at what just happened!\"	
0070b138	PascalUnicode	u\"There's great news!\"	
0070b160	PascalUnicode	u\"You better look at this.\"	
0070b192	PascalUnicode	u\"You could say that this is a setback.\"	
0070b1de	PascalUnicode	u\"There's been a problem.\"	
0070b210	PascalUnicode	u\"Your strategy is coming together!\"	
0070b254	PascalUnicode	u\"Excellent planning.\"	
0070b27c	PascalUnicode	u\"Have I got a report for you.\"	
0070b2b6	PascalUnicode	u\"Ah, maybe you should rethink your plans.\"	
0070b308	PascalUnicode	u\"Hate to be bringing bad news, but....\"	
0070b354	PascalUnicode	u\"Shouldn't this be a priority?\"	
0070b390	PascalUnicode	u\"This was just transmitted.\"	
0070b3c6	PascalUnicode	u\"Here's some news you should look over.\"	
0070b414	PascalUnicode	u\"Some urgent information for you.\"	
0070b456	PascalUnicode	u\"Our colony's ahead!\"	
0070b47e	PascalUnicode	u\"We have the same number of centers as they do.\"	
0070b4dc	PascalUnicode	u\"Take some action!  We're getting behind!\"	
0070b52e	PascalUnicode	u\"A City Center is done!  We're catching up!\"	
0070b584	PascalUnicode	u\"Sir!\"	
0070b58e	PascalUnicode	u\"We stand ready!\"	
0070b5ae	PascalUnicode	u\"I'll be calling again!\"	
0070b5dc	PascalUnicode	u\"If there's any changes I'll let you know.\"	
0070b630	PascalUnicode	u\"Keep us busy, Commander!\"	
0070b662	PascalUnicode	u\"I'll be keeping an eye on things.\"	
0070b6a6	PascalUnicode	u\"We're monitoring the situation.\"	
0070b6e6	PascalUnicode	u\"Standing by for your orders!\"	
0070b720	PascalUnicode	u\"There'll be more updates soon.\"	
0070b75e	PascalUnicode	u\"The settlement awaits your command!\"	
0070b7a6	PascalUnicode	u\"If there's any changes I'll let you know.\"	
0070b7fa	PascalUnicode	u\"Good day!\"	
0070b80e	PascalUnicode	u\"Commander!  Good to see you.\"	
0070b848	PascalUnicode	u\"Sir, you called.  Do you have a question?\"	
0070b89c	PascalUnicode	u\"Yes, Commander?\"	
0070b8bc	PascalUnicode	u\"We'll redirect our studies immediately.\"	
0070b90c	PascalUnicode	u\"It's as good as done.\"	
0070b938	PascalUnicode	u\"No problem.  We'll be working on it!\"	
0070b982	PascalUnicode	u\"Come by whenever you need.\"	
0070b9b8	PascalUnicode	u\"Check on our progress at any time.\"	
0070b9fe	PascalUnicode	u\"My report is here if you need it.\"	
0070ba42	PascalUnicode	u\"Good choice!\"	
0070ba5c	PascalUnicode	u\"That's quite a topic, sir....\"	
0070ba98	PascalUnicode	u\"Then we'll get right on it.\"	
0070bad0	PascalUnicode	u\"This device gives us a nice edge.\"	
0070bb14	PascalUnicode	u\"A new machine is now operational.\"	
0070bb58	PascalUnicode	u\"We have completed this device.\"	
0070bb96	PascalUnicode	u\"We're all ready to do more.\"	
0070bbce	PascalUnicode	u\"What can we investigate next?\"	
0070bc0a	PascalUnicode	u\"Please choose our next project.\"	
0070bc4a	PascalUnicode	u\"Skirineen commandos attack our colony!  Join us and we'll stop them.\"	
0070bcd4	PascalUnicode	u\"Commander, Skirineen commandos are destroying our colony!\"	
0070bd48	PascalUnicode	u\"We have light damage sir.\"	
0070bd7c	PascalUnicode	u\"It is pretty bad, Commander.\"	
0070bdb6	PascalUnicode	u\"Sir.  We got pulverized.\"	
0070bde8	PascalUnicode	u\"Please, please, please, everyone.  Silence.  We were invaded... illegally by Skirineen.  And this criminal is responsible.\"	
0070bede	PascalUnicode	u\"Well, it looks like we've got you cornered.  Better leave this planet while you still can.\"	
0070bf94	PascalUnicode	u\"Don't worry about a thing.  We'll take good care of your colony.\"	
0070c016	PascalUnicode	u\"You're kidding?  Okay.  Guess we'll just have to wear you down.\"	
0070c096	PascalUnicode	u\"Sir!  We've captured their home territory.  They may surrender.\"	
0070c116	PascalUnicode	u\"A strong campaign.\"	
0070c13c	PascalUnicode	u\"Sure are a persistent bunch.  They're going to keep on fighting.\"	
0070c1be	PascalUnicode	u\"The ChCh-t are gone.\"	
0070c1e8	PascalUnicode	u\"The Cyth are defeated, sir.\"	
0070c220	PascalUnicode	u\"Sir.  The Maug colony is destroyed.\"	
0070c268	PascalUnicode	u\"The Re'Lu are evacuating.\"	
0070c29c	PascalUnicode	u\"The Tarth have left the planet.\"	
0070c2dc	PascalUnicode	u\"Commander, the Uva Mosk are leaving.\"	
0070c326	PascalUnicode	u\"We had a lot of trouble on this planet, Commander.  Next time we will be more prepared.\"	
0070c3d6	PascalUnicode	u\"Look who just finished their colony.  Guess we're off to the next planet, Commander.\"	
0070c480	PascalUnicode	u\"Commander, the planet is ours.  Enjoy your victory!  Already our colony is booming thanks to your efforts.  Sir, good luck on your next world.\"	
0070c5a0	PascalUnicode	u\"YOU SHOULD NEVER SEE THIS MESSAGE.\"	
0070c5e6	PascalUnicode	u\"Think you're technically advanced?  Well, you just go on thinking that if you want to.\"	
0070c694	PascalUnicode	u\"That's all the improvements you have?  Hah!\"	
0070c6ec	PascalUnicode	u\"Just face it, your factories are obsolete.\"	
0070c742	PascalUnicode	u\"Oh.  You seem so bad off.  That's really terrible.\"	
0070c7a8	PascalUnicode	u\"Your chances are poor.\"	
0070c7d6	PascalUnicode	u\"Chicken!  Cluck cluck cluuuuck....\"	
0070c81c	PascalUnicode	u\"Don't take this too hard.  But frankly, you smell.\"	
0070c882	PascalUnicode	u\"Is insomnia hurting your reason?\"	
0070c8c4	PascalUnicode	u\"Just so you're aware of this...  feeling depressed is a big part of losing.\"	
0070c95c	PascalUnicode	u\"Your colony is in tough shape.\"	
0070c99a	PascalUnicode	u\"We have no worries because you are, well, not a problem.\"	
0070ca0c	PascalUnicode	u\"Don't bother attacking us with those... whatever you call them.\"	
0070ca8c	PascalUnicode	u\"Your colony has no potential.\"	
0070cac8	PascalUnicode	u\"It's been hard going for you, hasn't it?\"	
0070cb1a	PascalUnicode	u\"You are really pathetic.\"	
0070cb4c	PascalUnicode	u\"Explain to me again how you will defeat us.  I missed some of the details.\"	
0070cbe2	PascalUnicode	u\"Your factories couldn't produce a hammer.\"	
0070cc36	PascalUnicode	u\"You don't have much to brag about anymore.\"	
0070cc8c	PascalUnicode	u\"Why did you put your colony in such a bad territory?\"	
0070ccf6	PascalUnicode	u\"Your poor management skills are showing.\"	
0070cd48	PascalUnicode	u\"Our only goal is to beat you.  And we will.\"	
0070cda0	PascalUnicode	u\"Nice colony.  But...  easy come, easy go.\"	
0070cdf4	PascalUnicode	u\"Territory by territory, we will take you out.\"	
0070ce50	PascalUnicode	u\"The noose around you draws tighter.\"	
0070ce98	PascalUnicode	u\"The more buildings you make the more buildings we'll have.\"	
0070cf0e	PascalUnicode	u\"Our technology shall defeat you.\"	
0070cf50	PascalUnicode	u\"I've heard rumors that the Skirineen have itchy feet...  For your colony.\"	
0070cfe4	PascalUnicode	u\"This planet will not be part of your tyranny.\"	
0070d040	PascalUnicode	u\"We will wipe out your plans.\"	
0070d07a	PascalUnicode	u\"You have territories we need.\"	
0070d0b6	PascalUnicode	u\"We'll force you to leave.  That's a promise.\"	
0070d110	PascalUnicode	u\"Oh you will lose.  There's no question of that.\"	
0070d170	PascalUnicode	u\"It is time to hurt you.\"	
0070d1a0	PascalUnicode	u\"Human dedication shall push down your every effort.\"	
0070d208	PascalUnicode	u\"Don't test Human patience.\"	
0070d23e	PascalUnicode	u\"Have you been feeling a little pressure from us lately?\"	
0070d2ae	PascalUnicode	u\"You will not see any restraint from us.\"	
0070d2fe	PascalUnicode	u\"Knock, knock.  We're here.\"	
0070d334	PascalUnicode	u\"We Humans will mess you up.\"	
0070d36c	PascalUnicode	u\"Our colonists will vacation in your lands.\"	
0070d3c2	PascalUnicode	u\"\"	
0070d3c4	PascalUnicode	u\"\"	
0070d3c6	PascalUnicode	u\"Our colony competes quite well with yours.\"	
0070d41c	PascalUnicode	u\"We have achieved balance in our perfect economy.\"	
0070d47e	PascalUnicode	u\"Trust me.  We'll win.\"	
0070d4aa	PascalUnicode	u\"Our power must intimidate you.\"	
0070d4e8	PascalUnicode	u\"I really feel that we are the best looking of everyone on this planet.\"	
0070d578	PascalUnicode	u\"There is just no substitute for good old Human perseverance.\"	
0070d5f2	PascalUnicode	u\"Praise us.  C'mon.  Why not?\"	
0070d62c	PascalUnicode	u\"Our colony is now a finely tuned machine.\"	
0070d680	PascalUnicode	u\"Admit it.  You are completely outclassed.\"	
0070d6d4	PascalUnicode	u\"I feel extremely proud!\"	
0070d704	PascalUnicode	u\"Our planning has created a strong Human presence.\"	
0070d768	PascalUnicode	u\"This wild planet will be tamed by Human hands.\"	
0070d7c6	PascalUnicode	u\"We are well on our way toward victory.\"	
0070d814	PascalUnicode	u\"Our military can conquer you.  Our production can outbuild you.  So your future is dim.\"	
0070d8c4	PascalUnicode	u\"Progress is a Human specialty.\"	
0070d902	PascalUnicode	u\"We are doing our part for Humanity!\"	
0070d94a	PascalUnicode	u\"Our roads will last for eons.\"	
0070d986	PascalUnicode	u\"We Humans have always had a way with success.\"	
0070d9e2	PascalUnicode	u\"We will leave you behind.\"	
0070da16	PascalUnicode	u\"Our cities will soon be finished.\"	
0070da5a	PascalUnicode	u\"There have been worse situations... though I don't remember them....\"	
0070dae4	PascalUnicode	u\"It was the best of planets.  It was the worst of planets.\"	
0070db58	PascalUnicode	u\"We love being here.  So let us stay.  Please?\"	
0070dbb4	PascalUnicode	u\"Yes, yes, your colony is great.  Everyone can see that.\"	
0070dc24	PascalUnicode	u\"It's only a planet.  I don't care.  It's only a planet.\"	
0070dc94	PascalUnicode	u\"They are all laughing at me on Earth.\"	
0070dce0	PascalUnicode	u\"This is it.  The end.  Keput.  The knockout.  The final curtain.\"	
0070dd62	PascalUnicode	u\"Once I looked on my colony with pride.  Those days are past.\"	
0070dddc	PascalUnicode	u\"We can hardly produce anything.\"	
0070de1c	PascalUnicode	u\"Oh!\"	
0070de24	PascalUnicode	u\"More taxes won't even help us.\"	
0070de62	PascalUnicode	u\"Everything about your colony is so much better than ours.\"	
0070ded6	PascalUnicode	u\"We are failing.\"	
0070def6	PascalUnicode	u\"Our energy is never enough.\"	
0070df2e	PascalUnicode	u\"We're losing, okay?  Happy?\"	
0070df66	PascalUnicode	u\"My colonists have lost faith in me.\"	
0070dfae	PascalUnicode	u\"If we could've built just one more thing, then I think we would've...  But who knows.\"	
0070e05c	PascalUnicode	u\"I am really embarrassed.\"	
0070e08e	PascalUnicode	u\"This conflict has been hard on me.\"	
0070e0d4	PascalUnicode	u\"Soon all that will be left of us is memories and a few piles of garbage.\"	
0070e166	PascalUnicode	u\"If I lose how will I handle all the bad press?\"	
0070e1c4	PascalUnicode	u\"Read this note!\"	
0070e1e4	PascalUnicode	u\"I have an urgent message!\"	
0070e218	PascalUnicode	u\"My Commander wants you to see this.\"	
0070e260	PascalUnicode	u\"This may interest you.\"	
0070e28e	PascalUnicode	u\"The colony is established, Maug-chief!  May you have glorious success!\"	
0070e31c	PascalUnicode	u\"A problem is festering.\"	
0070e34c	PascalUnicode	u\"There could be terrible, terrible trouble!\"	
0070e3a2	PascalUnicode	u\"Prevent this from spreading.\"	
0070e3dc	PascalUnicode	u\"Our colony shines with vitality!\"	
0070e41e	PascalUnicode	u\"A magnificent surprise!\"	
0070e44e	PascalUnicode	u\"This will soothe your stomach.\"	
0070e48c	PascalUnicode	u\"There's been an awful setback!\"	
0070e4cc	PascalUnicode	u\"This just happened!  There was no warning!\"	
0070e522	PascalUnicode	u\"Our efforts have broken down.\"	
0070e55e	PascalUnicode	u\"You make our machinery hum!\"	
0070e596	PascalUnicode	u\"Your choices are mighty!\"	
0070e5c8	PascalUnicode	u\"Even the most infirm are impressed.\"	
0070e610	PascalUnicode	u\"Help us!  Please!\"	
0070e634	PascalUnicode	u\"Do you have a fever?  Why are you making these decisions?\"	
0070e6a8	PascalUnicode	u\"Our production is ill.\"	
0070e6d6	PascalUnicode	u\"This has some weighty importance.\"	
0070e71a	PascalUnicode	u\"Word was just received about this.\"	
0070e760	PascalUnicode	u\"There is much news for you!\"	
0070e798	PascalUnicode	u\"We have the most vigorous colony!\"	
0070e7dc	PascalUnicode	u\"Our colony now equals theirs.\"	
0070e818	PascalUnicode	u\"Our efforts get feeble!  They are leading us!\"	
0070e874	PascalUnicode	u\"We're closing in on our foes!\"	
0070e8b0	PascalUnicode	u\"Good health to you.\"	
0070e8d8	PascalUnicode	u\"Long live our Maug-chief!\"	
0070e90c	PascalUnicode	u\"Give us strength!\"	
0070e930	PascalUnicode	u\"May glory be yours!\"	
0070e958	PascalUnicode	u\"We follow your mighty commands!\"	
0070e998	PascalUnicode	u\"Good health to you.\"	
0070e9c0	PascalUnicode	u\"Heal us, Maug-chief!\"	
0070e9ea	PascalUnicode	u\"To medicine!  To machines!\"	
0070ea20	PascalUnicode	u\"Maug pain should end!\"	
0070ea4c	PascalUnicode	u\"Great chief!\"	
0070ea66	PascalUnicode	u\"Keep our progress secure.\"	
0070ea9a	PascalUnicode	u\"Be glorious, my chief.\"	
0070eac8	PascalUnicode	u\"I greet you, great Maug-chief!\"	
0070eb06	PascalUnicode	u\"Our research is going well.\"	
0070eb3e	PascalUnicode	u\"You're checking on our efforts, I see.\"	
0070eb8c	PascalUnicode	u\"This change shall start without delay.\"	
0070ebda	PascalUnicode	u\"A glorious choice.\"	
0070ec00	PascalUnicode	u\"We have exactly what we need to study this.\"	
0070ec58	PascalUnicode	u\"Be prepared for our next breakthrough.\"	
0070eca6	PascalUnicode	u\"To you and the health of all Maugkind.\"	
0070ecf4	PascalUnicode	u\"May your headaches pass!\"	
0070ed26	PascalUnicode	u\"Maug progress shall continue.\"	
0070ed62	PascalUnicode	u\"Your scientists will commence immediately!\"	
0070edb8	PascalUnicode	u\"May our coughing subside!\"	
0070edec	PascalUnicode	u\"A new device is ours!\"	
0070ee18	PascalUnicode	u\"Great success!  You can use this machine.\"	
0070ee6c	PascalUnicode	u\"Maug-chief, I present this apparatus.\"	
0070eeb8	PascalUnicode	u\"Pick a subject we should research.\"	
0070eefe	PascalUnicode	u\"What can we study now?\"	
0070ef2c	PascalUnicode	u\"What will next fit your glorious strategy?\"	
0070ef82	PascalUnicode	u\"Skirineen are landing in our territories!  We need aid!\"	
0070eff2	PascalUnicode	u\"Maug-chief!  Skirineen are landing in our territories!\"	
0070f060	PascalUnicode	u\"Our tremendous resistance was effective.\"	
0070f0b4	PascalUnicode	u\"We have much to rebuild Maug-chief.\"	
0070f0fc	PascalUnicode	u\"Maug-chief!  Our colony's health is dangerously poor!\"	
0070f168	PascalUnicode	u\"Spies have damaged our magnificent lands.  We demand retribution!  You, the guilty, must pay, and pay mightily.\"	
0070f248	PascalUnicode	u\"Concede!  The mighty Maug have defeated you!\"	
0070f2a2	PascalUnicode	u\"Then vacate our lands.  We are taking over.\"	
0070f2fa	PascalUnicode	u\"You dare!  Then we shall strike at you again!\"	
0070f356	PascalUnicode	u\"A glorious Maug victory.  Our might should force them to concede.\"	
0070f3da	PascalUnicode	u\"Our power is supreme!\"	
0070f406	PascalUnicode	u\"Our enemies are stubborn, Maug-chief.  Their leader battles on.\"	
0070f486	PascalUnicode	u\"The ChCh-t flee their colony.\"	
0070f4c2	PascalUnicode	u\"The Cyth have met their destiny.\"	
0070f504	PascalUnicode	u\"The Humans have left!\"	
0070f530	PascalUnicode	u\"Say your farewells to the Re'Lu!\"	
0070f572	PascalUnicode	u\"The Tarth have given up.\"	
0070f5a4	PascalUnicode	u\"All Uva Mosk are retreating.\"	
0070f5de	PascalUnicode	u\"The next world will be stupendous.  There the Maug will thrive!\"	
0070f660	PascalUnicode	u\"It is over, their colony has become... magnificent.  May the next planet be a triumph!\"	
0070f70e	PascalUnicode	u\"This planet is officially Maug!  You have done it, great chief!  Already the colony has improved our machines, and perhaps even Maug medicine will advance.  Mighty chief, your next world awaits!\"	
0070f894	PascalUnicode	u\"YOU SHOULD NEVER SEE THIS MESSAGE.\"	
0070f8da	PascalUnicode	u\"We have those same machines you use.  In storage!\"	
0070f93e	PascalUnicode	u\"We cannot stand you any more!\"	
0070f97a	PascalUnicode	u\"You are an illness and we are the remedy.\"	
0070f9ce	PascalUnicode	u\"While you are here everyone on this planet suffers!\"	
0070fa36	PascalUnicode	u\"Our mining drills outdo yours by far.\"	
0070fa82	PascalUnicode	u\"You call that abacus a computer?\"	
0070fac4	PascalUnicode	u\"This is a useless struggle. You will lose this planet.\"	
0070fb32	PascalUnicode	u\"It will be a wondrous day when you get the urge to leave.\"	
0070fba6	PascalUnicode	u\"A-ha, ha, ha, ha!  [Cough!]\"	
0070fbde	PascalUnicode	u\"That colony is not glorious.\"	
0070fc18	PascalUnicode	u\"You use less strategy than a sleeping paramecium!\"	
0070fc7c	PascalUnicode	u\"Your economy dwindles while ours is on the rise.\"	
0070fcde	PascalUnicode	u\"This world does not need you on it!\"	
0070fd28	PascalUnicode	u\"Your colony grows with microscopic progress.\"	
0070fd82	PascalUnicode	u\"May your factories break down!\"	
0070fdc0	PascalUnicode	u\"Your slow workers are holding you back, aren't they?\"	
0070fe2a	PascalUnicode	u\"Such weak power and poise you have.\"	
0070fe72	PascalUnicode	u\"You look unwell.\"	
0070fe94	PascalUnicode	u\"We abandoned those technologies years ago.\"	
0070feea	PascalUnicode	u\"You put your colony there?  There?\"	
0070ff30	PascalUnicode	u\"Concede to the Maug!\"	
0070ff5a	PascalUnicode	u\"You shall suffer as all Maugkind suffers!\"	
0070ffae	PascalUnicode	u\"Do not attempt to win.  Or you will taste our lasers.\"	
0071001a	PascalUnicode	u\"Maug science will overcome you.\"	
0071005a	PascalUnicode	u\"The Maug economy shall triumph!\"	
0071009a	PascalUnicode	u\"We wish much ill health on you.\"	
007100da	PascalUnicode	u\"Keep away from us!  We have ailments that will infect you all!\"	
00710158	PascalUnicode	u\"Grrr!\"	
00710164	PascalUnicode	u\"Maug laboratories have concocted your downfall.\"	
007101c4	PascalUnicode	u\"Our machines are designed to defeat you.\"	
00710216	PascalUnicode	u\"The Skirineen will surgically strike at your colony.\"	
00710280	PascalUnicode	u\"Do not be an obstacle to the great Maug!\"	
007102d2	PascalUnicode	u\"Our veins surge with power.\"	
0071030a	PascalUnicode	u\"Maug wrath never subsides.\"	
00710340	PascalUnicode	u\"Once we begin our plans you cannot recover.\"	
00710398	PascalUnicode	u\"Any infraction against us will be answered with vengeance.\"	
0071040e	PascalUnicode	u\"Beware our stamina!  It's getting better!\"	
00710462	PascalUnicode	u\"The Maug military can move on you at my command.\"	
007104c4	PascalUnicode	u\"Warn your colonists.  The Maug is now your enemy.\"	
00710528	PascalUnicode	u\"Our missiles are all aimed at your colony.\"	
0071057e	PascalUnicode	u\"\"	
00710580	PascalUnicode	u\"\"	
00710582	PascalUnicode	u\"We Maug continue to show our strength!\"	
007105d0	PascalUnicode	u\"Our factories outproduce you all!\"	
00710614	PascalUnicode	u\"Much power is generated in our lands.\"	
00710660	PascalUnicode	u\"Technology reigns supreme.  And we Maug have it!\"	
007106c2	PascalUnicode	u\"We, the robust, shall conquer this world.\"	
00710716	PascalUnicode	u\"Our glorious cities spring up.\"	
00710754	PascalUnicode	u\"Even the very rivets of your machines fear us!\"	
007107b2	PascalUnicode	u\"None know pain as we Maug know pain!\"	
007107fc	PascalUnicode	u\"Triumph will be ours!\"	
00710828	PascalUnicode	u\"Our marvelous territories exude health!\"	
00710878	PascalUnicode	u\"The mighty Maug do not fear you.\"	
007108ba	PascalUnicode	u\"You will now have many worries, because my fever is completely gone.\"	
00710944	PascalUnicode	u\"Watch, all, the power of the Maug.\"	
0071098a	PascalUnicode	u\"The Maug will thrive when we control this sphere.\"	
007109ee	PascalUnicode	u\"We Maug do not fear your threats.\"	
00710a32	PascalUnicode	u\"This fabulous planet is our destiny.\"	
00710a7c	PascalUnicode	u\"Much power is generated in our stupendous lands.\"	
00710ade	PascalUnicode	u\"You cannot ignore us.\"	
00710b0a	PascalUnicode	u\"The Maug will always endure.\"	
00710b44	PascalUnicode	u\"No one equals the Maug machine!\"	
00710b84	PascalUnicode	u\"You're against us too?\"	
00710bb2	PascalUnicode	u\"All our territories are in bad shape.\"	
00710bfe	PascalUnicode	u\"We are no longer the mighty Maug.\"	
00710c42	PascalUnicode	u\"Have sympathy, please, oh please.\"	
00710c86	PascalUnicode	u\"Pity is all we ask.  We are hapless creatures who haven't felt well for centuries!\"	
00710d2c	PascalUnicode	u\"Foul play!  I was in the wash room and didn't see what was going on!\"	
00710db6	PascalUnicode	u\"Hey you-- [Cough!]  You--  [Cough!]  You-- [Cough!]\"	
00710e1e	PascalUnicode	u\"We are victims of almost every ailment.\"	
00710e6e	PascalUnicode	u\"Our plans have broken down with our machines.\"	
00710eca	PascalUnicode	u\"Our production fails us more and more.\"	
00710f18	PascalUnicode	u\"We are tired of you.\"	
00710f42	PascalUnicode	u\"High hopes have declined to low despairs.\"	
00710f96	PascalUnicode	u\"Sickness spreads all over this colony.  [Cough!]\"	
00710ff8	PascalUnicode	u\"You drain our every energy.\"	
00711030	PascalUnicode	u\"You make us ill [Cough!] with your persistence.\"	
00711090	PascalUnicode	u\"Our wretched colony [Cough!] is collapsing.\"	
007110e8	PascalUnicode	u\"What mighty sorrows are on our heads.\"	
00711134	PascalUnicode	u\"Look what has been done to us!  Poor ailing... us.\"	
0071119a	PascalUnicode	u\"Let us [Cough!] have a small reprieve.  Please?\"	
007111fa	PascalUnicode	u\"This is a tragedy.\"	
00711220	PascalUnicode	u\"Please let us build just a couple of City Centers.  [Cough!]  We mean no harm.\"	
007112be	PascalUnicode	u\"The Maug-chief has written some incredible words.\"	
00711322	PascalUnicode	u\"Pleasant words are here for your healthy eyes.\"	
00711380	PascalUnicode	u\"Here is information for you.\"	
007113ba	PascalUnicode	u\"We send a glorious message.\"	
007113f2	PascalUnicode	u\"Win this planet, Overseer.  It is intriguing.\"	
0071144e	PascalUnicode	u\"New problems may require your attention.\"	
007114a0	PascalUnicode	u\"Correcting this is vital to our success.\"	
007114f2	PascalUnicode	u\"This situation is escalating.\"	
0071152e	PascalUnicode	u\"A phenomenon most unusual.\"	
00711564	PascalUnicode	u\"Fortune has been generous.\"	
0071159c	PascalUnicode	u\"This should give you inner peace.\"	
007115e0	PascalUnicode	u\"Something lamentable has occurred.\"	
00711626	PascalUnicode	u\"The colony has a problem.\"	
0071165a	PascalUnicode	u\"Negative circumstances have arisen.\"	
007116a2	PascalUnicode	u\"Impeccable planning.  Congratulations.\"	
007116f0	PascalUnicode	u\"Fine concentration.  It has brought results.\"	
0071174a	PascalUnicode	u\"We reap benefits from your calculations.\"	
0071179c	PascalUnicode	u\"A change in plan is highly encouraged.\"	
007117ea	PascalUnicode	u\"Have you forgotten that there is a colony to manage?\"	
00711854	PascalUnicode	u\"Find a solution for this triviality!\"	
0071189e	PascalUnicode	u\"Something has transpired.\"	
007118d2	PascalUnicode	u\"Pardon me, but this might be of interest.\"	
00711926	PascalUnicode	u\"Recent intelligence has just arrived.\"	
00711972	PascalUnicode	u\"None are as near completion as us.\"	
007119b8	PascalUnicode	u\"They are now on an equal plane with us.\"	
00711a08	PascalUnicode	u\"Pursue some immediate action.  Our colony is behind.\"	
00711a74	PascalUnicode	u\"Soon we will overtake their lead.  This center is complete.\"	
00711aec	PascalUnicode	u\"May you excel in your next endeavor.\"	
00711b36	PascalUnicode	u\"My vigillance continues.\"	
00711b68	PascalUnicode	u\"I shall keep a tight watch on our adversaries.\"	
00711bc6	PascalUnicode	u\"Farewell for the present.\"	
00711bfa	PascalUnicode	u\"May you excel in your next endeavor.\"	
00711c44	PascalUnicode	u\"Any further events will be reported to you.\"	
00711c9c	PascalUnicode	u\"I will be punctual with any new developments.\"	
00711cf8	PascalUnicode	u\"More messages are forthcoming.\"	
00711d36	PascalUnicode	u\"Proceed well, Overseer.\"	
00711d66	PascalUnicode	u\"A careful strategy could take us far!\"	
00711db2	PascalUnicode	u\"Overseer.\"	
00711dc6	PascalUnicode	u\"Solidify us further.\"	
00711df0	PascalUnicode	u\"Ah, a pleasure seeing you, Overseer.\"	
00711e3a	PascalUnicode	u\"Salutations to you, Overseer.  Here is our status.\"	
00711ea0	PascalUnicode	u\"You honor us with your intrusion.\"	
00711ee4	PascalUnicode	u\"A fascinating decision.\"	
00711f14	PascalUnicode	u\"I shall notify the staff of your new choice.\"	
00711f6e	PascalUnicode	u\"This change seems commendable.\"	
00711fac	PascalUnicode	u\"Only the mind matters in these matters of the mind.\"	
00712014	PascalUnicode	u\"If we knew now what we will know then.\"	
00712062	PascalUnicode	u\"Ah, the splendor of knowledge and all its delights.\"	
007120ca	PascalUnicode	u\"A most perfect selection.\"	
007120fe	PascalUnicode	u\"We have research to begin.\"	
00712134	PascalUnicode	u\"We shall focus on this work.\"	
0071216e	PascalUnicode	u\"Amazing what one completes when so inclined.\"	
007121c8	PascalUnicode	u\"The device is yours, Overseer.\"	
00712206	PascalUnicode	u\"This machine can now join your arsenal.\"	
00712256	PascalUnicode	u\"Occupy us with a new task.\"	
0071228c	PascalUnicode	u\"Pick something new.\"	
007122b4	PascalUnicode	u\"Choose what gives you the best advantage.\"	
00712308	PascalUnicode	u\"Perhaps you'd like to assist us.  Skirineen commandos have dropped from orbit.\"	
007123a8	PascalUnicode	u\"Overseer!  Skirineen are dropping from orbit!  Stop them!\"	
0071241c	PascalUnicode	u\"That was a minor inconvenience.\"	
0071245c	PascalUnicode	u\"The damage should more than adequately employ our builders.\"	
007124d4	PascalUnicode	u\"Well.  There is still some of the colony left.\"	
00712532	PascalUnicode	u\"This savagery shows poor judgment.  Perhaps this punishment will give... higher understandings. Peace to you.\"	
0071260e	PascalUnicode	u\"There seems to be an unwelcome intruder in your colony.  Us.  We urge you to, shall we say, leave.\"	
007126d4	PascalUnicode	u\"You have been a most gracious adversary.\"	
00712726	PascalUnicode	u\"Oh really?  Well, defiance can do wonders for your spirit.  But it will probably kill your body.\"	
007127e8	PascalUnicode	u\"All opposition has been routed.  We anticipate their defeat.\"	
00712862	PascalUnicode	u\"We were delightfully persuasive.\"	
007128a4	PascalUnicode	u\"They continue to fight on.  We should engage them again, Overseer!\"	
0071292a	PascalUnicode	u\"\"	
0071292c	PascalUnicode	u\"The ChCh-t have found this world... unsuitable.\"	
0071298c	PascalUnicode	u\"The Cyth have decided to rot on another planet.\"	
007129ec	PascalUnicode	u\"The Humans have decided to leave at this juncture.\"	
00712a52	PascalUnicode	u\"The Maug are staging a retreat.\"	
00712a94	PascalUnicode	u\"The Tarth are migrating to better pastures.\"	
00712aec	PascalUnicode	u\"The Uva Mosk depart.\"	
00712b16	PascalUnicode	u\"Prepare yourself, Overseer.  We will yet grace another world.\"	
00712b92	PascalUnicode	u\"Our conflict comes to an unsatisfying conclusion.  May the next world be more suitable.\"	
00712c42	PascalUnicode	u\"Overseer, you preside over this planet.  It is an interesting place, abounding with mystery, and delightful curiosities.  Years will transpire before we understand them all.  By then you will capture many other worlds....\"	
00712dfe	PascalUnicode	u\"YOU SHOULD NEVER SEE THIS MESSAGE.\"	
00712e44	PascalUnicode	u\"The winds blow unsympathetically toward your victory.\"	
00712eb0	PascalUnicode	u\"Try using strategy.  It helps.\"	
00712eee	PascalUnicode	u\"So you are still here.  I find that most amusing.\"	
00712f52	PascalUnicode	u\"Could you say that another way?  Otherwise we cannot understand all your... subtext.\"	
00712ffc	PascalUnicode	u\"You seem to minutely understand this worldly game.\"	
00713062	PascalUnicode	u\"Do not overestimate your minor abilities.\"	
007130b6	PascalUnicode	u\"Your colony grows with such... tranquillity.\"	
00713110	PascalUnicode	u\"How can one live well in that, dare I say, diminutive colony?\"	
0071318c	PascalUnicode	u\"You instill such unparalleled boredom.\"	
007131da	PascalUnicode	u\"Perhaps you would do better if you stopped trying.\"	
00713240	PascalUnicode	u\"Your failures are very endearing.\"	
00713284	PascalUnicode	u\"That inferior colony diminishes under your leadership.\"	
007132f2	PascalUnicode	u\"This world will not belong to someone with such primitive insight.\"	
00713378	PascalUnicode	u\"The mining equipment you use is very inefficient.\"	
007133dc	PascalUnicode	u\"You think you still have a chance.  Such delusions.\"	
00713444	PascalUnicode	u\"You have a small concept of this planet's potential.\"	
007134ae	PascalUnicode	u\"Taxation is an art you have clearly not yet mastered.\"	
0071351a	PascalUnicode	u\"Your colony has many impressive aspects.  Chief among them is... its poverty.\"	
007135b6	PascalUnicode	u\"An improvement?  That?  Oh.\"	
007135ee	PascalUnicode	u\"We admire you because you're so easy to understand.\"	
00713656	PascalUnicode	u\"Your insolence will be remembered.\"	
0071369c	PascalUnicode	u\"Our worst can and will be done to you often.\"	
007136f6	PascalUnicode	u\"The burden of defeat will be yours.\"	
0071373e	PascalUnicode	u\"We will accelerate your misfortunes.\"	
00713788	PascalUnicode	u\"We will defeat you cleverly.\"	
007137c2	PascalUnicode	u\"Your complete submission is unavoidably necessary.\"	
00713828	PascalUnicode	u\"Included in our mythology shall be an ambiguous retelling of your... disappearance.\"	
007138d0	PascalUnicode	u\"You have caused us to have anger.  That will be tragic for you.\"	
00713950	PascalUnicode	u\"Maybe the Skirineen should visit you.  They are such lively entertainment.\"	
007139e6	PascalUnicode	u\"You will give us a fine welcome someday.\"	
00713a38	PascalUnicode	u\"Our worst can and will be done to you often.\"	
00713a92	PascalUnicode	u\"Enjoy our company.  You have no choice.\"	
00713ae2	PascalUnicode	u\"We will deter your progress.\"	
00713b1c	PascalUnicode	u\"If you want us as enemies we will be happy to accommodate you.\"	
00713b9a	PascalUnicode	u\"Tread around us very carefully.  Very carefully.\"	
00713bfc	PascalUnicode	u\"Our colonists find you an amusing challenge.\"	
00713c56	PascalUnicode	u\"We now shall begin to surpass your economy.\"	
00713cae	PascalUnicode	u\"Perhaps there is a territory here or there which you would like to part with?\"	
00713d4a	PascalUnicode	u\"I suggest you not get too settled in.  Things can often happen.\"	
00713dca	PascalUnicode	u\"Your roads shall be of great use to us.\"	
00713e1a	PascalUnicode	u\"It is too bad none of you can comprehend our perfection.\"	
00713e8c	PascalUnicode	u\"Believe in our ascendancy.\"	
00713ec4	PascalUnicode	u\"Look over your map.  Notice the flourishing Re'Lu cities, and then please be jealous.\"	
00713f70	PascalUnicode	u\"Our managerial abilities will leave you behind.\"	
00713fd0	PascalUnicode	u\"Re'Lu factories, farms, power plants, airfields...  all, all are beyond exquisite.\"	
00714076	PascalUnicode	u\"It is with extreme anticipation that we foresee our victory.\"	
007140f0	PascalUnicode	u\"Our progress is becoming a hardship for you.\"	
0071414a	PascalUnicode	u\"Feeling superior to you is one of life's carnal pleasures.\"	
007141c0	PascalUnicode	u\"You should know better than to compete against us.\"	
00714226	PascalUnicode	u\"We excel only because we can.\"	
00714262	PascalUnicode	u\"Trying to catch up to us, can only fail.\"	
007142b4	PascalUnicode	u\"We excel only because we can.\"	
007142f0	PascalUnicode	u\"Your military should avoid our forces if at all possible.\"	
00714364	PascalUnicode	u\"Does our colony worry you?  It should.\"	
007143b2	PascalUnicode	u\"There is so much here for us; so little here for you.\"	
0071441e	PascalUnicode	u\"Think of this planet as a riddle and that we are its solution.\"	
0071449c	PascalUnicode	u\"Sentimental thoughts do not cloud the Re'Lu mind.\"	
00714500	PascalUnicode	u\"Our economy continues to make exceptional gains.\"	
00714564	PascalUnicode	u\"We continue to demonstrate our successful planning.\"	
007145cc	PascalUnicode	u\"I so enjoy my colony.\"	
007145f8	PascalUnicode	u\"Our territories give us plentiful resources.\"	
00714652	PascalUnicode	u\"Disaster has gripped us in its horned hands.\"	
007146ac	PascalUnicode	u\"We could grovel in many impressive styles.\"	
00714702	PascalUnicode	u\"Pardon us, oh kind alien.  It is all we ask.\"	
0071475c	PascalUnicode	u\"We infer that you dislike us.\"	
00714798	PascalUnicode	u\"Would presents appease you?  Money?  Basic goods?  Exotic soil samples?\"	
00714828	PascalUnicode	u\"Let us stay here and... simply reflect....\"	
0071487e	PascalUnicode	u\"We could grovel in many impressive styles.\"	
007148d4	PascalUnicode	u\"Tired.  Weary.  Without hope.  These words describe us perfectly.\"	
00714958	PascalUnicode	u\"We are humbled.\"	
00714978	PascalUnicode	u\"Well, this is certainly turning into a regrettable education.\"	
007149f4	PascalUnicode	u\"We must admit that you are doing better than us.\"	
00714a56	PascalUnicode	u\"Losing is so... uninspiring.\"	
00714a90	PascalUnicode	u\"Could we say we won, figuratively?  No?  I suppose not.\"	
00714b00	PascalUnicode	u\"Our foresight is weak compared to our hindsight.\"	
00714b62	PascalUnicode	u\"So...  this is disaster.\"	
00714b94	PascalUnicode	u\"Losing is so... uninspiring.\"	
00714bce	PascalUnicode	u\"We must admit that you are doing better than us.\"	
00714c30	PascalUnicode	u\"You have caused our undoing!\"	
00714c6a	PascalUnicode	u\"Disappointment is all I can hope for.\"	
00714cb6	PascalUnicode	u\"I have nothing to say because I have nothing left.\"	
00714d1c	PascalUnicode	u\"Please desist!\"	
00714d3a	PascalUnicode	u\"My mind is being overrun with my sadness.\"	
00714d8e	PascalUnicode	u\"A witticism arrives in this gilded screen.\"	
00714de4	PascalUnicode	u\"We present a charming composition.\"	
00714e2a	PascalUnicode	u\"Please peruse the following.\"	
00714e64	PascalUnicode	u\"Few masterpieces have the poise of this.\"	
00714eb6	PascalUnicode	u\"Reporting in, Ubergeneral.  Us will conquer puny aliens!\"	
00714f28	PascalUnicode	u\"Got weak spot here.\"	
00714f50	PascalUnicode	u\"This could be much trouble.\"	
00714f88	PascalUnicode	u\"Something bad is going on.\"	
00714fbe	PascalUnicode	u\"Say!  Look at this!\"	
00714fe6	PascalUnicode	u\"A lucky break!\"	
00715004	PascalUnicode	u\"Tarth just got big surprise!\"	
0071503e	PascalUnicode	u\"It a stupid day!\"	
00715060	PascalUnicode	u\"Oh, no. This not good.\"	
0071508e	PascalUnicode	u\"Tarth just got bad bad trouble.\"	
007150ce	PascalUnicode	u\"You real smart.\"	
007150ee	PascalUnicode	u\"That a great thing you did there.\"	
00715132	PascalUnicode	u\"These plans of yours are pretty good.\"	
0071517e	PascalUnicode	u\"This not look good for you.\"	
007151b6	PascalUnicode	u\"Ah... maybe you try something else now.\"	
00715206	PascalUnicode	u\"Better do different thing.  Soon.\"	
0071524a	PascalUnicode	u\"Look at this.\"	
00715266	PascalUnicode	u\"Hey!  I just got told this!\"	
0071529e	PascalUnicode	u\"Here's something you should know.\"	
007152e4	PascalUnicode	u\"Tarth colony is out in front!\"	
00715320	PascalUnicode	u\"Mmm...  Now us are same size as them.\"	
0071536c	PascalUnicode	u\"Tarth colony losing!  Us getting behind!\"	
007153be	PascalUnicode	u\"Us have edge.  New center all done.\"	
00715406	PascalUnicode	u\"Us now got stuff to do.\"	
00715436	PascalUnicode	u\"See ya later.\"	
00715452	PascalUnicode	u\"Us'll talk again, Ubergeneral.\"	
00715490	PascalUnicode	u\"I will bring more news.\"	
007154c0	PascalUnicode	u\"Uh-huh.  Yeah sure okay then.\"	
007154fc	PascalUnicode	u\"Uh, all right.\"	
0071551a	PascalUnicode	u\"Tarth will make aliens eat mud.\"	
0071555a	PascalUnicode	u\"Ubergeneral.  Make colony strong!\"	
0071559e	PascalUnicode	u\"Ah....\"	
007155ac	PascalUnicode	u\"Be back later on!\"	
007155d0	PascalUnicode	u\"Figure out next plan Ubergeneral.\"	
00715614	PascalUnicode	u\"I'll go check on more stuff.\"	
00715650	PascalUnicode	u\"Ubergeneral!  Hello!\"	
0071567a	PascalUnicode	u\"Our research is strong as ever, Ubergeneral.\"	
007156d4	PascalUnicode	u\"Yeah?  You got question for us?\"	
00715714	PascalUnicode	u\"Hm...  Okay.\"	
0071572e	PascalUnicode	u\"Us start study on this new thing.\"	
00715772	PascalUnicode	u\"That's a good one to do.\"	
007157a4	PascalUnicode	u\"Call us later.\"	
007157c2	PascalUnicode	u\"Us will be working hard.\"	
007157f4	PascalUnicode	u\"This'll give colony muscle.\"	
0071582c	PascalUnicode	u\"Yeah.  Sure thing.\"	
00715852	PascalUnicode	u\"That pretty good choice!\"	
00715884	PascalUnicode	u\"Scientists start right away.\"	
007158be	PascalUnicode	u\"Us got machine done, Ubergeneral.\"	
00715902	PascalUnicode	u\"This thing all finished.\"	
00715934	PascalUnicode	u\"Work wrapped up on this device!\"	
00715974	PascalUnicode	u\"Give us new command.\"	
007159a0	PascalUnicode	u\"Us need new orders.\"	
007159c8	PascalUnicode	u\"Well, what next plan?\"	
007159f4	PascalUnicode	u\"Come, pound flesh with us!  Skirineen land in colony!\"	
00715a60	PascalUnicode	u\"Trouble Ubergeneral!  Skirineen land in our colony!\"	
00715ac8	PascalUnicode	u\"Ubergeneral, laugh at the little damage.\"	
00715b1a	PascalUnicode	u\"They wrecked many buildings.\"	
00715b54	PascalUnicode	u\"Ubergeneral.  Us got real busted up.\"	
00715b9e	PascalUnicode	u\"QUIET!  SHUT UP!  Only cowards make secret deals with Skirineen.  But this coward is caught!\"	
00715c58	PascalUnicode	u\"Leave planet now or us'll get real ugly!\"	
00715caa	PascalUnicode	u\"Tarth make you look like big fool.  Bye-bye.\"	
00715d04	PascalUnicode	u\"Think you're tough, huh?  Then you real stupid.\"	
00715d64	PascalUnicode	u\"Tiny aliens couldn't handle Tarth.  Us maybe make them leave.\"	
00715de0	PascalUnicode	u\"More of planet is ours.\"	
00715e10	PascalUnicode	u\"Big fools stay!  Let's make them hurt, Ubergeneral.\"	
00715e78	PascalUnicode	u\"The ChCh-t leave their hives.\"	
00715eb4	PascalUnicode	u\"The Cyth are going away.\"	
00715ee8	PascalUnicode	u\"The Humans lose.\"	
00715f0a	PascalUnicode	u\"The Maug are squashed.\"	
00715f38	PascalUnicode	u\"Re'Lu all up in smoke.  Too bad.\"	
00715f7a	PascalUnicode	u\"The Uva Mosk are taking off!\"	
00715fb4	PascalUnicode	u\"Oh!  Next time Tarth win.\"	
00715fe8	PascalUnicode	u\"Ubergeneral, their colony's all done.  Us gotta do better on next planet.\"	
0071607c	PascalUnicode	u\"You make planet Tarth planet.  Now Tarth Empire is even stronger.  Ubergeneral, more worlds will be yours to lead!\"	
00716162	PascalUnicode	u\"YOU SHOULD NEVER SEE THIS MESSAGE.\"	
007161a8	PascalUnicode	u\"BURP!\"	
007161b4	PascalUnicode	u\"Tarth laugh at little devices.\"	
007161f2	PascalUnicode	u\"You scrawny alien!\"	
00716218	PascalUnicode	u\"Us could squeeze you into new dimension.\"	
0071626a	PascalUnicode	u\"Ha ha!  Weakling!\"	
0071628e	PascalUnicode	u\"You're as dead as Skirineen Empire.\"	
007162d6	PascalUnicode	u\"Tarth could sip you through twisted straw!\"	
0071632c	PascalUnicode	u\"Your airplanes aren't worth much.\"	
00716370	PascalUnicode	u\"Look at cute tiny alien person.  So sweet.\"	
007163c6	PascalUnicode	u\"Manage this planet?  You?  Ha, ha, ha!\"	
00716414	PascalUnicode	u\"Tarth make great supper in your honor.  When you leave.\"	
00716484	PascalUnicode	u\"You soft like sponge.\"	
007164b0	PascalUnicode	u\"Alien under Tarth foot has small hopes.\"	
00716500	PascalUnicode	u\"You don't use territories very well.\"	
0071654a	PascalUnicode	u\"So, you think you push us around?  Ha, ha, ha!  That funny!\"	
007165c2	PascalUnicode	u\"Your machines thin.  Us break them up real easy.\"	
00716624	PascalUnicode	u\"Your fancy junk is nothing.\"	
0071665c	PascalUnicode	u\"You're losing.  Press Control-Alt-Delete!\"	
007166b0	PascalUnicode	u\"Your colony's too small to do anything.\"	
00716700	PascalUnicode	u\"That's your army?  That?  Ha, ha, ha!\"	
0071674c	PascalUnicode	u\"Us push your buildings into the dirt.\"	
00716798	PascalUnicode	u\"Tarth grind skulls and break spines!\"	
007167e2	PascalUnicode	u\"This planet is Tarth planet.\"	
0071681c	PascalUnicode	u\"GRRR!\"	
00716828	PascalUnicode	u\"Tarth take over your farms.\"	
00716860	PascalUnicode	u\"\"	
00716862	PascalUnicode	u\"World too small with you on it.\"	
007168a2	PascalUnicode	u\"Tarth got guns.  You got problems.\"	
007168e8	PascalUnicode	u\"You maybe need Skirineen to help you?\"	
00716934	PascalUnicode	u\"Us smell minerals in your territories.\"	
00716982	PascalUnicode	u\"Us turn your colony to rubble.\"	
007169c0	PascalUnicode	u\"Tarth give you break.  Which bone?\"	
00716a06	PascalUnicode	u\"Us make you part of our plans real soon.\"	
00716a58	PascalUnicode	u\"Be scared.  Us Tarth hate you.\"	
00716a96	PascalUnicode	u\"Tarth forces soon turn your military into meat.\"	
00716af6	PascalUnicode	u\"You puny little things better get out of Tarth way.\"	
00716b5e	PascalUnicode	u\"Us run over your colonists, with tanks.\"	
00716bae	PascalUnicode	u\"Tarth victory soon close.\"	
00716be2	PascalUnicode	u\"Us like your colony.  Us just don't like you in it.\"	
00716c4a	PascalUnicode	u\"Us Tarth keep planet forever.\"	
00716c88	PascalUnicode	u\"You big joke.  Tarth no joke.\"	
00716cc4	PascalUnicode	u\"Tarth will hurt you often.\"	
00716cfa	PascalUnicode	u\"Your little engines poor match for ours.\"	
00716d4c	PascalUnicode	u\"Big power in Tarth science!\"	
00716d84	PascalUnicode	u\"Us do not worry about small mites like you.\"	
00716ddc	PascalUnicode	u\"Great is Tarth persuasion!\"	
00716e12	PascalUnicode	u\"Tarth culture simple.  So Tarth culture superior.\"	
00716e76	PascalUnicode	u\"Listen how Tarth yell.  AAARGH!  Good, huh?\"	
00716ece	PascalUnicode	u\"Us make planets tremble.\"	
00716f00	PascalUnicode	u\"Tarth cooks make best strudel, barbecue, bean dip, fish, cat food, smelt, piston rings, tofu, and cam shafts....\"	
00716fe2	PascalUnicode	u\"Our mine shafts make big piles of metal.\"	
00717034	PascalUnicode	u\"Tarth colonists work hard.\"	
0071706a	PascalUnicode	u\"Us Tarth strong, bright, and clear.\"	
007170b2	PascalUnicode	u\"Tarth factories build well.\"	
007170ea	PascalUnicode	u\"Your place small.  Tarth place big.\"	
00717132	PascalUnicode	u\"Our colony makes you jealous.\"	
00717170	PascalUnicode	u\"Us build iron solid empire!\"	
007171a8	PascalUnicode	u\"The Tarth military is greatest on planet!\"	
007171fc	PascalUnicode	u\"Our economy makes yours look sick.\"	
00717242	PascalUnicode	u\"Tarth colony rich!\"	
00717268	PascalUnicode	u\"Once us Tarth make building, building never falls down.\"	
007172d8	PascalUnicode	u\"Tarth production is booming.\"	
00717312	PascalUnicode	u\"OH!\"	
0071731a	PascalUnicode	u\"Farmers not make enough food.  Tarth army get weak.\"	
00717382	PascalUnicode	u\"Us have better luck breaking rocks on heads.\"	
007173dc	PascalUnicode	u\"Muscles too sore, too tired.  Can't fight.\"	
00717432	PascalUnicode	u\"Tarth get no good production from colony.\"	
00717486	PascalUnicode	u\"Nobody likes us.  Everybody hates us.  Us eat worms.\"	
007174f0	PascalUnicode	u\"It soon be over for us.\"	
00717520	PascalUnicode	u\"Us wind down to a big halt.\"	
00717558	PascalUnicode	u\"Us hate interplanetary politics.\"	
0071759a	PascalUnicode	u\"These are grim days.\"	
007175c4	PascalUnicode	u\"Trouble is us.\"	
007175e2	PascalUnicode	u\"Tarth colony really stinks.\"	
0071761a	PascalUnicode	u\"You don't want to be Tarth right about now.\"	
00717672	PascalUnicode	u\"Us should've built more buildings and less tanks.\"	
007176d6	PascalUnicode	u\"Our territories are really poor and very bad.\"	
00717732	PascalUnicode	u\"Tarth strategy is spoiling.\"	
0071776a	PascalUnicode	u\"Our colonists slow and stupid.\"	
007177a8	PascalUnicode	u\"Us no threat to you anymore.\"	
007177e2	PascalUnicode	u\"Tarth are humiliated!\"	
0071780e	PascalUnicode	u\"Us make no excuses.  Tarth are losing.\"	
0071785c	PascalUnicode	u\"Now not good time to be Tarth.  Maybe yesterday but not today.\"	
007178da	PascalUnicode	u\"Words from Tarth!\"	
007178fe	PascalUnicode	u\"Ubergeneral speaks.  You read now!\"	
00717944	PascalUnicode	u\"I have info for you to read.\"	
0071797e	PascalUnicode	u\"The Ubergeneral writes this to you.\"	
007179c6	PascalUnicode	u\"Lead our cause, Grand Hortus!  We shall overcome all and claim this world!\"	
00717a5c	PascalUnicode	u\"Here is a growing worry.\"	
00717a8e	PascalUnicode	u\"An obstacle threatens our efforts.\"	
00717ad4	PascalUnicode	u\"Anticipate a problem.\"	
00717b00	PascalUnicode	u\"This world rewards our dedication!\"	
00717b46	PascalUnicode	u\"The unforeseen gives us aid.\"	
00717b80	PascalUnicode	u\"Nature cherishes our very identity!\"	
00717bc8	PascalUnicode	u\"The land harms us.\"	
00717bee	PascalUnicode	u\"Nature feels we are not an ally!\"	
00717c30	PascalUnicode	u\"This world rejects our goodness.\"	
00717c72	PascalUnicode	u\"Supreme planning, well done!\"	
00717cac	PascalUnicode	u\"The settlement gains power!\"	
00717ce4	PascalUnicode	u\"The colony rallies around you!\"	
00717d22	PascalUnicode	u\"Are you hurting the cause on purpose?\"	
00717d6e	PascalUnicode	u\"Work to overcome errors, comrade.\"	
00717db2	PascalUnicode	u\"Many are displeased.\"	
00717ddc	PascalUnicode	u\"There has been a change in our status.\"	
00717e2c	PascalUnicode	u\"Here are some recent events.\"	
00717e66	PascalUnicode	u\"Word has come of this.\"	
00717e94	PascalUnicode	u\"Our colony is the largest.  It leads the world!\"	
00717ef4	PascalUnicode	u\"We are now equal.\"	
00717f18	PascalUnicode	u\"Rally our cause!  They are ahead.\"	
00717f5c	PascalUnicode	u\"Our colony gains on the enemy!\"	
00717f9a	PascalUnicode	u\"All hardship shall be overthrown!\"	
00717fde	PascalUnicode	u\"We await your command with high anticipation!\"	
0071803a	PascalUnicode	u\"Strive far, Grand Hortus.\"	
0071806e	PascalUnicode	u\"For the planet!\"	
0071808e	PascalUnicode	u\"The revolution can never die!\"	
007180ca	PascalUnicode	u\"Our great struggle will succeed!\"	
0071810c	PascalUnicode	u\"May your convictions guide, True Leader.\"	
0071815e	PascalUnicode	u\"Let our roots dig deep.\"	
0071818e	PascalUnicode	u\"Advance us, Grand Hortus.\"	
007181c2	PascalUnicode	u\"To unity, peace, and strong fertilizer.\"	
00718214	PascalUnicode	u\"Guide us to prosperity!\"	
00718244	PascalUnicode	u\"True Leader, we follow you.\"	
0071827c	PascalUnicode	u\"Grand Hortus!  How can we assist your revolution?\"	
007182e0	PascalUnicode	u\"The study grows and grows.\"	
00718316	PascalUnicode	u\"Yes?  Do you have a concern?\"	
00718350	PascalUnicode	u\"Certainly.  We will begin this change.\"	
0071839e	PascalUnicode	u\"It shall be done.\"	
007183c2	PascalUnicode	u\"That is an interesting subject.\"	
00718402	PascalUnicode	u\"Farewell!\"	
00718416	PascalUnicode	u\"We have found much harmony in this work.\"	
00718468	PascalUnicode	u\"This research soon will be complete.\"	
007184b2	PascalUnicode	u\"We shall own this world!\"	
007184e4	PascalUnicode	u\"A wonderful choice.\"	
0071850c	PascalUnicode	u\"We admire your decision.\"	
0071853e	PascalUnicode	u\"This device is ready for our colony.\"	
00718588	PascalUnicode	u\"This advance is all done.\"	
007185bc	PascalUnicode	u\"The planet sings its praises of you!  This machine is finished.\"	
0071863c	PascalUnicode	u\"What should our work be?\"	
0071866e	PascalUnicode	u\"Pick a good area for us to explore.\"	
007186b6	PascalUnicode	u\"Exactly what should we study next?\"	
007186fc	PascalUnicode	u\"Skirineen are landing!  Join our cause, and we'll dispose of these defilers!\"	
00718796	PascalUnicode	u\"Skirineen land, Grand Hortus!  They're defiling our colony!\"	
0071880e	PascalUnicode	u\"They barely hurt the colony, Grand Hortus.\"	
00718864	PascalUnicode	u\"This will take a while to repair.  Our revolution stumbles!\"	
007188dc	PascalUnicode	u\"It's horrible!  The entire colony is all ash and smoke!\"	
0071894c	PascalUnicode	u\"The Skirineen once destroyed entire worlds.  Now they wish to harm this planet.  These fools who hired them must be punished!\"	
00718a48	PascalUnicode	u\"Our revolution has vanquished you!  Leave or face our wrath.\"	
00718ac2	PascalUnicode	u\"The planet rejoices at your demise!\"	
00718b0a	PascalUnicode	u\"Your end will come soon, defiler!\"	
00718b4e	PascalUnicode	u\"We have brought the corrupters down.  They may yield to us.\"	
00718bc6	PascalUnicode	u\"This fight is over!\"	
00718bee	PascalUnicode	u\"Our enemies remain, Grand Hortus!\"	
00718c34	PascalUnicode	u\"All ChCh-t have left their hives.\"	
00718c78	PascalUnicode	u\"The Cyth polluters flee!  The great cause continues!\"	
00718ce2	PascalUnicode	u\"All  the Humans are gone.  Worry on them no longer!\"	
00718d4a	PascalUnicode	u\"The Maug are moving off this planet.\"	
00718d94	PascalUnicode	u\"Our cause advances!  The Re'Lu are flying away!\"	
00718df4	PascalUnicode	u\"Grand Hortus, the Tarth have left their colony.\"	
00718e54	PascalUnicode	u\"Another green world will call us soon.  Then, Grand Hortus, our revolution will be victorious.\"	
00718f12	PascalUnicode	u\"Their colony is done.  But press on, Grand Hortus, our cause never dims!\"	
00718fa4	PascalUnicode	u\"Our cause has succeeded, Grand Hortus.  You have saved this world.  It has become lush once again.  So continue the Uva Mosk revolution on all your future planets.\"	
007190ec	PascalUnicode	u\"YOU SHOULD NEVER SEE THIS MESSAGE.\"	
00719132	PascalUnicode	u\"You have the worst factories on this planet!\"	
0071918c	PascalUnicode	u\"Nya, nya, nya, nya!\"	
007191b4	PascalUnicode	u\"You are a corrupter of this earth.\"	
007191fa	PascalUnicode	u\"Leave.  Immediately.\"	
00719224	PascalUnicode	u\"How can you be so ugly?\"	
00719254	PascalUnicode	u\"A parasite wouldn't stay on you.\"	
00719298	PascalUnicode	u\"We laugh at that colony!\"	
007192ca	PascalUnicode	u\"Compared to us you are nothing.\"	
0071930a	PascalUnicode	u\"You're wasting all your resources.\"	
00719350	PascalUnicode	u\"The lands you own are withering.\"	
00719392	PascalUnicode	u\"You are declining.\"	
007193b8	PascalUnicode	u\"This planet cannot stand your mismanagement any longer!\"	
00719428	PascalUnicode	u\"Your little spots of land produce nothing.\"	
0071947e	PascalUnicode	u\"That economy of yours is way beneath ours.\"	
007194d4	PascalUnicode	u\"You are not part of the great Uva Mosk revolution.\"	
0071953a	PascalUnicode	u\"Even your trees are retched.\"	
00719574	PascalUnicode	u\"A snail moves faster than your colony grows.\"	
007195ce	PascalUnicode	u\"Defiler!\"	
007195e0	PascalUnicode	u\"Your waste is your greatest flaw.\"	
00719624	PascalUnicode	u\"May your mines deplete soon.\"	
0071965e	PascalUnicode	u\"You are a corrupter of this earth.\"	
007196a4	PascalUnicode	u\"Our great purpose demands that we remove your colony.\"	
00719710	PascalUnicode	u\"Do not get in the way of our convictions.\"	
00719764	PascalUnicode	u\"Uva Mosk production will mow you down.\"	
007197b2	PascalUnicode	u\"We will soon correct your excesses.\"	
007197fa	PascalUnicode	u\"I swear on my proboscis that you will be gone.\"	
00719858	PascalUnicode	u\"The days of your growing season are numbered.\"	
007198b4	PascalUnicode	u\"Very soon nothing will be left of your colony.\"	
00719912	PascalUnicode	u\"We will uproot all resistance.\"	
00719950	PascalUnicode	u\"You shall immediately stop fouling the planet's atmosphere.  Or you will answer to us.\"	
007199fe	PascalUnicode	u\"Your chances will wither much because of us.\"	
00719a58	PascalUnicode	u\"We will tear out all your roads and ruin your power plants.\"	
00719ad0	PascalUnicode	u\"You will see how superior our technology is.\"	
00719b2a	PascalUnicode	u\"Do not attempt to stop our cause.\"	
00719b6e	PascalUnicode	u\"Your future is being turned to mulch.\"	
00719bba	PascalUnicode	u\"From now on be careful.  You've become our chief concern.\"	
00719c2e	PascalUnicode	u\"You have several territories that need our tending.\"	
00719c96	PascalUnicode	u\"We shall destroy your cities as an example for the galaxy!\"	
00719d0c	PascalUnicode	u\"Nowhere will we let you thrive.  And that is a real promise.\"	
00719d86	PascalUnicode	u\"The Skirineen may soon land on your soil.\"	
00719dda	PascalUnicode	u\"Your territories will be ours if you ever annoy us.\"	
00719e42	PascalUnicode	u\"We shall push you back from where ever you came, whatever the cost!\"	
00719eca	PascalUnicode	u\"\"	
00719ecc	PascalUnicode	u\"We, of the loam, stand strong.\"	
00719f0a	PascalUnicode	u\"Our cities have plenty of buildings.  But you should see our gardens!\"	
00719f96	PascalUnicode	u\"If you cut us down, our colony would still grow up from the stumps.\"	
0071a01e	PascalUnicode	u\"Have you ever seen a colony flourish so?  With roads so hidden?  Buildings so efficient?\"	
0071a0d0	PascalUnicode	u\"We tax as well as we spend!\"	
0071a108	PascalUnicode	u\"You should be envious of our large farms.\"	
0071a15c	PascalUnicode	u\"Have you ever seen a colony so resilient?  I doubt it.\"	
0071a1ca	PascalUnicode	u\"Our roots are now secure.\"	
0071a1fe	PascalUnicode	u\"We, nature's siblings, shall claim this world!\"	
0071a25c	PascalUnicode	u\"The Skirineen couldn't even damage what we've begun.\"	
0071a2c6	PascalUnicode	u\"See how our colony grows!\"	
0071a2fc	PascalUnicode	u\"The planet knows that we will care for it, and so we are being given every advantage.\"	
0071a3a8	PascalUnicode	u\"Admit how powerful we have become.  We won't mind.\"	
0071a40e	PascalUnicode	u\"We are as solid as the strongest tree.\"	
0071a45c	PascalUnicode	u\"Our cause shall drive us to victory!\"	
0071a4a6	PascalUnicode	u\"Without us, this world cannot survive.\"	
0071a4f4	PascalUnicode	u\"The Uva Mosk colony is even making good use of your waste.\"	
0071a56a	PascalUnicode	u\"Only we understand the full value of this land.\"	
0071a5ca	PascalUnicode	u\"Much energy, tremendous energy, powers our thriving colony.\"	
0071a642	PascalUnicode	u\"\"	
0071a644	PascalUnicode	u\"We amount to little if anything at all.\"	
0071a694	PascalUnicode	u\"We shrivel while you grow and grow.\"	
0071a6dc	PascalUnicode	u\"It isn't going very well for us.  Not at all.\"	
0071a738	PascalUnicode	u\"All Uva Mosk shout injustice!\"	
0071a774	PascalUnicode	u\"I have so much... anger at you!\"	
0071a7b4	PascalUnicode	u\"Our factories make but little and our farms have small crops.\"	
0071a830	PascalUnicode	u\"We did much better on Centauris III.\"	
0071a87c	PascalUnicode	u\"Boo, hoo, hoo, hoo, hoo....\"	
0071a8b4	PascalUnicode	u\"We are clipped and cut off completely from our roots....\"	
0071a926	PascalUnicode	u\"This world will feel sorrow if the Uva Mosk leave.\"	
0071a98c	PascalUnicode	u\"You make the great cause suffer!\"	
0071a9ce	PascalUnicode	u\"Our gardens are so barren....\"	
0071aa0a	PascalUnicode	u\"Even the planet is working against us!\"	
0071aa58	PascalUnicode	u\"Our colony dishonors the ground it's placed on.\"	
0071aab8	PascalUnicode	u\"We are sad as we watch you achieve so much glory.\"	
0071ab1c	PascalUnicode	u\"Our resources are depleting by the minute.\"	
0071ab72	PascalUnicode	u\"We blame you for our decline.\"	
0071abae	PascalUnicode	u\"Somehow we haven't been able to coax enough out of our territories.\"	
0071ac36	PascalUnicode	u\"Our colony dishonors the ground it's placed on.\"	
0071ac96	PascalUnicode	u\"We are way behind you!\"	
0071acc4	PascalUnicode	u\"Our great cause!  We must somehow keep it alive!\"	
0071ad26	PascalUnicode	u\"Comrade!  A message is here for you.\"	
0071ad70	PascalUnicode	u\"Here is a statement from the Grand Hortus.\"	
0071adc8	PascalUnicode	u\"We deliver a note, comrade.\"	
0071ae00	PascalUnicode	u\"These pithy words are written for you!\"	
0071ae4e	PascalUnicode	u\"Just in case you haven't heard, the Skirineen are open for business.\"	
0071aed8	PascalUnicode	u\"Hm, you haven't called.  Please consider us in your future plans.\"	
0071af5c	PascalUnicode	u\"Don't forget, the Skirineen are here for your needs.\"	
0071afc6	PascalUnicode	u\"Here are the services we provide.\"	
0071b00a	PascalUnicode	u\"Are you falling behind?\"	
0071b03a	PascalUnicode	u\"Welcome!\"	
0071b04c	PascalUnicode	u\"And what can I sell you?  Wood?  Iron?  A minor technology?\"	
0071b0c4	PascalUnicode	u\"Yes?  How can I help?\"	
0071b0f0	PascalUnicode	u\"My warehouse is your only hope.\"	
0071b130	PascalUnicode	u\"I'll give you a deal.  I promise.\"	
0071b174	PascalUnicode	u\"Ah.  My favorite customer.\"	
0071b1aa	PascalUnicode	u\"Well.  Do you need my assistance?\"	
0071b1ee	PascalUnicode	u\"Greetings, generous friend!\"	
0071b226	PascalUnicode	u\"Make sure you're prepared for anything.\"	
0071b278	PascalUnicode	u\"You have come to my humble market.\"	
0071b2be	PascalUnicode	u\"At last!  A customer\"	
0071b2e8	PascalUnicode	u\"I predict you'll be here again.\"	
0071b328	PascalUnicode	u\"Your business, as always, is appreciated.\"	
0071b37c	PascalUnicode	u\"A sincere thank you.\"	
0071b3a6	PascalUnicode	u\"Please return soon.  We're always open.\"	
0071b3f6	PascalUnicode	u\"I so love your money!\"	
0071b422	PascalUnicode	u\"Why make resources when you can buy them?\"	
0071b476	PascalUnicode	u\"Don't make this a long good-bye.\"	
0071b4b8	PascalUnicode	u\"Such a wise, wise colonist.\"	
0071b4f0	PascalUnicode	u\"Don't make this a long good-bye.\"	
0071b532	PascalUnicode	u\"Many pleasant farewells.\"	
0071b564	PascalUnicode	u\"There are always bargains here.\"	
0071b5a4	PascalUnicode	u\"You are very shrewd.\"	
0071b5ce	PascalUnicode	u\"How modest.\"	
0071b5e6	PascalUnicode	u\"Interesting.\"	
0071b600	PascalUnicode	u\"I guess it's money.\"	
0071b628	PascalUnicode	u\"May your colony thrive.  Somehow.\"	
0071b66c	PascalUnicode	u\"Getting a little desperate?\"	
0071b6a4	PascalUnicode	u\"So you feel the need to hire a commando.\"	
0071b6f6	PascalUnicode	u\"Well look who calls.\"	
0071b720	PascalUnicode	u\"Let us solve your worries.\"	
0071b756	PascalUnicode	u\"Our commandos can be yours... for a price.\"	
0071b7ac	PascalUnicode	u\"Experiencing trouble?\"	
0071b7d8	PascalUnicode	u\"So, what do you dare bid?\"	
0071b80c	PascalUnicode	u\"Offer us the money you can afford.\"	
0071b852	PascalUnicode	u\"How much do you care to part with?\"	
0071b898	PascalUnicode	u\"Bid what pleases you.\"	
0071b8c4	PascalUnicode	u\"A large sum is good insurance.\"	
0071b902	PascalUnicode	u\"Spend a little.  Receive a lot.\"	
0071b942	PascalUnicode	u\"Of course all this depends upon who pays the most....\"	
0071b9ae	PascalUnicode	u\"We will... discuss... your offer.\"	
0071b9f4	PascalUnicode	u\"Your offer might be enough.\"	
0071ba2c	PascalUnicode	u\"That's all?  [Laughs.]  Better hope it's a slow day.\"	
0071ba96	PascalUnicode	u\"In a moment, you will have our answer.\"	
0071bae4	PascalUnicode	u\"Hm.  We shall see.\"	
0071bb0a	PascalUnicode	u\"You might be hearing from us.\"	
0071bb46	PascalUnicode	u\"There's always a chance.\"	
0071bb78	PascalUnicode	u\"Where do we land?\"	
0071bb9c	PascalUnicode	u\"Now show us where we should go.\"	
0071bbdc	PascalUnicode	u\"Pick the territory you need us in.\"	
0071bc22	PascalUnicode	u\"So, where do you want us to pillage?\"	
0071bc6c	PascalUnicode	u\"This better be worth our enthusiasm.\"	
0071bcb6	PascalUnicode	u\"We've arrived.  Now what?\"	
0071bcea	PascalUnicode	u\"Good.\"	
0071bcf6	PascalUnicode	u\"It begins.\"	
0071bd0c	PascalUnicode	u\"They will tremble.\"	
0071bd32	PascalUnicode	u\"How lovely.\"	
0071bd4c	PascalUnicode	u\"Ah.  Of course.\"	
0071bd6c	PascalUnicode	u\"A brilliant choice.\"	
0071bd94	PascalUnicode	u\"Very little was destroyed.  Unfortunately.\"	
0071bdea	PascalUnicode	u\"This damage should slow them down for awhile.\"	
0071be46	PascalUnicode	u\"We annihilated them.\"	
0071be70	PascalUnicode	u\"Welcome colony leader!  I'm here to help you get started.  First, choose the race you will be.\"	
0071bf2e	PascalUnicode	u\"Now we'll colonize a newly discovered planet.\"	
0071bf8a	PascalUnicode	u\"Choose the territory you will land in.  It's often best to start in a plains or a forest.\"	
0071c03e	PascalUnicode	u\"There are two ways to win.  Build at least five City Centers or drive away all opposition.\"	
0071c0f4	PascalUnicode	u\"You are seeing the world view.  There are many things you control here.\"	
0071c184	PascalUnicode	u\"This is the settlement view.  From here you'll give specific orders to your colonists.\"	
0071c232	PascalUnicode	u\"Press your survey button.\"	
0071c266	PascalUnicode	u\"These bars show the natural resources each area can produce.  One important resource is food.\"	
0071c322	PascalUnicode	u\"We should make a Farm to feed your colony.  Press your buildings button.\"	
0071c3b4	PascalUnicode	u\"Choose the Farm.  Then, press build.\"	
0071c3fe	PascalUnicode	u\"Now pick a good place to set down the Farm.\"	
0071c458	PascalUnicode	u\"Not bad.\"	
0071c46a	PascalUnicode	u\"Here is your City Center.  Make enough of these and you can win.\"	
0071c4ec	PascalUnicode	u\"I bet I know what you're thinking.  How do I get more territories?  Well, you'll first need a Colonizer unit.\"	
0071c5c8	PascalUnicode	u\"Double click on your City Center.\"	
0071c60c	PascalUnicode	u\"Choose the Colonizer unit.\"	
0071c642	PascalUnicode	u\"Drag the build units bar all the way to the right.  This tells your workers to create the Colonizer.\"	
0071c70c	PascalUnicode	u\"A Farm and a Colonizer are now being made. Drag half your colonists to your new Farm and half to your City Center.\"	
0071c7f2	PascalUnicode	u\"There, now your colonists are busy.\"	
0071c83a	PascalUnicode	u\"Your Colonizer is finished.  Let's give it a mission.  Double click on the unit.\"	
0071c8dc	PascalUnicode	u\"Order this unit to colonize.  This mission settles a new territory.\"	
0071c964	PascalUnicode	u\"Click on this unit.  Now drag it across any of your borders.\"	
0071c9de	PascalUnicode	u\"Excellent.  Next turn, you might own more land!\"	
0071ca3e	PascalUnicode	u\"We better check your colony's morale.  Press the morale button.\"	
0071cabe	PascalUnicode	u\"Ah.  Happy, contented colonists.  You manage them well.\"	
0071cb2e	PascalUnicode	u\"This turn you also finished your Farm.  Double click on it.\"	
0071cba6	PascalUnicode	u\"Let's make sure there's enough to eat.  Move your production bars so the Farm only makes food.\"	
0071cc64	PascalUnicode	u\"This overworks your Farm, but we'll deal with that later.\"	
0071ccd8	PascalUnicode	u\"You should always develop better technologies, so lets make a tech lab.  Press the buildings button.\"	
0071cda2	PascalUnicode	u\"Now choose the tech lab, and press the build button.\"	
0071ce0c	PascalUnicode	u\"Put your tech lab down in any unoccupied space.\"	
0071ce6c	PascalUnicode	u\"You're doing well!  Let's go on to the next turn.\"	
0071ced0	PascalUnicode	u\"Occasionally your rivals share some words.  You can also give them a piece of your mind.\"	
0071cf82	PascalUnicode	u\"Guess what?  The Colonizer has disbanded, and you now own two territories!\"	
0071d018	PascalUnicode	u\"Let's move more people into your new land.  Click on a person in your home territory.\"	
0071d0c4	PascalUnicode	u\"Next place this person over your new territory and click again.\"	
0071d144	PascalUnicode	u\"They love the change of scenery.\"	
0071d186	PascalUnicode	u\"You can also move resources between territories.\"	
0071d1e8	PascalUnicode	u\"The colony's off to a great start.\"	
0071d22e	PascalUnicode	u\"Your tech lab is finished.  So lets choose a technology to study.\"	
0071d2b2	PascalUnicode	u\"Occasionally, your advisor will give you updates.\"	
0071d316	PascalUnicode	u\"Remember your Farm?  Well there's trouble.  It's wearing out from overproducing all that food!\"	
0071d3d4	PascalUnicode	u\"Better double click on your home territory.\"	
0071d42c	PascalUnicode	u\"Next double click on your Farm.\"	
0071d46c	PascalUnicode	u\"Assign some colonists to upkeep.  Then your Farm can maintain itself.\"	
0071d4f8	PascalUnicode	u\"There you are.  You have all the basics, but here are additional things you should know.\"	
0071d5aa	PascalUnicode	u\"I'll leave you for now.  But contact me any time you have a question.  Just press the advice button.\"	
0071d674	PascalUnicode	u\"Farewell.  May you win many worlds!\"	
0071d6bc	PascalUnicode	u\"Click the advice button if you need more information.\"	
0071d728	PascalUnicode	u\"Now, let's double click on your territory.\"	
0071d77e	PascalUnicode	u\"Click the exit button.\"	
0071d7ac	PascalUnicode	u\"Press end turn.\"	
0071d7cc	PascalUnicode	u\"Press okay.\"	
0071d7e4	PascalUnicode	u\"Here is some more helpful information.\"	
0071d832	PascalUnicode	u\"This also is important.\"	
0071d862	PascalUnicode	u\"Please note this as well.\"	
0071d896	PascalUnicode	u\"Try that again.\"	
0071d8b6	PascalUnicode	u\"That's not quite right.\"	
0071d8e6	PascalUnicode	u\"Let's do that over.\"	
0071d910	PascalUnicode	u\"How can I assist you?\"	
0071d93c	PascalUnicode	u\"Yes?\"	
0071d946	PascalUnicode	u\"Which area puzzles you?\"	
0071d976	PascalUnicode	u\"What do you need help with?\"	
0071d9ae	PascalUnicode	u\"Having problems?\"	
0071d9d0	PascalUnicode	u\"Many greetings, colony leader.\"	
0071da0e	PascalUnicode	u\"Run your colony with these controls.\"	
0071da58	PascalUnicode	u\"Manage these well and you'll prosper.\"	
0071daa4	PascalUnicode	u\"Resources are needed to build up and maintain your colony.\"	
0071db1a	PascalUnicode	u\"Research gives you advances in economic and military technologies.\"	
0071dba0	PascalUnicode	u\"All buildings improve your colony.\"	
0071dbe6	PascalUnicode	u\"Create a tough military to expand and defend your colony.\"	
0071dc5a	PascalUnicode	u\"You can give your military both missions and combat orders.\"	
0071dcd2	PascalUnicode	u\"Speak to and even ally with other colonies.\"	
0071dd2a	PascalUnicode	u\"Use satellites or Scouts to find out your opponent's secrets.\"	
0071dda6	PascalUnicode	u\"A Skirineen deal has dangerous risks... and valuable rewards.\"	
0071de24	PascalUnicode	u\"Which race do you want to know better?\"	
0071de72	PascalUnicode	u\"Here are some tips you can use.\"	
0071deb2	PascalUnicode	u\"Happy colonists produce better.\"	
0071def2	PascalUnicode	u\"Your people will work where ever you put them.\"	
0071df50	PascalUnicode	u\"Starving colonists hurt morale.\"	
0071df90	PascalUnicode	u\"High taxes mean more money... and angry colonists.\"	
0071dff6	PascalUnicode	u\"Move your resources to where they're needed.\"	
0071e050	PascalUnicode	u\"Different terrain types produce different resources.\"	
0071e0ba	PascalUnicode	u\"Money.  What more is there to say.\"	
0071e100	PascalUnicode	u\"Your workforce produces everything.\"	
0071e148	PascalUnicode	u\"Food lets your colony grow.\"	
0071e180	PascalUnicode	u\"Art makes colonists happy and you rich.\"	
0071e1d0	PascalUnicode	u\"Go to a forest.  Cut some wood.\"	
0071e210	PascalUnicode	u\"You can't build much without iron.\"	
0071e256	PascalUnicode	u\"This tough metal will boost your military.\"	
0071e2ac	PascalUnicode	u\"A rare ore found deep underground.\"	
0071e2f4	PascalUnicode	u\"Convert your endurium into this dense alloy.\"	
0071e34e	PascalUnicode	u\"Power keeps your colony running.\"	
0071e390	PascalUnicode	u\"If you want fancy gadgets you'll need electronics.\"	
0071e3f6	PascalUnicode	u\"Produce this rare resource and not much can stop you.\"	
0071e462	PascalUnicode	u\"Computers let you research more advanced technologies.\"	
0071e4d0	PascalUnicode	u\"Some developments need a little chemical know how.\"	
0071e536	PascalUnicode	u\"Enhance special aspects of your colony.\"	
0071e586	PascalUnicode	u\"Better power sources means much more energy.\"	
0071e5e0	PascalUnicode	u\"Make enemies fear you.\"	
0071e60e	PascalUnicode	u\"Clear communication is good for everybody.\"	
0071e664	PascalUnicode	u\"Move your resources more easily.\"	
0071e6a6	PascalUnicode	u\"Create neurological weapons and technologies.\"	
0071e702	PascalUnicode	u\"Food and wood are made on farms.\"	
0071e744	PascalUnicode	u\"Build mines and get minerals.\"	
0071e780	PascalUnicode	u\"These buildings produce energy.\"	
0071e7c0	PascalUnicode	u\"Faster roads improve transportation.\"	
0071e80c	PascalUnicode	u\"Factories produce weapons and convert ore.\"	
0071e862	PascalUnicode	u\"Rule oceans with your ships.\"	
0071e89c	PascalUnicode	u\"Use planes to tame the skies.\"	
0071e8d8	PascalUnicode	u\"Creative colonists will love you.\"	
0071e91c	PascalUnicode	u\"Defend yourself from enemies.\"	
0071e958	PascalUnicode	u\"Launch missiles and satellites.\"	
0071e998	PascalUnicode	u\"Develop your technologies faster.\"	
0071e9dc	PascalUnicode	u\"Build enough of these and you can win.\"	
0071ea2a	PascalUnicode	u\"Explore the world and spy on your neighbors.\"	
0071ea84	PascalUnicode	u\"Expand into new territory with these units.\"	
0071eadc	PascalUnicode	u\"Infantry and artillery attacks are more effective with this unit.\"	
0071eb60	PascalUnicode	u\"These are the backbone of your army.\"	
0071ebaa	PascalUnicode	u\"These are the big guns.\"	
0071ebda	PascalUnicode	u\"Transport goods and bomb your rivals.\"	
0071ec26	PascalUnicode	u\"Move resources and attack coastlines.\"	
0071ec72	PascalUnicode	u\"Build these and cause some massive carnage.\"	
0071eccc	PascalUnicode	u\"These defend your colony.\"	
0071ed00	PascalUnicode	u\"Orders your military to fight enemy units only.\"	
0071ed60	PascalUnicode	u\"This unit shoots at the nearest target.\"	
0071edb0	PascalUnicode	u\"Tells this unit to blow apart enemy buildings.\"	
0071ee0e	PascalUnicode	u\"This unit will guard a certain part of your colony.\"	
0071ee76	PascalUnicode	u\"Dismantles the unit.\"	
0071eea0	PascalUnicode	u\"Your unit will have no special command.\"	
0071eef0	PascalUnicode	u\"This unit patrols for spies and rival armies.\"	
0071ef4c	PascalUnicode	u\"Gather information on your enemies.\"	
0071ef94	PascalUnicode	u\"Gives this unit to another colony.\"	
0071efda	PascalUnicode	u\"Fixes the unit's battle damage.\"	
0071f01a	PascalUnicode	u\"This stops rioting, ungrateful colonists.\"	
0071f06e	PascalUnicode	u\"The numerous ChCh-t hordes can overrun many worlds.\"	
0071f0d6	PascalUnicode	u\"The Cyth use bizarre mind powers to destroy opposition.\"	
0071f146	PascalUnicode	u\"Economic geniuses, Humans make productive colonies.\"	
0071f1ae	PascalUnicode	u\"The partially mechanized Maug develop technology quickly.\"	
0071f224	PascalUnicode	u\"Re'Lu colonize worlds in their quest for knowledge.\"	
0071f28c	PascalUnicode	u\"Military behemoths, all Tarth are great warriors.\"	
0071f2f0	PascalUnicode	u\"The Uva Mosk use nature to further their cause.\"	
0071f350	PascalUnicode	u\"Skirineen commandos can help you out of trouble.  Sort of.\"	
0071f3c6	PascalUnicode	u\"Thanks for asking!  We advise everyone who needs help.\"	
0071f434	PascalUnicode	u\"Transport goods through another colony.\"	
0071f484	PascalUnicode	u\"Trade resources with another colony.\"	
0071f4ce	PascalUnicode	u\"Give military units to a friendly colony.\"	
0071f522	PascalUnicode	u\"Let other colonies hear a piece of your mind.\"	
0071f57e	PascalUnicode	u\"Buy resources and technologies for a special price.\"	
0071f5e6	PascalUnicode	u\"A hired Skirineen can destroy enemy buildings.\"	
0071f644	PascalUnicode	u\"Your satellite's beam weapons can help or hinder a Skirineen raid.\"	
0071f6ca	PascalUnicode	u\"Launch an orbiter and scan this world.\"	
0071f718	PascalUnicode	u\"Have your Scouts sneak over the border.\"	
0071f768	PascalUnicode	u\"These should give you a beginning.\"	
0071f7ae	PascalUnicode	u\"When things get too tough push back with these strategies.\"	
0071f824	PascalUnicode	u\"A strong military can wipe out your opponents.\"	
0071f882	PascalUnicode	u\"Good production can put you in the lead.\"	
0071f8d4	PascalUnicode	u\"Here are some special things you should know.\"	
0071f930	PascalUnicode	u\"Any more questions?\"	
0071f958	PascalUnicode	u\"Still need help?\"	
0071f97a	PascalUnicode	u\"Want answers on something else?\"	
0071f9ba	PascalUnicode	u\"Good luck.\"	
0071f9d0	PascalUnicode	u\"If you need me, I am here.\"	
0071fa06	PascalUnicode	u\"Be victorious.\"	
0071fa24	PascalUnicode	u\"Have triumph, colony leader.\"	
0071fa5e	PascalUnicode	u\"Go and thrive.\"	
0071fa7c	PascalUnicode	u\"Make this planet yours.\"	
0071faac	PascalUnicode	u\"Call again.\"	
0071fac4	PascalUnicode	u\"Good-bye.\"	
0071fad8	PascalUnicode	u\"Dream of your revenge, colony leader.  Someday we shall return! Let us quickly leave this solar system.\"	
0071fba8	PascalUnicode	u\"Colony leader, the Shrine Wars are over without any victory.\"	
0071fc24	PascalUnicode	u\"\"	
0071fc26	PascalUnicode	u\"\"	
0071fc28	PascalUnicode	u\"\"	
0071fc2a	PascalUnicode	u\"\"	
0071fc2c	PascalUnicode	u\"\"	
0071fc2e	PascalUnicode	u\"\"	
0071fc30	PascalUnicode	u\"\"	
0071fc32	PascalUnicode	u\"\"	
0071fc34	PascalUnicode	u\"\"	
0071fc36	PascalUnicode	u\"This tutorial will take you through Deadlock basics.\\n\\nChoose the race you want to play.  Each race has unique abilities and weaknesses; click on each to find out who they are.  When you have selected a race press OK.\"	
0071fde8	PascalUnicode	u\"Seven races are competing to own Gallius IV.  This world is one of the few planets still not colonized in this part of the galaxy. Your race will suffer a terrible loss if you fail....\"	
0071ff5a	PascalUnicode	u\"Right click over any territory to find out more about each one.  There are four land types.\\n\\n\"	
00720016	PascalUnicode	u\"You can take the planet in two different ways.  You will win if you build five City Centers and are able to hold them for one turn.  However, if bloodshed and carnage are more your thing, you can also win by blasting apart everybody else.\\n\\n\"	
007201f8	PascalUnicode	u\"The top row of buttons is the TOOLBAR.  Each button controls a different part of your colony.\\n\\nThe map in the upper right is your SATELLITE VIEW.  Click on this map to change the world view.\\n\\n\"	
0072037a	PascalUnicode	u\"The territory you landed in should be in the middle of your map.  If you cannot see it, press 'C' on your keyboard.  It will then appear on the world map.\\n\\nEither press the magnifying glass or double click the territory to zoom in to the settlement view.\"	
00720578	PascalUnicode	u\"The controls here are almost the same as the world view.  Only the toolbar changes.  It has two buttons you do not have in the world view -- the BUILD button and the DEMOLISH button.\\n\\n\"	
007206ec	PascalUnicode	u\"This button lets you choose which buildings you want to construct.  \\n\\nDifferent buildings produce resources, military units, and other enhancements for your colony.\\n\\nNext we will build a Farm.  Press continue and then press the buildings button.\"	
007208d8	PascalUnicode	u\"Every building you can make is listed in this box.  When you click on a building the money, labor, resources, and technology it needs is also shown.\\n\\nA Farm needs 50 credits and 75 labor units.\\n\\nSelect the Farm and press the build button.\"	
00720ab6	PascalUnicode	u\"Farms produce the most food in flat squares.\\n\\nSquares that have a food icon over them are especially fertile.  They produce much more food than a normal square.\\n\\nDrag the Farm to where you wish to build it.  Place it down by left-clicking the mouse.\"	
00720caa	PascalUnicode	u\"These buildings are the government centers for your settlement.  You win this tutorial if you build five City Centers and can protect them for one turn.\"	
00720ddc	PascalUnicode	u\"COLONIZERS are large hovertrucks that move colonists to other territories.  You cannot take over a neutral territory without sending a Colonizer there first.  These units move one hundred colonists (1 icon) to a new territory.\"	
00720fa2	PascalUnicode	u\"Colonizers are made in your City Center.\\n\\nTo build a Colonizer, double click on your City Center\"	
00721064	PascalUnicode	u\"Build a Colonizer by clicking the ADD UNIT button.  The build unit box will show you the Colonizer.  Select the Colonizer and press OK.\"	
00721174	PascalUnicode	u\"You now see the Colonizer in the UNIT QUEUE.  Notice that it will take two turns to make.  In the WORKER ASSIGNMENTS box there is a blue bar that says BUILD UNITS.  Drag this all the way to the right. The Colonizer will be finished next turn.\\n\"	
0072135c	PascalUnicode	u\"Click and drag two colonist icons to your Farm site.  Now both your Farm and your Colonizer will be finished next turn.  Buildings and units are made faster when you have more colonists assigned to them.\\n\"	
007214f6	PascalUnicode	u\"Press the Zoom Out button.  This brings you back to the world view.\"	
0072157e	PascalUnicode	u\"Press this button to end your turn.\"	
007215c6	PascalUnicode	u\"Your advisor keeps you informed of all the events in your colony.\"	
0072164a	PascalUnicode	u\"Every unit has a UNIT ORDERS dialog box.  Double click on the unit and you will see this box.\"	
00721706	PascalUnicode	u\"You can give your units both BATTLE ORDERS and MISSIONS.  Settling another territory is a special Colonizer MISSION.\\nSelect the down arrow on the mission bar to see all the missions.\\nPress OK to exit the screen.\"	
007218ae	PascalUnicode	u\"Click and drag the Colonizer into a neighboring territory.  The Colonizer is now in this territory.\"	
00721976	PascalUnicode	u\"Let's zoom into your starting territory again.\"	
007219d4	PascalUnicode	u\"Your colonists get upset if you do not treat them well.  If morale gets too low your colonists may riot, destroying some of your buildings.\\n\\nPress your morale button now.\"	
00721b2a	PascalUnicode	u\"Several things can hurt morale.  High taxes, no food, and overpopulation all make colonists unhappy.\\n\\nLow taxes, culture, and art objects raise morale.  Culture is produced in CITY CENTERS, CULTURE CENTERS, and MUSEUMS.\"	
00721ce2	PascalUnicode	u\"Lets take a look at your new Farm!\\n\\nDouble-click on the Farm.\"	
00721d5e	PascalUnicode	u\"Farms produce both food and wood.  Right now you need more food, so click and drag your FOOD PRODUCTION BAR all the way to the right.  This Farm will then only produce food.  Press OK when you are finished.\"	
00721efc	PascalUnicode	u\"Notice the food icon in your COLONY STOCKPILE.  If you built your Farm in a fertile spot, this number is probably positive.  This means that you are growing more food than your colony is eating.  Your food surplus is growing!\"	
007220c0	PascalUnicode	u\"You cannot research technologies until you build your first tech lab -- the UNIVERSITY.\\n\\nPress the buildings button.\"	
007221aa	PascalUnicode	u\"The first tech lab you can build is the UNIVERSITY.  When your technologies improve you can build the other two tech labs -- the TECH LAB and the COLLECTIVE TECH LAB.\\n\\nScroll down to the University, select it and press build.\"	
0072236e	PascalUnicode	u\"Universities take up four squares on your map.  Normally it takes two turns to finish this building, but because this is a tutorial you will finish it next turn.\\n\\nDrag the University to a good spot.  Left-click to place it on your map.\"	
00722546	PascalUnicode	u\"Press this button to end your turn.\"	
0072258e	PascalUnicode	u\"You can send messages to other colonies.  There are animated insults, threats, brags, and complaints!  \\n\\nYou will be able to send messages once this tutorial is over. \\n\"	
007226e0	PascalUnicode	u\"All new territories start with 100 colonists (1 icon) and one housing unit. \\n\\nIf any enemy units were in this territory, a battle would have happened.  \"	
00722812	PascalUnicode	u\"Click and drag a colonist icon into your new territory.  There will then be 200 colonists (2 icons) in this new settlement. \\n\\nNOTE:  You may only move colonists between territories you own!\"	
0072298e	PascalUnicode	u\"Each territory has part of your resource stockpile.  Normally resources move automatically between your territories, but sometimes you may wish to move resources in a hurry. \\n\"	
00722aee	PascalUnicode	u\"Press this button to end your turn.\"	
00722b36	PascalUnicode	u\"Press this button to choose your first technology.\"	
00722b9c	PascalUnicode	u\"Each technology advances your colony through resource production, new buildings, or more powerful military units.  Click on a technology and press OK.  Your colonists will start researching it.\\n\"	
00722d24	PascalUnicode	u\"Hot Tip!  Build a factory to start manufacturing infantry and artillery units!  The first military units you can produce are Laser Troopers and Laser Tanks.\"	
00722e5e	PascalUnicode	u\"Contact me whenever you have any questions.  Pressing the HELP button lets you see all my information.  Most dialog boxes also have ADVICE buttons that let me answer your questions directly.\\n\\nHave success, colony leader!\"	
00723018	PascalUnicode	u\"Press ADVICE if you are stuck.  I may then give you more specific answers.\"	
007230ae	PascalUnicode	u\"\"	
007230b0	PascalUnicode	u\"\"	
007230b2	PascalUnicode	u\" \"	
007230b6	PascalUnicode	u\"\"	
007230b8	PascalUnicode	u\"\"	
007230ba	PascalUnicode	u\"\"	
007230bc	PascalUnicode	u\"\"	
007230be	PascalUnicode	u\"\"	
007230c0	PascalUnicode	u\"\"	
007230c2	PascalUnicode	u\"\"	
007230c4	PascalUnicode	u\"\"	
007230c6	PascalUnicode	u\"\"	
007230c8	PascalUnicode	u\"\"	
007230cc	PascalUnicode	u\"\"	
007230ce	PascalUnicode	u\"We %s can't stand you %s!  Our war begins!\"	
00723124	PascalUnicode	u\"Arm your lasers!  We %s are marching towards your colony!  You %s will die!\"	
007231bc	PascalUnicode	u\"%s soldiers will soon swarm over your borders.  Tremble with fear, %s!\"	
0072324a	PascalUnicode	u\"Oops!  Maybe we %s shouldn't have started a war with you.  Can we just forget about it?  Please?\"	
0072330c	PascalUnicode	u\"We %s want to be your friends.  Let's have peace.  Okay?\"	
0072337e	PascalUnicode	u\"Our war has been fun but we %s would rather build more hives.  Can we have peace now?\"	
0072342a	PascalUnicode	u\"The %s attacked our hives!  Help us!  HELP US!\"	
00723488	PascalUnicode	u\"We've been attacked by the %s!  They said you're next!  Join us before it's too late!\"	
00723534	PascalUnicode	u\"The %s burned several hives.  Many ChCh-t are dead.  Help us get revenge!\"	
007235c8	PascalUnicode	u\"The %s have the best colony.  Let's horde together and crush them!\"	
0072364e	PascalUnicode	u\"Quick!  Let's do something!  The %s are about to win!\"	
007236ba	PascalUnicode	u\"The %s have almost won!  Let's march all over them!  Together!\"	
00723738	PascalUnicode	u\"How about a deal?  We will buy %s from you at %d credits for each resource unit.  Sound good?\"	
007237f4	PascalUnicode	u\"ChCh-t %s supplies are very low.   We'll pay %d credits per resource unit.  To you!\"	
0072389c	PascalUnicode	u\"Ship us some %s, and we ChCh-t will pay %d credits for each resource unit.  That's right, that much!  Apiece!\"	
00723978	PascalUnicode	u\"%s is a ChCh-t territory.  You can't take it.\"	
007239d4	PascalUnicode	u\"ChCh-t hordes will never give up %s!  Ever!\"	
00723a2c	PascalUnicode	u\"You want %s?  Hah!  Never!\"	
00723a62	PascalUnicode	u\"No, you took %s!  Let us have it back.  Pretty, pretty please?\"	
00723ae0	PascalUnicode	u\"Our hordes are massing to invade %s.  You'll see, we'll retake our territory!\"	
00723b7c	PascalUnicode	u\"%s!  The ChCh-t'll get that territory back!  We will!\"	
00723be8	PascalUnicode	u\"%s would be better off belonging to the ChCh-t.  So, we now attack you!\"	
00723c78	PascalUnicode	u\"We ChCh-t are invading %s.  Move out, or you'll die.\"	
00723ce2	PascalUnicode	u\"See the many columns of ChCh-t marching towards %s?  We're taking it over!\"	
00723d78	PascalUnicode	u\"No fair! You've built that %s in %s!  Stop doing so well!\"	
00723dec	PascalUnicode	u\"Our drones are getting nervous.  You've made a new %s in %s!\"	
00723e66	PascalUnicode	u\"We know you've built that %s in %s!  Shut it down or else!\"	
00723edc	PascalUnicode	u\"Prepare your mortuary.  We %s shall now eliminate you pathetic %s!\"	
00723f62	PascalUnicode	u\"You are an irritant to the %s strategy.  All %s shall now be removed from this world FOREVER!\"	
0072401e	PascalUnicode	u\"The %s military will immediately reduce the %s colony to smoldering ashes.  Enjoy your remaining moments of consciousness.\"	
00724114	PascalUnicode	u\"We %s only wish peace with you.  Let us now end all hostilities.\"	
00724198	PascalUnicode	u\"My advisors and I have decided to leave you be for the present.  The %s are no longer at war with you.\"	
00724266	PascalUnicode	u\"Our objectives have changed.  We %s will temporarily cease our destruction of your colony.\"	
0072431c	PascalUnicode	u\"Assist us in ridding the planet of the %s.  They have dared to assault our colony.\"	
007243c2	PascalUnicode	u\"The %s have heartlessly raided our colony.  Help us make them scream in misery!\"	
00724462	PascalUnicode	u\"The malignant %s have started a war with us.  Aid us, and together we shall put an end to any possible threat they may pose to you.\"	
0072456a	PascalUnicode	u\"Our plans are undone!  The %s may soon win unless we join together to stop them!\"	
0072460c	PascalUnicode	u\"Have no more hesitation.  You have now seen how %s persistence can undo us all.  Join us and we shall transform their colony into nothingness.\"	
0072472a	PascalUnicode	u\" The %s are too powerful!  The struggle for this planet will be over unless we all become allies against them!\"	
00724808	PascalUnicode	u\"Cyth %s resources have declined.  We are more than willing to pay you %d credits for each unit of this resource.\"	
007248ea	PascalUnicode	u\"Please consider this offer.  We need %s, and so we can pay %d credits to you in compensation for each resource unit.\"	
007249d4	PascalUnicode	u\" %s supplies are dangerously low in the Cyth colony.  We will give you %d credits for every unit of this resource you feel able to sell to us.\"	
00724af2	PascalUnicode	u\"You attacked %s.  Realize now fool, that this was of no consequence.  Our defenses in that territory are impenetrable.\"	
00724be0	PascalUnicode	u\"That active imagination has lead you astray.  You shall never control %s.\"	
00724c74	PascalUnicode	u\"Abandon your desire to take over %s.  YOU SHALL NEVER, EVER OWN IT!\"	
00724cfc	PascalUnicode	u\"Your victory in %s was foreseen.  You are foolishly pursuing all our predictions for you.\"	
00724db0	PascalUnicode	u\"We see you are celebrating your capture of %s.  You imbecile!  We Cyth have now marked you for destruction.\"	
00724e88	PascalUnicode	u\"Somber days are ahead for your colony.  Taking %s will prove to be quite a horrible mistake.\"	
00724f42	PascalUnicode	u\"%s is such a lovely territory.  Soon it shall be absorbed into the Cyth colony.\"	
00724fe2	PascalUnicode	u\"Only one gift can appease our wrath.  Give us %s and all your past infractions against us might be forgiven.\"	
007250bc	PascalUnicode	u\"%s needs the unique care that only we Cyth can give.  Let us annex this territory.\"	
00725162	PascalUnicode	u\"My scouts inform me that you have made a new %s in your %s territory.  Slow down your colony's development or you shall suffer as you have never suffered before!\"	
007252a6	PascalUnicode	u\"Our minds sense that there is a fully operating %s in %s.  This building shall one day be of much use in many Cyth experiments.\"	
007253a6	PascalUnicode	u\"Destroy that %s in %s, or your food supplies shall become poisoned!\"	
0072542e	PascalUnicode	u\"Let's make this official.  The %s military formally declare war on you %s.  All our diplomatic ties are hereby severed.\"	
0072551e	PascalUnicode	u\"I, the %s Commander, have reached a decision about you.  We will attack the %s colony until you are all gone.  Or dead.\"	
0072560e	PascalUnicode	u\"We %s colonists are going to take on you %s.  And we shall not rest until you are chased off this globe!\"	
007256e0	PascalUnicode	u\"Good news.   We %s are calling back our troops!  Our war with you is over.\"	
00725776	PascalUnicode	u\"In the interest of galactic diplomacy we %s have decided to make peace with you.  Please do the same so we can end this trying war.\"	
0072587e	PascalUnicode	u\"Okay, starting a war with you was a HUGE mistake.   We %s want to stop the fighting.  You'll want to stop fighting us as well, won't you?\"	
00725992	PascalUnicode	u\"Guess what happened now?  The %s attacked us.  How about helping us take them out?\"	
00725a38	PascalUnicode	u\"I know we haven't always gotten along but now times are very different.  The %s have started a war with us and we'd like your help.\"	
00725b40	PascalUnicode	u\"Join our war against the %s colony.  Together we can take out a large piece of them.\"	
00725bec	PascalUnicode	u\"We've all got a lot of trouble now.  The %s are about to win unless we join our forces to stop them.\"	
00725cb6	PascalUnicode	u\"I hoped you've noticed that the %s colony has almost taken over this planet.  Let's work together to slow them down!\"	
00725da0	PascalUnicode	u\"Look, we can't ignore the %s anymore.  They'll win unless we work together to get rid of them!\"	
00725e5e	PascalUnicode	u\"%s supplies are really low in our colony.   If we give you %d credits for each resource unit would you send some our way?\"	
00725f52	PascalUnicode	u\"Maybe you can help us out of a tough problem.  We're getting low on %s, and we would be willing to pay %d credits apiece for each resource unit you want to sell.\"	
00726096	PascalUnicode	u\"Are you up for some trading?  Right now we need %s, and we'll offer you %d credits per every resource unit you wish to offer us.  If that sounds good to you just ship some resources our way.\"	
00726214	PascalUnicode	u\"Are you an idiot?  There's no way you can capture %s.  No way!\"	
00726292	PascalUnicode	u\"Trying to take over %s is a really stupid strategy.  Why don't you try something else and leave us alone?\"	
00726366	PascalUnicode	u\"Were you seriously attacking %s or just doing some sort of worthless military drill?\"	
00726410	PascalUnicode	u\"Big deal, so you got %s.  We'll take it back.  Don't you worry.\"	
00726490	PascalUnicode	u\"So %s is now yours.  But don't count us out of the picture just yet.\"	
0072651a	PascalUnicode	u\"You've just witnessed a very nicely done tactical retreat.  %s will be part of the Human colony again very soon.\"	
007265fc	PascalUnicode	u\"%s.  A very nice territory that will soon be added to the Human colony.\"	
0072668c	PascalUnicode	u\"One of the best territories you have is %s.  And guess what?  We plan on taking it over.\"	
0072673e	PascalUnicode	u\"You know that territory you own, %s?  We're moving in and there is not much you can do to stop us.\"	
00726804	PascalUnicode	u\"We know you've built a new %s somewhere in %s.  Eventually we will be destroying this building.  That's a promise.\"	
007268ec	PascalUnicode	u\"Our scouts just reported that you've built a new %s in %s.  Interesting choice.  I wouldn't have put that particular building there, but hey!  That's just me, not you.\"	
00726a3c	PascalUnicode	u\"You're wasting your time building that %s.  Especially putting it in %s?   Bad idea.  Seriously, that is a very bad idea!\"	
00726b30	PascalUnicode	u\"We, the glorious %s, shall vanquish you %s!  Prepare for war!\"	
00726bac	PascalUnicode	u\"At long last will we show our renewed strength.  You now shall fight a war against the mighty %s!  There is much to fear, %s!\"	
00726ca8	PascalUnicode	u\"%s technology has become so gloriously advanced that we shall defeat you pitiful %s!  OUR WAR BEGINS!\"	
00726d74	PascalUnicode	u\"The %s army is suffering from a terrible bout of influenza.  We no longer want to fight you anymore.\"	
00726e3e	PascalUnicode	u\"You have a mighty military.  We %s respectfully ask you for peace.\"	
00726ec4	PascalUnicode	u\"This war is hurting both of our colonies.  We will withdraw our %s forces if you do the same with your troops!\"	
00726fa2	PascalUnicode	u\"Tragedy!  Tragedy!  The %s assaulted our colony!  Help us strike back at them!\"	
00727040	PascalUnicode	u\"Attacking %s have made many of our soldiers unwell.  Please strike back at them before they destroy us!\"	
00727110	PascalUnicode	u\"Our Maug colony is failing.  The %s have destroyed our research centers.  Aid in our efforts against them or we will be lost!\"	
0072720c	PascalUnicode	u\"The vile %s are taking over this planet.  Only if we combine our might will we be able to prevent them from winning!\"	
007272f6	PascalUnicode	u\"The %s are ahead of all of us.  Let's ally our forces now.  We could be a powerful threat against their might.\"	
007273d4	PascalUnicode	u\"Now my fever has really gotten high.  The %s have become too healthy.  Unless we fight them now it is all over.\"	
007274b4	PascalUnicode	u\"Maug %s supplies are dangerously low.   We will pay you %d credits for each resource unit.  Please don't refuse our offer!  Please!\"	
007275bc	PascalUnicode	u\"Our %s stockpile is ill.  How about selling us some units of this resource for %d credits apiece?\"	
00727680	PascalUnicode	u\"We Maug are interested in buying some %s.  We can pay %d credits for each resource unit you send us.\"	
0072774a	PascalUnicode	u\"Ha!  Your technologies are not mighty enough to take over %s!\"	
007277c6	PascalUnicode	u\"Our advanced defense systems in %s will easily keep your feeble forces out.\"	
0072785e	PascalUnicode	u\"The war machinery you have was easily repelled in %s.  Give up on this assault now.\"	
00727906	PascalUnicode	u\"Maug health shall rebound!  Even now we are building up our forces to retake %s!  This territory will not be lost to us!\"	
007279f8	PascalUnicode	u\"%s shall soon be a Maug territory again!\"	
00727a4a	PascalUnicode	u\"Our scientists are drawing up designs that will eliminate all your military advantages!  %s cannot remain yours forever.\"	
00727b3c	PascalUnicode	u\"The glorious Maug colony shall now take over %s.  Flee this territory now before our forces make your colonists need a hospital!\"	
00727c3e	PascalUnicode	u\"There is a territory of yours that we need for our success.  %s.  Evacuate it now!\"	
00727ce4	PascalUnicode	u\"We will now practice our advanced weaponry in one of your territories.  %s is a perfect location to do these highly glorious tests.\"	
00727dec	PascalUnicode	u\"Many congratulations to you.  Your healthy colony has built a working %s in %s.  Never mind how we found out about this....\"	
00727ee4	PascalUnicode	u\"You mean all you can build is that unglorious %s?  And in, of all places, %s?  You are really falling behind economically, aren't you?\"	
00727ff2	PascalUnicode	u\"So.  You've built a new %s.  My sources even tell me you built it in %s!  Are you sure that was a wise plan?  Your choice of location is not very glorious.\"	
0072812a	PascalUnicode	u\"We %s have arrived at a simple solution for dealing with you %s.  Unfortunately it involves your death and the total destruction of your colony.\"	
0072824c	PascalUnicode	u\"The %s shall now wage a devastating war against you %s.  Alas, we wish we could feel pity for your upcoming plight.  But strangely we cannot.\"	
00728368	PascalUnicode	u\"A delightful war against the %s is in your immediate future.   Be so kind as to lose, dear %s.\"	
00728428	PascalUnicode	u\"We %s would like to abandon our little war with you.  We hope that you will agree wholeheartedly and stop all warfare against us.\"	
0072852c	PascalUnicode	u\"This war has been most embarrassing to us %s.  We humbly suggest that we end this worthless conflict before it is too late.\"	
00728624	PascalUnicode	u\"Perhaps we could cease this foolish war?  Would it not be more advantageous for you to have us %s as your blissful allies?\"	
0072871a	PascalUnicode	u\"The %s military has tried to violate our colony's sovereignty.  Aid us in our upcoming campaign against these foes.\"	
00728802	PascalUnicode	u\"Let us not waste effort on idle words, hopeful ally.  We wish to force the %s colonists off the planet, and we ask you to assist us in this joyful endeavor.\"	
0072893c	PascalUnicode	u\"We ask that you become our allies as we launch an assault on the %s colony.  They have engaged in much violence against us and we, of course, are very serious about preventing them from harming us.\"	
00728ac8	PascalUnicode	u\"How dare you ignore the %s brigands any longer?  They may soon take over this planet unless we all come together to alleviate their threat!\"	
00728be0	PascalUnicode	u\"There can be no more questions about them.  We must all wear down these malignant %s marauders or they shall be the undoing of all our colonies!\"	
00728d02	PascalUnicode	u\"How did those insipid %s buffoons even begin to get ahead of our colonies?  Come, dear friend, let us form a alliance against these most ridiculous upstarts!\"	
00728e3e	PascalUnicode	u\"%s is a commodity we are regrettably short on.  Would you be so kind as to sell each unit of this resource for %d credits?  This price is beyond fair, but as you know we Re'Lu live to be generous.\"	
00728fc8	PascalUnicode	u\"Seriously consider the following generous proposal.  Our colony needs %s, and we would be more than willing to pay %d credits for each unit of this resource.\"	
00729104	PascalUnicode	u\"The Re'Lu colony is experiencing a terrible shortage.  A boost in our %s supply is needed.  We will compensate you handsomely with our offer of %d credits for each dab of this resource that you wish to sell us.\"	
007292aa	PascalUnicode	u\"Come now, dear enemy.  %s is too well defended.  There certainly must be a more creative way to kill off your colonists, isn't there?\"	
007293b6	PascalUnicode	u\"I hope you do not believe you can overrun %s?  If you seriously believe that you can take this territory, you are easily one of the biggest idiots that has landed on this planet.\"	
0072951c	PascalUnicode	u\"The territory that you just attacked, %s, will never become yours.  Kindly restrain yourself from performing such self defeating acts of futility.\"	
00729642	PascalUnicode	u\"So you have finally captured %s!  Many congratulations.  Sadly you shall soon lose what you fought so hard to gain.  We will recapture it soon.\"	
00729764	PascalUnicode	u\"Relish your victory in %s, because you will not have long to enjoy it.  Preparations are being made to undermine your colonists' trust in you.\"	
00729882	PascalUnicode	u\"We did not need %s anyway.  It is the worst territory in our colony.  We are glad you have taken over that liability.\"	
0072996e	PascalUnicode	u\"%s is such a delightful morsel of a territory.  It shall be such an utter joy to add it to the burgeoning Re'Lu colony.\"	
00729a5e	PascalUnicode	u\"Your resources seem stretched a bit too far.  Perhaps if we take over %s we can help boost your weakening economy.\"	
00729b44	PascalUnicode	u\"We Re'Lu shall now take permanent residence at %s.  Kindly remove all your colonists from there before we do something painful to them.\"	
00729c54	PascalUnicode	u\"So you have built a new %s in your %s territory.  Most decidedly impressive.\"	
00729cee	PascalUnicode	u\"A secret about you was just revealed by our scouts.  You have put a new %s in that territory of yours, let's see, called %s.  What joy you must feel.\"	
00729e1a	PascalUnicode	u\"There is completed %s in one of your territories, I believe it is in %s.  Be so accommodating as to shut it down.\"	
00729efe	PascalUnicode	u\"Us %s smash you %s up for good!  CHARGE!\"	
00729f50	PascalUnicode	u\"%s think it funny you puny %s things are still here!  So us now all set on kicking you off the planet.\"	
0072a01e	PascalUnicode	u\"Us start big war with you!  %s warriors are going to smash apart %s colony.  Ha, ha!\"	
0072a0c8	PascalUnicode	u\"You pretty good fighter.  Us %s are humbled.  Let's stop our battles before somebody else invades our colonies.\"	
0072a1a8	PascalUnicode	u\"Us %s too tired to smash you up right now.  Maybe us fight later, huh?\"	
0072a236	PascalUnicode	u\"%s hungry, us not want war with you.  Soldiers need to go back to farms.\"	
0072a2c8	PascalUnicode	u\"The %s cause Tarth big big trouble.  Maybe us could burn their colony down together?\"	
0072a372	PascalUnicode	u\"Tarth colony just got raided!  Come pound weakling %s with us!\"	
0072a3f0	PascalUnicode	u\"Us Tarth not in good way.   %s just attacked us, so Tarth really badly need your help.\"	
0072a49e	PascalUnicode	u\"The %s got huge bad colony!  How about our armies work together to bust up their city centers?\"	
0072a55c	PascalUnicode	u\"Puny %s got colony that could take over planet.  All us need to whittle them down together!  Then they won't be threat to anybody.\"	
0072a662	PascalUnicode	u\"See what's going on?  The %s might win if us don't tear down some of their buildings!\"	
0072a70e	PascalUnicode	u\"%s supplies in Tarth colony pretty low.  Us pay %d credits for each resource unit of them.\"	
0072a7c4	PascalUnicode	u\"Got problem maybe you can solve.  Tarth %s supply almost gone, and us would pay big money, %d credits each unit, to get these resources.\"	
0072a8d6	PascalUnicode	u\"Tarth got great deal for you.  Us will buy %s for %d credits each resource unit!  What do you say, pretty good deal, huh?\"	
0072a9ca	PascalUnicode	u\"You try to take %s over?  That's a big laugh, very big laugh.  HA!  HA!  HA!  HA!  HA!  HA!  HA!  HA!  HA!  HA!  Funny, funny!\"	
0072aac8	PascalUnicode	u\"%s is Tarth territory.  Leave that place be or us'll break a few of your bones.  Understand weakling?\"	
0072ab94	PascalUnicode	u\"It was stupid plan to invade %s.  Us stopped you real easy.\"	
0072ac0c	PascalUnicode	u\"How did you weaklings conquer %s?  Us Tarth really mad now!\"	
0072ac84	PascalUnicode	u\"You make big mistake in %s!  Your colony will soon get hurt bad!\"	
0072ad06	PascalUnicode	u\"So you think you smart, huh?  Well, Tarth will get back %s, then us will see who's smart!\"	
0072adba	PascalUnicode	u\"Tarth soldiers real bored.  They take you on in %s so they won't have too many naps.\"	
0072ae64	PascalUnicode	u\"Us are raiding %s!  Leave while you still don't bleed!\"	
0072aed2	PascalUnicode	u\"You better defend %s or us will take it over for good.\"	
0072af40	PascalUnicode	u\"You don't need those %s.  They don't like you anyway.  They told us so.  Come help us instead!\"	
0072affe	PascalUnicode	u\"Why not break off your alliance with the %s and ally with the Ch'Cht?  At least we have an exoskeleton!\"	
0072b0ce	PascalUnicode	u\"You don't want to work with the %s.  You should see what happened to their last ally.  Do yourself a favor and ally with us now!\"	
0072b1d0	PascalUnicode	u\"Us got spy in your colony!  Tarth know you build new %s in %s!  Too bad us soon attack you to tear it down.\"	
0072b2a8	PascalUnicode	u\"Tarth get intelligence from top secret source.  You made a big %s in %s!  Us don't like that very much.\"	
0072b378	PascalUnicode	u\"How you able to build a new %s in %s?  Us Tarth better bust that up pretty soon.\"	
0072b41a	PascalUnicode	u\"The %s Revolution is succeeding beyond all hopes.  Next you defiling %s vermin shall be eliminated!\"	
0072b4e2	PascalUnicode	u\" %s spies have found out all about your wasteful practices.  You shall now be destroyed, %s!\"	
0072b59c	PascalUnicode	u\"You now will have a war with us, the %s!   Death is near, %s!  You are no longer allowed to desecrate this beautiful world!\"	
0072b694	PascalUnicode	u\"The %s Revolution shall spare your colony for now.  We have called back our guerrillas.\"	
0072b744	PascalUnicode	u\"Now that you have felt the power of the %s we shall leave you alone.  Annoy us again, and we promise that we shall no longer be this lenient.\"	
0072b860	PascalUnicode	u\"You are much more resourceful than we thought.  We %s wish to end all hostilities against you.  We trust you'll accept this peace offering.\"	
0072b978	PascalUnicode	u\"Defiling %s polluters have harmed the Uva Mosk colony.  Attack them now so that we may wipe out their menace to this world!\"	
0072ba70	PascalUnicode	u\"Many horrible atrocities have been done to us by the %s colony.  Join our campaign against them!\"	
0072bb32	PascalUnicode	u\"Our gardens have been burnt down by raiding %s warriors!  Help us fend them off and we shall leave your colony alone for a considerable period of time.\"	
0072bc62	PascalUnicode	u\"Let us forget our differences, comrade, and take on the %s threat together.  Otherwise they shall be victorious!\"	
0072bd44	PascalUnicode	u\"We cannot sit by idle while the %s spoilers solidify their claim on the planet.  Add your military to ours and we shall destroy their massive colony!\"	
0072be70	PascalUnicode	u\" The %s colony can only be stopped if you join the Uva Mosk Revolution!  Otherwise we will all fail.\"	
0072bf3a	PascalUnicode	u\"The Uva Mosk Revolution needs your aid.  We request that you give us some %s.  We offer to pay you %d credits for each resource unit.\"	
0072c046	PascalUnicode	u\"Our production has unfortunately slowed way down.  We need %s, and we can give %d credits each for whatever amount of this resource you can spare.\"	
0072c16c	PascalUnicode	u\" %s supplies have become way too scarce in our colony.  We Uva Mosk are willing to pay you %d credits for each resource unit.\"	
0072c268	PascalUnicode	u\"The Uva Mosk will never allow you to control %s.  Ever!\"	
0072c2d8	PascalUnicode	u\"%s has helped us drive you off its soil.  Our victory should finally prove to you the wisdom of our ways.\"	
0072c3ac	PascalUnicode	u\"This a warning, defiler.  Desist in your attacks on %s or face Uva Mosk wrath.\"	
0072c44a	PascalUnicode	u\"Our main efforts were being carried out elsewhere when you captured %s!  Our cause shall now be devoted to recapturing this territory.  This violation of our colony cannot go unanswered!\"	
0072c5c0	PascalUnicode	u\"You have made a terrible mistake, my enemy, capturing %s.  Even now our infantry has secretly crept past your defenses.  On my command they shall reveal themselves and strike you down.\"	
0072c732	PascalUnicode	u\"Marauding spoiler!  End your occupation of %s immediately!\"	
0072c7a8	PascalUnicode	u\"%s is being destroyed by your mismanagement.  Prepare to hand this territory over to our care.\"	
0072c866	PascalUnicode	u\"Your tyranny ends today in %s.  We shall make this territory part of the Uva Mosk Revolution!\"	
0072c922	PascalUnicode	u\"We officially declare that %s is part of the Uva Mosk colony.  It shall belong to us soon.\"	
0072c9d8	PascalUnicode	u\"Uva Mosk troops just watched you build a new %s.  %s has no need for such a structure.  We cannot stand your wasteful planning.  Tear it down now.\"	
0072cafe	PascalUnicode	u\"My many spies tell me that a new %s is on-line in %s.  This impressive territory shall now become the recipient of our devotion.  Prepare for your defeat.\"	
0072cc34	PascalUnicode	u\"Building that wasteful %s in %s has caused a terrible drain on your resources.  Our cause shall take advantage of this weakness!\"	
0072cd36	PascalUnicode	u\"The allies of the Cyth will be raised up.  The allies of the %s will be laid low.\"	
0072cdda	PascalUnicode	u\"You have placed your hopes in a fragile vessel.  Break off your alliance with the %s and join the Cyth before it is too late.\"	
0072ced6	PascalUnicode	u\"Put aside your paltry allegiance to the %s.  The Cyth remember their allies well.  Ask anyone.\"	
0072cf94	PascalUnicode	u\"We'll be taking the %s down very soon.  You don't want to be allied with them when that happens.  Join with us instead.\"	
0072d084	PascalUnicode	u\"You're either for us or against us.  Trust me, you would rather be for us.  So break off your ties with the %s now.\"	
0072d16c	PascalUnicode	u\"Why are you working with the %s when you could be working with us?\"	
0072d1f2	PascalUnicode	u\"It is unfair for the strong to collude against the weak.  Break off with the %s and help those less fortunate.  Namely, us.\"	
0072d2ea	PascalUnicode	u\"Maug technology would serve you far better than %s duplicity.\"	
0072d366	PascalUnicode	u\"Forget the %s and ally with the Maug.  We're healthier than we look.\"	
0072d3f0	PascalUnicode	u\"You are unwise to align yourselves with those scurrilous %s.  You should seek an alliance with your betters.  That would be us.\"	
0072d4f0	PascalUnicode	u\"The Re'lu can see where others are blind.  Forget the %s and let us be your eyes.\"	
0072d594	PascalUnicode	u\"Those %s are a bad influence.  Let us look after you instead.\"	
0072d610	PascalUnicode	u\"Tarth know you working with %s.  They stinky.  You make friends with us instead.\"	
0072d6b2	PascalUnicode	u\"Why you like %s?  Us stronger AND smarter too.  That three reasons right there to help Tarth instead.\"	
0072d77e	PascalUnicode	u\"Us decided you come ally with Tarth now.  So tell %s to go away.\"	
0072d800	PascalUnicode	u\"Forget the %s, comrade.  Let us show you the Way.\"	
0072d864	PascalUnicode	u\"Everything the %s touch withers and dies.  Join with the Uva Mosk and your colony will know great bounty.\"	
0072d938	PascalUnicode	u\"Sooner or later our glorious Revolution will liberate you.  But sooner is better.  So break off your alliance with the %s and join us now.\"	
0072da4e	PascalUnicode	u\"\"	
0072da50	PascalUnicode	u\"\"	
0072da52	PascalUnicode	u\"\"	
0072da54	PascalUnicode	u\"\"	
0072da56	PascalUnicode	u\"\"	
0072da58	PascalUnicode	u\"\"	
0072da5a	PascalUnicode	u\"\"	
0072da5c	PascalUnicode	u\"\"	
0072da5e	PascalUnicode	u\"\"	
0072da60	PascalUnicode	u\"\"	
0072da62	PascalUnicode	u\"\"	
0072da64	PascalUnicode	u\"\"	
0072da66	PascalUnicode	u\"\"	
0072da68	PascalUnicode	u\"\"	
0072da6a	PascalUnicode	u\"\"	
0072da6c	PascalUnicode	u\"\"	
0072da6e	PascalUnicode	u\"\"	
0072da70	PascalUnicode	u\"\"	
0072da72	PascalUnicode	u\"\"	
0072da74	PascalUnicode	u\"\"	
0072da76	PascalUnicode	u\"\"	
0072da78	PascalUnicode	u\"Come to %s, quickly! Our shrine is yours, so that your victory can be ours.\"	
0072db10	PascalUnicode	u\"Hurry! We can both win! Send your drones to %s. When you arrive, we’ll surrender that shrine to you.\"	
0072dbda	PascalUnicode	u\"We’re so close! Sharing shrines is the only way we can both win. Take ours, in %s!\"	
0072dc80	PascalUnicode	u\"\"	
0072dc82	PascalUnicode	u\"\"	
0072dc84	PascalUnicode	u\"\"	
0072dc86	PascalUnicode	u\"\"	
0072dc88	PascalUnicode	u\"\"	
0072dc8c	PascalUnicode	u\"\"	
0072dc8e	PascalUnicode	u\"\"	
0072dc90	PascalUnicode	u\"\"	
0072dc92	PascalUnicode	u\"\"	
0072dc94	PascalUnicode	u\"\"	
0072dc96	PascalUnicode	u\"\"	
0072dc98	PascalUnicode	u\"\"	
0072dc9a	PascalUnicode	u\"\"	
0072dc9c	PascalUnicode	u\"\"	
0072dc9e	PascalUnicode	u\"Relieve of us of this ancient burden. Take the shrine in %s from us and mold it into our shared victory.\"	
0072dd70	PascalUnicode	u\"Use your small mind to visualize our mutual domination of this world. Then send your small army to the %s shrine. It is yours.\"	
0072de6e	PascalUnicode	u\"Jealously guarding our shrines leads only to futility. We offer our shrine holding in % for our mutual victory. Take it.\"	
0072df60	PascalUnicode	u\"We’re so close to winning! Send your troops to the shrine in %s. We’ll gladly hand it over so we can both claim success.\"	
0072e052	PascalUnicode	u\"Look, there’s only enough shrines for one of us to claim victory. Take ours in %. If you win, we win.\"	
0072e11e	PascalUnicode	u\"Don’t you see how close we are to winning? Send some units to the shrine in %. We’ll gladly let you have it so we can both celebrate victory.\"	
0072e23a	PascalUnicode	u\"Our agonies pale under the blinding light of imminent victory. Come to %s now, so that we may give you the shrine held there.\"	
0072e338	PascalUnicode	u\"We can not win unless one of us chooses to lend their shrines to the other. We selfless Maug are prepared to make that sacrifice. Meet us in %s.\"	
0072e45a	PascalUnicode	u\"We must insure the health of our alliance! To that end, we volunteer our shrine in %s to you, so that we might both be victorious.\"	
0072e560	PascalUnicode	u\"We offer you our shrine in %s so that you may fashion it into a dazzling victory for us both.\"	
0072e61c	PascalUnicode	u\"We wish to contribute the % shrine to our united victory. Would you be so kind as to send some troops to claim this disputed nugget?\"	
0072e726	PascalUnicode	u\"We tire of the all-too-frequent routines of victory. Please relieve us of the shrine in % so that we may claim this world and move on.\"	
0072e834	PascalUnicode	u\"Hey! Us got shrine you need in %s. Take it and win! Just make sure us get credit, too.\"	
0072e8e2	PascalUnicode	u\"You got shrines. Us got shrines. But you and us don’t got enough to win! Take the Tarth shrine in %s. This prove that us the best friends you’ll ever have!\"	
0072ea1a	PascalUnicode	u\"Hey, little alien friend. Go over to %s. Us got a shrine for you!\"	
0072ea9e	PascalUnicode	u\"This planet is poised to rejoice in our victory. Let our troops meet in %s so that the Uva Mosk may surrender that shrine, to our mutual benefit.\"	
0072ebc2	PascalUnicode	u\"We have only one path to victory, Commrade.  We offer you our shrine in %s. Take it and make a shining victory for The Revolution.\"	
0072ecc8	PascalUnicode	u\"If you are serious about our alliance, go to %s now! We have a shrine there that will help you attain our victory.\"	
0072edae	PascalUnicode	u\"\"	
0072edb0	PascalUnicode	u\"\"	
0072edb2	PascalUnicode	u\"\"	
0072edb4	PascalUnicode	u\"\"	
0072edb6	PascalUnicode	u\"\"	
0072ef1a	TerminatedUnicode	u\"StringFileInfo\"	
0072ef3e	TerminatedUnicode	u\"040904E4\"	
0072ef56	TerminatedUnicode	u\"CompanyName\"	
0072ef70	TerminatedUnicode	u\"Accolade, Inc.\"	
0072ef96	TerminatedUnicode	u\"FileDescription\"	
0072efb8	TerminatedUnicode	u\"Deadlock 2 Developed by Cyberlore Studios, Inc.\"	
0072f01e	TerminatedUnicode	u\"FileVersion\"	
0072f038	TerminatedUnicode	u\"1.20\"	
0072f04a	TerminatedUnicode	u\"InternalName\"	
0072f064	TerminatedUnicode	u\"Deadlock2\"	
0072f07e	TerminatedUnicode	u\"LegalCopyright\"	
0072f09c	TerminatedUnicode	u\"TM & Copyright © 1997, Accolade, Inc.  All rights reserved.\"	
0072f11e	TerminatedUnicode	u\"OriginalFilename\"	
0072f140	TerminatedUnicode	u\"Deadlock2.exe\"	
0072f162	TerminatedUnicode	u\"VarFileInfo\"	
0072f182	TerminatedUnicode	u\"Translation\"	
